Analysis & Synthesis report for DE1_SoC_CAMERA
Sat Mar 21 17:14:57 2026
Quartus Prime Version 25.1std.0 Build 1129 10/21/2025 SC Lite Edition


---------------------
; Table of Contents ;
---------------------
  1. Legal Notice
  2. Analysis & Synthesis Summary
  3. Analysis & Synthesis Settings
  4. Parallel Compilation
  5. Analysis & Synthesis Source Files Read
  6. Analysis & Synthesis Resource Usage Summary
  7. Analysis & Synthesis Resource Utilization by Entity
  8. Analysis & Synthesis RAM Summary
  9. Analysis & Synthesis IP Cores Summary
 10. State Machine - |DE1_SoC_CAMERA|snake_wrapper:u_game|snake_top:u_snake_top|icmp_ln157_reg_1386
 11. State Machine - |DE1_SoC_CAMERA|snake_wrapper:u_game|snake_top:u_snake_top|st_frame_count_flag_1_reg_431
 12. State Machine - |DE1_SoC_CAMERA|snake_wrapper:u_game|snake_top:u_snake_top|st_frame_count_flag_0_reg_328
 13. State Machine - |DE1_SoC_CAMERA|snake_wrapper:u_game|snake_top:u_snake_top|st_direction_loc_1_reg_300
 14. State Machine - |DE1_SoC_CAMERA|snake_wrapper:u_game|snake_top:u_snake_top|st_direction
 15. State Machine - |DE1_SoC_CAMERA|snake_wrapper:u_game|snake_top:u_snake_top|snake_top_snake_top_Pipeline_VITIS_LOOP_214_5:grp_snake_top_Pipeline_VITIS_LOOP_214_5_fu_521|icmp_ln215_reg_153
 16. State Machine - |DE1_SoC_CAMERA|I2C_CCD_Config:u8|mSetup_ST
 17. Registers Protected by Synthesis
 18. Registers Removed During Synthesis
 19. Removed Registers Triggering Further Register Optimizations
 20. General Register Statistics
 21. Inverted Register Statistics
 22. Registers Packed Into Inferred Megafunctions
 23. Multiplexer Restructuring Statistics (Restructuring Performed)
 24. Source assignments for RAW2RGB:u4|Line_Buffer1:u0|altshift_taps:ALTSHIFT_TAPS_component|shift_taps_lv51:auto_generated|altsyncram_jug1:altsyncram2
 25. Source assignments for Sdram_Control:u7|Sdram_WR_FIFO:u_write1_fifo|dcfifo_mixed_widths:dcfifo_mixed_widths_component|dcfifo_ngp1:auto_generated
 26. Source assignments for Sdram_Control:u7|Sdram_WR_FIFO:u_write1_fifo|dcfifo_mixed_widths:dcfifo_mixed_widths_component|dcfifo_ngp1:auto_generated|a_graycounter_nv6:rdptr_g1p
 27. Source assignments for Sdram_Control:u7|Sdram_WR_FIFO:u_write1_fifo|dcfifo_mixed_widths:dcfifo_mixed_widths_component|dcfifo_ngp1:auto_generated|a_graycounter_jdc:wrptr_g1p
 28. Source assignments for Sdram_Control:u7|Sdram_WR_FIFO:u_write1_fifo|dcfifo_mixed_widths:dcfifo_mixed_widths_component|dcfifo_ngp1:auto_generated|altsyncram_86d1:fifo_ram
 29. Source assignments for Sdram_Control:u7|Sdram_WR_FIFO:u_write1_fifo|dcfifo_mixed_widths:dcfifo_mixed_widths_component|dcfifo_ngp1:auto_generated|dffpipe_oe9:rs_brp
 30. Source assignments for Sdram_Control:u7|Sdram_WR_FIFO:u_write1_fifo|dcfifo_mixed_widths:dcfifo_mixed_widths_component|dcfifo_ngp1:auto_generated|dffpipe_oe9:rs_bwp
 31. Source assignments for Sdram_Control:u7|Sdram_WR_FIFO:u_write1_fifo|dcfifo_mixed_widths:dcfifo_mixed_widths_component|dcfifo_ngp1:auto_generated|alt_synch_pipe_8pl:rs_dgwp
 32. Source assignments for Sdram_Control:u7|Sdram_WR_FIFO:u_write1_fifo|dcfifo_mixed_widths:dcfifo_mixed_widths_component|dcfifo_ngp1:auto_generated|alt_synch_pipe_8pl:rs_dgwp|dffpipe_pe9:dffpipe13
 33. Source assignments for Sdram_Control:u7|Sdram_WR_FIFO:u_write1_fifo|dcfifo_mixed_widths:dcfifo_mixed_widths_component|dcfifo_ngp1:auto_generated|alt_synch_pipe_9pl:ws_dgrp
 34. Source assignments for Sdram_Control:u7|Sdram_WR_FIFO:u_write1_fifo|dcfifo_mixed_widths:dcfifo_mixed_widths_component|dcfifo_ngp1:auto_generated|alt_synch_pipe_9pl:ws_dgrp|dffpipe_qe9:dffpipe16
 35. Source assignments for Sdram_Control:u7|Sdram_WR_FIFO:u_write2_fifo|dcfifo_mixed_widths:dcfifo_mixed_widths_component|dcfifo_ngp1:auto_generated
 36. Source assignments for Sdram_Control:u7|Sdram_WR_FIFO:u_write2_fifo|dcfifo_mixed_widths:dcfifo_mixed_widths_component|dcfifo_ngp1:auto_generated|a_graycounter_nv6:rdptr_g1p
 37. Source assignments for Sdram_Control:u7|Sdram_WR_FIFO:u_write2_fifo|dcfifo_mixed_widths:dcfifo_mixed_widths_component|dcfifo_ngp1:auto_generated|a_graycounter_jdc:wrptr_g1p
 38. Source assignments for Sdram_Control:u7|Sdram_WR_FIFO:u_write2_fifo|dcfifo_mixed_widths:dcfifo_mixed_widths_component|dcfifo_ngp1:auto_generated|altsyncram_86d1:fifo_ram
 39. Source assignments for Sdram_Control:u7|Sdram_WR_FIFO:u_write2_fifo|dcfifo_mixed_widths:dcfifo_mixed_widths_component|dcfifo_ngp1:auto_generated|dffpipe_oe9:rs_brp
 40. Source assignments for Sdram_Control:u7|Sdram_WR_FIFO:u_write2_fifo|dcfifo_mixed_widths:dcfifo_mixed_widths_component|dcfifo_ngp1:auto_generated|dffpipe_oe9:rs_bwp
 41. Source assignments for Sdram_Control:u7|Sdram_WR_FIFO:u_write2_fifo|dcfifo_mixed_widths:dcfifo_mixed_widths_component|dcfifo_ngp1:auto_generated|alt_synch_pipe_8pl:rs_dgwp
 42. Source assignments for Sdram_Control:u7|Sdram_WR_FIFO:u_write2_fifo|dcfifo_mixed_widths:dcfifo_mixed_widths_component|dcfifo_ngp1:auto_generated|alt_synch_pipe_8pl:rs_dgwp|dffpipe_pe9:dffpipe13
 43. Source assignments for Sdram_Control:u7|Sdram_WR_FIFO:u_write2_fifo|dcfifo_mixed_widths:dcfifo_mixed_widths_component|dcfifo_ngp1:auto_generated|alt_synch_pipe_9pl:ws_dgrp
 44. Source assignments for Sdram_Control:u7|Sdram_WR_FIFO:u_write2_fifo|dcfifo_mixed_widths:dcfifo_mixed_widths_component|dcfifo_ngp1:auto_generated|alt_synch_pipe_9pl:ws_dgrp|dffpipe_qe9:dffpipe16
 45. Source assignments for Sdram_Control:u7|Sdram_RD_FIFO:u_read1_fifo|dcfifo_mixed_widths:dcfifo_mixed_widths_component|dcfifo_ahp1:auto_generated
 46. Source assignments for Sdram_Control:u7|Sdram_RD_FIFO:u_read1_fifo|dcfifo_mixed_widths:dcfifo_mixed_widths_component|dcfifo_ahp1:auto_generated|a_graycounter_nv6:rdptr_g1p
 47. Source assignments for Sdram_Control:u7|Sdram_RD_FIFO:u_read1_fifo|dcfifo_mixed_widths:dcfifo_mixed_widths_component|dcfifo_ahp1:auto_generated|a_graycounter_jdc:wrptr_g1p
 48. Source assignments for Sdram_Control:u7|Sdram_RD_FIFO:u_read1_fifo|dcfifo_mixed_widths:dcfifo_mixed_widths_component|dcfifo_ahp1:auto_generated|altsyncram_86d1:fifo_ram
 49. Source assignments for Sdram_Control:u7|Sdram_RD_FIFO:u_read1_fifo|dcfifo_mixed_widths:dcfifo_mixed_widths_component|dcfifo_ahp1:auto_generated|alt_synch_pipe_apl:rs_dgwp
 50. Source assignments for Sdram_Control:u7|Sdram_RD_FIFO:u_read1_fifo|dcfifo_mixed_widths:dcfifo_mixed_widths_component|dcfifo_ahp1:auto_generated|alt_synch_pipe_apl:rs_dgwp|dffpipe_re9:dffpipe5
 51. Source assignments for Sdram_Control:u7|Sdram_RD_FIFO:u_read1_fifo|dcfifo_mixed_widths:dcfifo_mixed_widths_component|dcfifo_ahp1:auto_generated|dffpipe_oe9:ws_brp
 52. Source assignments for Sdram_Control:u7|Sdram_RD_FIFO:u_read1_fifo|dcfifo_mixed_widths:dcfifo_mixed_widths_component|dcfifo_ahp1:auto_generated|dffpipe_oe9:ws_bwp
 53. Source assignments for Sdram_Control:u7|Sdram_RD_FIFO:u_read1_fifo|dcfifo_mixed_widths:dcfifo_mixed_widths_component|dcfifo_ahp1:auto_generated|alt_synch_pipe_bpl:ws_dgrp
 54. Source assignments for Sdram_Control:u7|Sdram_RD_FIFO:u_read1_fifo|dcfifo_mixed_widths:dcfifo_mixed_widths_component|dcfifo_ahp1:auto_generated|alt_synch_pipe_bpl:ws_dgrp|dffpipe_se9:dffpipe8
 55. Source assignments for Sdram_Control:u7|Sdram_RD_FIFO:u_read2_fifo|dcfifo_mixed_widths:dcfifo_mixed_widths_component|dcfifo_ahp1:auto_generated
 56. Source assignments for Sdram_Control:u7|Sdram_RD_FIFO:u_read2_fifo|dcfifo_mixed_widths:dcfifo_mixed_widths_component|dcfifo_ahp1:auto_generated|a_graycounter_nv6:rdptr_g1p
 57. Source assignments for Sdram_Control:u7|Sdram_RD_FIFO:u_read2_fifo|dcfifo_mixed_widths:dcfifo_mixed_widths_component|dcfifo_ahp1:auto_generated|a_graycounter_jdc:wrptr_g1p
 58. Source assignments for Sdram_Control:u7|Sdram_RD_FIFO:u_read2_fifo|dcfifo_mixed_widths:dcfifo_mixed_widths_component|dcfifo_ahp1:auto_generated|altsyncram_86d1:fifo_ram
 59. Source assignments for Sdram_Control:u7|Sdram_RD_FIFO:u_read2_fifo|dcfifo_mixed_widths:dcfifo_mixed_widths_component|dcfifo_ahp1:auto_generated|alt_synch_pipe_apl:rs_dgwp
 60. Source assignments for Sdram_Control:u7|Sdram_RD_FIFO:u_read2_fifo|dcfifo_mixed_widths:dcfifo_mixed_widths_component|dcfifo_ahp1:auto_generated|alt_synch_pipe_apl:rs_dgwp|dffpipe_re9:dffpipe5
 61. Source assignments for Sdram_Control:u7|Sdram_RD_FIFO:u_read2_fifo|dcfifo_mixed_widths:dcfifo_mixed_widths_component|dcfifo_ahp1:auto_generated|dffpipe_oe9:ws_brp
 62. Source assignments for Sdram_Control:u7|Sdram_RD_FIFO:u_read2_fifo|dcfifo_mixed_widths:dcfifo_mixed_widths_component|dcfifo_ahp1:auto_generated|dffpipe_oe9:ws_bwp
 63. Source assignments for Sdram_Control:u7|Sdram_RD_FIFO:u_read2_fifo|dcfifo_mixed_widths:dcfifo_mixed_widths_component|dcfifo_ahp1:auto_generated|alt_synch_pipe_bpl:ws_dgrp
 64. Source assignments for Sdram_Control:u7|Sdram_RD_FIFO:u_read2_fifo|dcfifo_mixed_widths:dcfifo_mixed_widths_component|dcfifo_ahp1:auto_generated|alt_synch_pipe_bpl:ws_dgrp|dffpipe_se9:dffpipe8
 65. Source assignments for snake_wrapper:u_game|snake_top:u_snake_top|snake_top_st_body_row_RAM_AUTO_1R1W:st_body_row_U|altsyncram:ram_rtl_0|altsyncram_bt12:auto_generated
 66. Source assignments for snake_wrapper:u_game|snake_top:u_snake_top|snake_top_st_body_row_RAM_AUTO_1R1W:st_body_row_U|altsyncram:ram_rtl_1|altsyncram_bt12:auto_generated
 67. Source assignments for snake_wrapper:u_game|snake_top:u_snake_top|snake_top_st_body_col_RAM_AUTO_1R1W:st_body_col_U|altsyncram:ram_rtl_0|altsyncram_h222:auto_generated
 68. Source assignments for snake_wrapper:u_game|snake_top:u_snake_top|snake_top_st_body_col_RAM_AUTO_1R1W:st_body_col_U|altsyncram:ram_rtl_1|altsyncram_h222:auto_generated
 69. Source assignments for snake_wrapper:u_game|snake_top:u_snake_top|snake_top_grid_RAM_AUTO_1R1W:grid_U|altsyncram:ram_rtl_0|altsyncram_2f12:auto_generated
 70. Parameter Settings for User Entity Instance: CCD_Capture:u3
 71. Parameter Settings for User Entity Instance: RAW2RGB:u4|Line_Buffer1:u0|altshift_taps:ALTSHIFT_TAPS_component
 72. Parameter Settings for User Entity Instance: sdram_pll:u6|sdram_pll_0002:sdram_pll_inst|altera_pll:altera_pll_i
 73. Parameter Settings for User Entity Instance: Sdram_Control:u7
 74. Parameter Settings for User Entity Instance: Sdram_Control:u7|control_interface:u_control_interface
 75. Parameter Settings for User Entity Instance: Sdram_Control:u7|command:u_command
 76. Parameter Settings for User Entity Instance: Sdram_Control:u7|sdr_data_path:u_sdr_data_path
 77. Parameter Settings for User Entity Instance: Sdram_Control:u7|Sdram_WR_FIFO:u_write1_fifo|dcfifo_mixed_widths:dcfifo_mixed_widths_component
 78. Parameter Settings for User Entity Instance: Sdram_Control:u7|Sdram_WR_FIFO:u_write2_fifo|dcfifo_mixed_widths:dcfifo_mixed_widths_component
 79. Parameter Settings for User Entity Instance: Sdram_Control:u7|Sdram_RD_FIFO:u_read1_fifo|dcfifo_mixed_widths:dcfifo_mixed_widths_component
 80. Parameter Settings for User Entity Instance: Sdram_Control:u7|Sdram_RD_FIFO:u_read2_fifo|dcfifo_mixed_widths:dcfifo_mixed_widths_component
 81. Parameter Settings for User Entity Instance: I2C_CCD_Config:u8
 82. Parameter Settings for User Entity Instance: VGA_Controller:u1
 83. Parameter Settings for User Entity Instance: color_detect:u_detect
 84. Parameter Settings for User Entity Instance: overlay:u_overlay
 85. Parameter Settings for User Entity Instance: snake_wrapper:u_game|snake_top:u_snake_top
 86. Parameter Settings for User Entity Instance: snake_wrapper:u_game|snake_top:u_snake_top|snake_top_grid_RAM_AUTO_1R1W:grid_U
 87. Parameter Settings for User Entity Instance: snake_wrapper:u_game|snake_top:u_snake_top|snake_top_st_body_col_RAM_AUTO_1R1W:st_body_col_U
 88. Parameter Settings for User Entity Instance: snake_wrapper:u_game|snake_top:u_snake_top|snake_top_st_body_row_RAM_AUTO_1R1W:st_body_row_U
 89. Parameter Settings for User Entity Instance: snake_wrapper:u_game|snake_top:u_snake_top|snake_top_snake_top_Pipeline_VITIS_LOOP_73_1_VITIS_LOOP_74_2:grp_snake_top_Pipeline_VITIS_LOOP_73_1_VITIS_LOOP_74_2_fu_488
 90. Parameter Settings for User Entity Instance: snake_wrapper:u_game|snake_top:u_snake_top|snake_top_snake_top_Pipeline_VITIS_LOOP_85_3:grp_snake_top_Pipeline_VITIS_LOOP_85_3_fu_494
 91. Parameter Settings for User Entity Instance: snake_wrapper:u_game|snake_top:u_snake_top|snake_top_snake_top_Pipeline_VITIS_LOOP_94_4:grp_snake_top_Pipeline_VITIS_LOOP_94_4_fu_504
 92. Parameter Settings for User Entity Instance: snake_wrapper:u_game|snake_top:u_snake_top|snake_top_snake_top_Pipeline_VITIS_LOOP_27_1:grp_snake_top_Pipeline_VITIS_LOOP_27_1_fu_512
 93. Parameter Settings for User Entity Instance: snake_wrapper:u_game|snake_top:u_snake_top|snake_top_snake_top_Pipeline_VITIS_LOOP_214_5:grp_snake_top_Pipeline_VITIS_LOOP_214_5_fu_521
 94. Parameter Settings for User Entity Instance: snake_wrapper:u_game|snake_top:u_snake_top|snake_top_snake_top_Pipeline_VITIS_LOOP_27_11:grp_snake_top_Pipeline_VITIS_LOOP_27_11_fu_531
 95. Parameter Settings for Inferred Entity Instance: snake_wrapper:u_game|snake_top:u_snake_top|snake_top_st_body_row_RAM_AUTO_1R1W:st_body_row_U|altsyncram:ram_rtl_0
 96. Parameter Settings for Inferred Entity Instance: snake_wrapper:u_game|snake_top:u_snake_top|snake_top_st_body_row_RAM_AUTO_1R1W:st_body_row_U|altsyncram:ram_rtl_1
 97. Parameter Settings for Inferred Entity Instance: snake_wrapper:u_game|snake_top:u_snake_top|snake_top_st_body_col_RAM_AUTO_1R1W:st_body_col_U|altsyncram:ram_rtl_0
 98. Parameter Settings for Inferred Entity Instance: snake_wrapper:u_game|snake_top:u_snake_top|snake_top_st_body_col_RAM_AUTO_1R1W:st_body_col_U|altsyncram:ram_rtl_1
 99. Parameter Settings for Inferred Entity Instance: snake_wrapper:u_game|snake_top:u_snake_top|snake_top_grid_RAM_AUTO_1R1W:grid_U|altsyncram:ram_rtl_0
100. Parameter Settings for Inferred Entity Instance: color_detect:u_detect|lpm_divide:Div0
101. Parameter Settings for Inferred Entity Instance: color_detect:u_detect|lpm_divide:Div1
102. altshift_taps Parameter Settings by Entity Instance
103. altsyncram Parameter Settings by Entity Instance
104. Port Connectivity Checks: "snake_wrapper:u_game|snake_top:u_snake_top|snake_top_snake_top_Pipeline_VITIS_LOOP_27_11:grp_snake_top_Pipeline_VITIS_LOOP_27_11_fu_531"
105. Port Connectivity Checks: "snake_wrapper:u_game|snake_top:u_snake_top|snake_top_snake_top_Pipeline_VITIS_LOOP_214_5:grp_snake_top_Pipeline_VITIS_LOOP_214_5_fu_521"
106. Port Connectivity Checks: "snake_wrapper:u_game|snake_top:u_snake_top|snake_top_snake_top_Pipeline_VITIS_LOOP_27_1:grp_snake_top_Pipeline_VITIS_LOOP_27_1_fu_512"
107. Port Connectivity Checks: "snake_wrapper:u_game|snake_top:u_snake_top|snake_top_snake_top_Pipeline_VITIS_LOOP_94_4:grp_snake_top_Pipeline_VITIS_LOOP_94_4_fu_504"
108. Port Connectivity Checks: "snake_wrapper:u_game|snake_top:u_snake_top|snake_top_snake_top_Pipeline_VITIS_LOOP_85_3:grp_snake_top_Pipeline_VITIS_LOOP_85_3_fu_494"
109. Port Connectivity Checks: "snake_wrapper:u_game|snake_top:u_snake_top|snake_top_snake_top_Pipeline_VITIS_LOOP_73_1_VITIS_LOOP_74_2:grp_snake_top_Pipeline_VITIS_LOOP_73_1_VITIS_LOOP_74_2_fu_488"
110. Port Connectivity Checks: "snake_wrapper:u_game|snake_top:u_snake_top"
111. Port Connectivity Checks: "snake_wrapper:u_game"
112. Port Connectivity Checks: "overlay:u_overlay"
113. Port Connectivity Checks: "color_detect:u_detect"
114. Port Connectivity Checks: "I2C_CCD_Config:u8|I2C_Controller:u0"
115. Port Connectivity Checks: "Sdram_Control:u7|Sdram_RD_FIFO:u_read2_fifo"
116. Port Connectivity Checks: "Sdram_Control:u7|Sdram_RD_FIFO:u_read1_fifo"
117. Port Connectivity Checks: "Sdram_Control:u7|Sdram_WR_FIFO:u_write2_fifo"
118. Port Connectivity Checks: "Sdram_Control:u7|Sdram_WR_FIFO:u_write1_fifo"
119. Port Connectivity Checks: "Sdram_Control:u7|sdr_data_path:u_sdr_data_path"
120. Port Connectivity Checks: "Sdram_Control:u7|control_interface:u_control_interface"
121. Port Connectivity Checks: "Sdram_Control:u7"
122. Port Connectivity Checks: "sdram_pll:u6"
123. Port Connectivity Checks: "RAW2RGB:u4|Line_Buffer1:u0"
124. Port Connectivity Checks: "RAW2RGB:u4"
125. Port Connectivity Checks: "CCD_Capture:u3"
126. Post-Synthesis Netlist Statistics for Top Partition
127. Elapsed Time Per Partition
128. Analysis & Synthesis Messages
129. Analysis & Synthesis Suppressed Messages



----------------
; Legal Notice ;
----------------
Copyright (C) 2025  Altera Corporation. All rights reserved.
Your use of Altera Corporation's design tools, logic functions 
and other software and tools, and any partner logic 
functions, and any output files from any of the foregoing 
(including device programming or simulation files), and any 
associated documentation or information are expressly subject 
to the terms and conditions of the Altera Program License 
Subscription Agreement, the Altera Quartus Prime License Agreement,
the Altera IP License Agreement, or other applicable license
agreement, including, without limitation, that your use is for
the sole purpose of programming logic devices manufactured by
Altera and sold by Altera or its authorized distributors.  Please
refer to the Altera Software License Subscription Agreements 
on the Quartus Prime software download page.



+-----------------------------------------------------------------------------------+
; Analysis & Synthesis Summary                                                      ;
+---------------------------------+-------------------------------------------------+
; Analysis & Synthesis Status     ; Successful - Sat Mar 21 17:14:56 2026           ;
; Quartus Prime Version           ; 25.1std.0 Build 1129 10/21/2025 SC Lite Edition ;
; Revision Name                   ; DE1_SoC_CAMERA                                  ;
; Top-level Entity Name           ; DE1_SoC_CAMERA                                  ;
; Family                          ; Cyclone V                                       ;
; Logic utilization (in ALMs)     ; N/A                                             ;
; Total registers                 ; 2768                                            ;
; Total pins                      ; 226                                             ;
; Total virtual pins              ; 0                                               ;
; Total block memory bits         ; 68,116                                          ;
; Total DSP Blocks                ; 0                                               ;
; Total HSSI RX PCSs              ; 0                                               ;
; Total HSSI PMA RX Deserializers ; 0                                               ;
; Total HSSI TX PCSs              ; 0                                               ;
; Total HSSI PMA TX Serializers   ; 0                                               ;
; Total PLLs                      ; 1                                               ;
; Total DLLs                      ; 0                                               ;
+---------------------------------+-------------------------------------------------+


+---------------------------------------------------------------------------------------------------------------------------+
; Analysis & Synthesis Settings                                                                                             ;
+---------------------------------------------------------------------------------+--------------------+--------------------+
; Option                                                                          ; Setting            ; Default Value      ;
+---------------------------------------------------------------------------------+--------------------+--------------------+
; Device                                                                          ; 5CSEMA5F31C6       ;                    ;
; Top-level entity name                                                           ; DE1_SoC_CAMERA     ; DE1_SoC_CAMERA     ;
; Family name                                                                     ; Cyclone V          ; Cyclone IV GX      ;
; Use smart compilation                                                           ; Off                ; Off                ;
; Enable parallel Assembler and Timing Analyzer during compilation                ; On                 ; On                 ;
; Enable compact report table                                                     ; Off                ; Off                ;
; Restructure Multiplexers                                                        ; Auto               ; Auto               ;
; MLAB Add Timing Constraints For Mixed-Port Feed-Through Mode Setting Don't Care ; Off                ; Off                ;
; Create Debugging Nodes for IP Cores                                             ; Off                ; Off                ;
; Preserve fewer node names                                                       ; On                 ; On                 ;
; Intel FPGA IP Evaluation Mode                                                   ; Enable             ; Enable             ;
; Verilog Version                                                                 ; Verilog_2001       ; Verilog_2001       ;
; VHDL Version                                                                    ; VHDL_1993          ; VHDL_1993          ;
; State Machine Processing                                                        ; Auto               ; Auto               ;
; Safe State Machine                                                              ; Off                ; Off                ;
; Extract Verilog State Machines                                                  ; On                 ; On                 ;
; Extract VHDL State Machines                                                     ; On                 ; On                 ;
; Ignore Verilog initial constructs                                               ; Off                ; Off                ;
; Iteration limit for constant Verilog loops                                      ; 5000               ; 5000               ;
; Iteration limit for non-constant Verilog loops                                  ; 250                ; 250                ;
; Add Pass-Through Logic to Inferred RAMs                                         ; On                 ; On                 ;
; Infer RAMs from Raw Logic                                                       ; On                 ; On                 ;
; Parallel Synthesis                                                              ; On                 ; On                 ;
; DSP Block Balancing                                                             ; Auto               ; Auto               ;
; NOT Gate Push-Back                                                              ; On                 ; On                 ;
; Power-Up Don't Care                                                             ; On                 ; On                 ;
; Remove Redundant Logic Cells                                                    ; Off                ; Off                ;
; Remove Duplicate Registers                                                      ; On                 ; On                 ;
; Ignore CARRY Buffers                                                            ; Off                ; Off                ;
; Ignore CASCADE Buffers                                                          ; Off                ; Off                ;
; Ignore GLOBAL Buffers                                                           ; Off                ; Off                ;
; Ignore ROW GLOBAL Buffers                                                       ; Off                ; Off                ;
; Ignore LCELL Buffers                                                            ; Off                ; Off                ;
; Ignore SOFT Buffers                                                             ; On                 ; On                 ;
; Limit AHDL Integers to 32 Bits                                                  ; Off                ; Off                ;
; Optimization Technique                                                          ; Balanced           ; Balanced           ;
; Carry Chain Length                                                              ; 70                 ; 70                 ;
; Auto Carry Chains                                                               ; On                 ; On                 ;
; Auto Open-Drain Pins                                                            ; On                 ; On                 ;
; Perform WYSIWYG Primitive Resynthesis                                           ; Off                ; Off                ;
; Auto ROM Replacement                                                            ; On                 ; On                 ;
; Auto RAM Replacement                                                            ; On                 ; On                 ;
; Auto DSP Block Replacement                                                      ; On                 ; On                 ;
; Auto Shift Register Replacement                                                 ; Auto               ; Auto               ;
; Allow Shift Register Merging across Hierarchies                                 ; Auto               ; Auto               ;
; Auto Clock Enable Replacement                                                   ; On                 ; On                 ;
; Strict RAM Replacement                                                          ; Off                ; Off                ;
; Allow Synchronous Control Signals                                               ; On                 ; On                 ;
; Force Use of Synchronous Clear Signals                                          ; Off                ; Off                ;
; Auto Resource Sharing                                                           ; Off                ; Off                ;
; Allow Any RAM Size For Recognition                                              ; Off                ; Off                ;
; Allow Any ROM Size For Recognition                                              ; Off                ; Off                ;
; Allow Any Shift Register Size For Recognition                                   ; Off                ; Off                ;
; Use LogicLock Constraints during Resource Balancing                             ; On                 ; On                 ;
; Ignore translate_off and synthesis_off directives                               ; Off                ; Off                ;
; Timing-Driven Synthesis                                                         ; On                 ; On                 ;
; Report Parameter Settings                                                       ; On                 ; On                 ;
; Report Source Assignments                                                       ; On                 ; On                 ;
; Report Connectivity Checks                                                      ; On                 ; On                 ;
; Ignore Maximum Fan-Out Assignments                                              ; Off                ; Off                ;
; Synchronization Register Chain Length                                           ; 3                  ; 3                  ;
; Power Optimization During Synthesis                                             ; Normal compilation ; Normal compilation ;
; HDL message level                                                               ; Level2             ; Level2             ;
; Suppress Register Optimization Related Messages                                 ; Off                ; Off                ;
; Number of Removed Registers Reported in Synthesis Report                        ; 5000               ; 5000               ;
; Number of Swept Nodes Reported in Synthesis Report                              ; 5000               ; 5000               ;
; Number of Inverted Registers Reported in Synthesis Report                       ; 100                ; 100                ;
; Clock MUX Protection                                                            ; On                 ; On                 ;
; Auto Gated Clock Conversion                                                     ; Off                ; Off                ;
; Block Design Naming                                                             ; Auto               ; Auto               ;
; SDC constraint protection                                                       ; Off                ; Off                ;
; Synthesis Effort                                                                ; Auto               ; Auto               ;
; Shift Register Replacement - Allow Asynchronous Clear Signal                    ; On                 ; On                 ;
; Pre-Mapping Resynthesis Optimization                                            ; Off                ; Off                ;
; Analysis & Synthesis Message Level                                              ; Medium             ; Medium             ;
; Disable Register Merging Across Hierarchies                                     ; Auto               ; Auto               ;
; Resource Aware Inference For Block RAM                                          ; On                 ; On                 ;
; Automatic Parallel Synthesis                                                    ; On                 ; On                 ;
; Partial Reconfiguration Bitstream ID                                            ; Off                ; Off                ;
+---------------------------------------------------------------------------------+--------------------+--------------------+


+------------------------------------------+
; Parallel Compilation                     ;
+----------------------------+-------------+
; Processors                 ; Number      ;
+----------------------------+-------------+
; Number detected on machine ; 16          ;
; Maximum allowed            ; 12          ;
;                            ;             ;
; Average used               ; 1.00        ;
; Maximum used               ; 12          ;
;                            ;             ;
; Usage by Processor         ; % Time Used ;
;     Processor 1            ; 100.0%      ;
;     Processor 2            ;   0.0%      ;
;     Processor 3            ;   0.0%      ;
;     Processor 4            ;   0.0%      ;
;     Processor 5            ;   0.0%      ;
;     Processor 6            ;   0.0%      ;
;     Processor 7            ;   0.0%      ;
;     Processor 8            ;   0.0%      ;
;     Processors 9-12        ;   0.0%      ;
+----------------------------+-------------+


+---------------------------------------------------------------------------------------------------------------------------------------------------------------------------------------------------------------------------------------------------------------------------------------------------------------------------+
; Analysis & Synthesis Source Files Read                                                                                                                                                                                                                                                                                    ;
+-----------------------------------------------------------------------------------------------------+-----------------+-------------------------------------------------------+-------------------------------------------------------------------------------------------------------------------------------+-----------+
; File Name with User-Entered Path                                                                    ; Used in Netlist ; File Type                                             ; File Name with Absolute Path                                                                                                  ; Library   ;
+-----------------------------------------------------------------------------------------------------+-----------------+-------------------------------------------------------+-------------------------------------------------------------------------------------------------------------------------------+-----------+
; ../snake_hls/snakeVerilog/snake_top_st_body_row_RAM_AUTO_1R1W.v                                     ; yes             ; User Verilog HDL File                                 ; C:/Users/amers/Desktop/ECE554/capstone/snake_hls/snakeVerilog/snake_top_st_body_row_RAM_AUTO_1R1W.v                           ;           ;
; ../snake_hls/snakeVerilog/snake_top_st_body_col_RAM_AUTO_1R1W.v                                     ; yes             ; User Verilog HDL File                                 ; C:/Users/amers/Desktop/ECE554/capstone/snake_hls/snakeVerilog/snake_top_st_body_col_RAM_AUTO_1R1W.v                           ;           ;
; ../snake_hls/snakeVerilog/snake_top_snake_top_Pipeline_VITIS_LOOP_214_5.v                           ; yes             ; User Verilog HDL File                                 ; C:/Users/amers/Desktop/ECE554/capstone/snake_hls/snakeVerilog/snake_top_snake_top_Pipeline_VITIS_LOOP_214_5.v                 ;           ;
; ../snake_hls/snakeVerilog/snake_top_snake_top_Pipeline_VITIS_LOOP_94_4.v                            ; yes             ; User Verilog HDL File                                 ; C:/Users/amers/Desktop/ECE554/capstone/snake_hls/snakeVerilog/snake_top_snake_top_Pipeline_VITIS_LOOP_94_4.v                  ;           ;
; ../snake_hls/snakeVerilog/snake_top_snake_top_Pipeline_VITIS_LOOP_85_3.v                            ; yes             ; User Verilog HDL File                                 ; C:/Users/amers/Desktop/ECE554/capstone/snake_hls/snakeVerilog/snake_top_snake_top_Pipeline_VITIS_LOOP_85_3.v                  ;           ;
; ../snake_hls/snakeVerilog/snake_top_snake_top_Pipeline_VITIS_LOOP_73_1_VITIS_LOOP_74_2.v            ; yes             ; User Verilog HDL File                                 ; C:/Users/amers/Desktop/ECE554/capstone/snake_hls/snakeVerilog/snake_top_snake_top_Pipeline_VITIS_LOOP_73_1_VITIS_LOOP_74_2.v  ;           ;
; ../snake_hls/snakeVerilog/snake_top_snake_top_Pipeline_VITIS_LOOP_27_11.v                           ; yes             ; User Verilog HDL File                                 ; C:/Users/amers/Desktop/ECE554/capstone/snake_hls/snakeVerilog/snake_top_snake_top_Pipeline_VITIS_LOOP_27_11.v                 ;           ;
; ../snake_hls/snakeVerilog/snake_top_snake_top_Pipeline_VITIS_LOOP_27_1.v                            ; yes             ; User Verilog HDL File                                 ; C:/Users/amers/Desktop/ECE554/capstone/snake_hls/snakeVerilog/snake_top_snake_top_Pipeline_VITIS_LOOP_27_1.v                  ;           ;
; ../snake_hls/snakeVerilog/snake_top_grid_RAM_AUTO_1R1W.v                                            ; yes             ; User Verilog HDL File                                 ; C:/Users/amers/Desktop/ECE554/capstone/snake_hls/snakeVerilog/snake_top_grid_RAM_AUTO_1R1W.v                                  ;           ;
; ../snake_hls/snakeVerilog/snake_top_flow_control_loop_pipe_sequential_init.v                        ; yes             ; User Verilog HDL File                                 ; C:/Users/amers/Desktop/ECE554/capstone/snake_hls/snakeVerilog/snake_top_flow_control_loop_pipe_sequential_init.v              ;           ;
; ../snake_hls/snakeVerilog/snake_top.v                                                               ; yes             ; User Verilog HDL File                                 ; C:/Users/amers/Desktop/ECE554/capstone/snake_hls/snakeVerilog/snake_top.v                                                     ;           ;
; snake_wrapper.sv                                                                                    ; yes             ; User SystemVerilog HDL File                           ; C:/Users/amers/Desktop/ECE554/capstone/image_proc/snake_wrapper.sv                                                            ;           ;
; v/Line_Buffer1.v                                                                                    ; yes             ; User Wizard-Generated File                            ; C:/Users/amers/Desktop/ECE554/capstone/image_proc/v/Line_Buffer1.v                                                            ;           ;
; color_detect.v                                                                                      ; yes             ; User Verilog HDL File                                 ; C:/Users/amers/Desktop/ECE554/capstone/image_proc/color_detect.v                                                              ;           ;
; overlay.v                                                                                           ; yes             ; User Verilog HDL File                                 ; C:/Users/amers/Desktop/ECE554/capstone/image_proc/overlay.v                                                                   ;           ;
; DE1_SoC_CAMERA.v                                                                                    ; yes             ; User Verilog HDL File                                 ; C:/Users/amers/Desktop/ECE554/capstone/image_proc/DE1_SoC_CAMERA.v                                                            ;           ;
; v/VGA_Controller.v                                                                                  ; yes             ; User Verilog HDL File                                 ; C:/Users/amers/Desktop/ECE554/capstone/image_proc/v/VGA_Controller.v                                                          ;           ;
; v/SEG7_LUT.v                                                                                        ; yes             ; User Verilog HDL File                                 ; C:/Users/amers/Desktop/ECE554/capstone/image_proc/v/SEG7_LUT.v                                                                ;           ;
; v/Reset_Delay.v                                                                                     ; yes             ; User Verilog HDL File                                 ; C:/Users/amers/Desktop/ECE554/capstone/image_proc/v/Reset_Delay.v                                                             ;           ;
; v/RAW2RGB.v                                                                                         ; yes             ; User Verilog HDL File                                 ; C:/Users/amers/Desktop/ECE554/capstone/image_proc/v/RAW2RGB.v                                                                 ;           ;
; v/I2C_Controller.v                                                                                  ; yes             ; User Verilog HDL File                                 ; C:/Users/amers/Desktop/ECE554/capstone/image_proc/v/I2C_Controller.v                                                          ;           ;
; v/I2C_CCD_Config.v                                                                                  ; yes             ; User Verilog HDL File                                 ; C:/Users/amers/Desktop/ECE554/capstone/image_proc/v/I2C_CCD_Config.v                                                          ;           ;
; v/CCD_Capture.v                                                                                     ; yes             ; User Verilog HDL File                                 ; C:/Users/amers/Desktop/ECE554/capstone/image_proc/v/CCD_Capture.v                                                             ;           ;
; Sdram_Control/Sdram_Params.h                                                                        ; yes             ; User File                                             ; C:/Users/amers/Desktop/ECE554/capstone/image_proc/Sdram_Control/Sdram_Params.h                                                ;           ;
; Sdram_Control/Sdram_Control.v                                                                       ; yes             ; User Verilog HDL File                                 ; C:/Users/amers/Desktop/ECE554/capstone/image_proc/Sdram_Control/Sdram_Control.v                                               ;           ;
; Sdram_Control/sdr_data_path.v                                                                       ; yes             ; User Verilog HDL File                                 ; C:/Users/amers/Desktop/ECE554/capstone/image_proc/Sdram_Control/sdr_data_path.v                                               ;           ;
; Sdram_Control/control_interface.v                                                                   ; yes             ; User Verilog HDL File                                 ; C:/Users/amers/Desktop/ECE554/capstone/image_proc/Sdram_Control/control_interface.v                                           ;           ;
; Sdram_Control/command.v                                                                             ; yes             ; User Verilog HDL File                                 ; C:/Users/amers/Desktop/ECE554/capstone/image_proc/Sdram_Control/command.v                                                     ;           ;
; v/SEG7_LUT_6.v                                                                                      ; yes             ; User Verilog HDL File                                 ; C:/Users/amers/Desktop/ECE554/capstone/image_proc/v/SEG7_LUT_6.v                                                              ;           ;
; v/sdram_pll.v                                                                                       ; yes             ; User Wizard-Generated File                            ; C:/Users/amers/Desktop/ECE554/capstone/image_proc/v/sdram_pll.v                                                               ; sdram_pll ;
; v/sdram_pll/sdram_pll_0002.v                                                                        ; yes             ; User Verilog HDL File                                 ; C:/Users/amers/Desktop/ECE554/capstone/image_proc/v/sdram_pll/sdram_pll_0002.v                                                ; sdram_pll ;
; Sdram_Control/Sdram_RD_FIFO.v                                                                       ; yes             ; User Wizard-Generated File                            ; C:/Users/amers/Desktop/ECE554/capstone/image_proc/Sdram_Control/Sdram_RD_FIFO.v                                               ;           ;
; Sdram_Control/Sdram_WR_FIFO.v                                                                       ; yes             ; User Wizard-Generated File                            ; C:/Users/amers/Desktop/ECE554/capstone/image_proc/Sdram_Control/Sdram_WR_FIFO.v                                               ;           ;
; /users/amers/desktop/ece554/capstone/snake_hls/snakeverilog/snake_top_st_body_row_ram_auto_1r1w.dat ; yes             ; Auto-Found Unspecified File                           ; /users/amers/desktop/ece554/capstone/snake_hls/snakeverilog/snake_top_st_body_row_ram_auto_1r1w.dat                           ;           ;
; /users/amers/desktop/ece554/capstone/snake_hls/snakeverilog/snake_top_st_body_col_ram_auto_1r1w.dat ; yes             ; Auto-Found Unspecified File                           ; /users/amers/desktop/ece554/capstone/snake_hls/snakeverilog/snake_top_st_body_col_ram_auto_1r1w.dat                           ;           ;
; /users/amers/desktop/ece554/capstone/snake_hls/snakeverilog/snake_top_grid_ram_auto_1r1w.dat        ; yes             ; Auto-Found Unspecified File                           ; /users/amers/desktop/ece554/capstone/snake_hls/snakeverilog/snake_top_grid_ram_auto_1r1w.dat                                  ;           ;
; altshift_taps.tdf                                                                                   ; yes             ; Megafunction                                          ; c:/altera_lite/25.1std/quartus/libraries/megafunctions/altshift_taps.tdf                                                      ;           ;
; altdpram.inc                                                                                        ; yes             ; Megafunction                                          ; c:/altera_lite/25.1std/quartus/libraries/megafunctions/altdpram.inc                                                           ;           ;
; lpm_counter.inc                                                                                     ; yes             ; Megafunction                                          ; c:/altera_lite/25.1std/quartus/libraries/megafunctions/lpm_counter.inc                                                        ;           ;
; lpm_compare.inc                                                                                     ; yes             ; Megafunction                                          ; c:/altera_lite/25.1std/quartus/libraries/megafunctions/lpm_compare.inc                                                        ;           ;
; lpm_constant.inc                                                                                    ; yes             ; Megafunction                                          ; c:/altera_lite/25.1std/quartus/libraries/megafunctions/lpm_constant.inc                                                       ;           ;
; db/shift_taps_lv51.tdf                                                                              ; yes             ; Auto-Generated Megafunction                           ; C:/Users/amers/Desktop/ECE554/capstone/image_proc/db/shift_taps_lv51.tdf                                                      ;           ;
; db/altsyncram_jug1.tdf                                                                              ; yes             ; Auto-Generated Megafunction                           ; C:/Users/amers/Desktop/ECE554/capstone/image_proc/db/altsyncram_jug1.tdf                                                      ;           ;
; db/cntr_7of.tdf                                                                                     ; yes             ; Auto-Generated Megafunction                           ; C:/Users/amers/Desktop/ECE554/capstone/image_proc/db/cntr_7of.tdf                                                             ;           ;
; db/cmpr_qac.tdf                                                                                     ; yes             ; Auto-Generated Megafunction                           ; C:/Users/amers/Desktop/ECE554/capstone/image_proc/db/cmpr_qac.tdf                                                             ;           ;
; altera_pll.v                                                                                        ; yes             ; Megafunction                                          ; c:/altera_lite/25.1std/quartus/libraries/megafunctions/altera_pll.v                                                           ;           ;
; dcfifo_mixed_widths.tdf                                                                             ; yes             ; Megafunction                                          ; c:/altera_lite/25.1std/quartus/libraries/megafunctions/dcfifo_mixed_widths.tdf                                                ;           ;
; db/dcfifo_ngp1.tdf                                                                                  ; yes             ; Auto-Generated Megafunction                           ; C:/Users/amers/Desktop/ECE554/capstone/image_proc/db/dcfifo_ngp1.tdf                                                          ;           ;
; db/a_gray2bin_oab.tdf                                                                               ; yes             ; Auto-Generated Megafunction                           ; C:/Users/amers/Desktop/ECE554/capstone/image_proc/db/a_gray2bin_oab.tdf                                                       ;           ;
; db/a_graycounter_nv6.tdf                                                                            ; yes             ; Auto-Generated Megafunction                           ; C:/Users/amers/Desktop/ECE554/capstone/image_proc/db/a_graycounter_nv6.tdf                                                    ;           ;
; db/a_graycounter_jdc.tdf                                                                            ; yes             ; Auto-Generated Megafunction                           ; C:/Users/amers/Desktop/ECE554/capstone/image_proc/db/a_graycounter_jdc.tdf                                                    ;           ;
; db/altsyncram_86d1.tdf                                                                              ; yes             ; Auto-Generated Megafunction                           ; C:/Users/amers/Desktop/ECE554/capstone/image_proc/db/altsyncram_86d1.tdf                                                      ;           ;
; db/dffpipe_oe9.tdf                                                                                  ; yes             ; Auto-Generated Megafunction                           ; C:/Users/amers/Desktop/ECE554/capstone/image_proc/db/dffpipe_oe9.tdf                                                          ;           ;
; db/alt_synch_pipe_8pl.tdf                                                                           ; yes             ; Auto-Generated Megafunction                           ; C:/Users/amers/Desktop/ECE554/capstone/image_proc/db/alt_synch_pipe_8pl.tdf                                                   ;           ;
; db/dffpipe_pe9.tdf                                                                                  ; yes             ; Auto-Generated Megafunction                           ; C:/Users/amers/Desktop/ECE554/capstone/image_proc/db/dffpipe_pe9.tdf                                                          ;           ;
; db/alt_synch_pipe_9pl.tdf                                                                           ; yes             ; Auto-Generated Megafunction                           ; C:/Users/amers/Desktop/ECE554/capstone/image_proc/db/alt_synch_pipe_9pl.tdf                                                   ;           ;
; db/dffpipe_qe9.tdf                                                                                  ; yes             ; Auto-Generated Megafunction                           ; C:/Users/amers/Desktop/ECE554/capstone/image_proc/db/dffpipe_qe9.tdf                                                          ;           ;
; db/cmpr_906.tdf                                                                                     ; yes             ; Auto-Generated Megafunction                           ; C:/Users/amers/Desktop/ECE554/capstone/image_proc/db/cmpr_906.tdf                                                             ;           ;
; db/dcfifo_ahp1.tdf                                                                                  ; yes             ; Auto-Generated Megafunction                           ; C:/Users/amers/Desktop/ECE554/capstone/image_proc/db/dcfifo_ahp1.tdf                                                          ;           ;
; db/alt_synch_pipe_apl.tdf                                                                           ; yes             ; Auto-Generated Megafunction                           ; C:/Users/amers/Desktop/ECE554/capstone/image_proc/db/alt_synch_pipe_apl.tdf                                                   ;           ;
; db/dffpipe_re9.tdf                                                                                  ; yes             ; Auto-Generated Megafunction                           ; C:/Users/amers/Desktop/ECE554/capstone/image_proc/db/dffpipe_re9.tdf                                                          ;           ;
; db/alt_synch_pipe_bpl.tdf                                                                           ; yes             ; Auto-Generated Megafunction                           ; C:/Users/amers/Desktop/ECE554/capstone/image_proc/db/alt_synch_pipe_bpl.tdf                                                   ;           ;
; db/dffpipe_se9.tdf                                                                                  ; yes             ; Auto-Generated Megafunction                           ; C:/Users/amers/Desktop/ECE554/capstone/image_proc/db/dffpipe_se9.tdf                                                          ;           ;
; altsyncram.tdf                                                                                      ; yes             ; Megafunction                                          ; c:/altera_lite/25.1std/quartus/libraries/megafunctions/altsyncram.tdf                                                         ;           ;
; stratix_ram_block.inc                                                                               ; yes             ; Megafunction                                          ; c:/altera_lite/25.1std/quartus/libraries/megafunctions/stratix_ram_block.inc                                                  ;           ;
; lpm_mux.inc                                                                                         ; yes             ; Megafunction                                          ; c:/altera_lite/25.1std/quartus/libraries/megafunctions/lpm_mux.inc                                                            ;           ;
; lpm_decode.inc                                                                                      ; yes             ; Megafunction                                          ; c:/altera_lite/25.1std/quartus/libraries/megafunctions/lpm_decode.inc                                                         ;           ;
; aglobal251.inc                                                                                      ; yes             ; Megafunction                                          ; c:/altera_lite/25.1std/quartus/libraries/megafunctions/aglobal251.inc                                                         ;           ;
; a_rdenreg.inc                                                                                       ; yes             ; Megafunction                                          ; c:/altera_lite/25.1std/quartus/libraries/megafunctions/a_rdenreg.inc                                                          ;           ;
; altrom.inc                                                                                          ; yes             ; Megafunction                                          ; c:/altera_lite/25.1std/quartus/libraries/megafunctions/altrom.inc                                                             ;           ;
; altram.inc                                                                                          ; yes             ; Megafunction                                          ; c:/altera_lite/25.1std/quartus/libraries/megafunctions/altram.inc                                                             ;           ;
; db/altsyncram_bt12.tdf                                                                              ; yes             ; Auto-Generated Megafunction                           ; C:/Users/amers/Desktop/ECE554/capstone/image_proc/db/altsyncram_bt12.tdf                                                      ;           ;
; db/DE1_SoC_CAMERA.ram0_snake_top_st_body_row_RAM_AUTO_1R1W_15988510.hdl.mif                         ; yes             ; Auto-Generated Auto-Found Memory Initialization File  ; C:/Users/amers/Desktop/ECE554/capstone/image_proc/db/DE1_SoC_CAMERA.ram0_snake_top_st_body_row_RAM_AUTO_1R1W_15988510.hdl.mif ;           ;
; db/altsyncram_h222.tdf                                                                              ; yes             ; Auto-Generated Megafunction                           ; C:/Users/amers/Desktop/ECE554/capstone/image_proc/db/altsyncram_h222.tdf                                                      ;           ;
; db/DE1_SoC_CAMERA.ram0_snake_top_st_body_col_RAM_AUTO_1R1W_792d7aad.hdl.mif                         ; yes             ; Auto-Generated Auto-Found Memory Initialization File  ; C:/Users/amers/Desktop/ECE554/capstone/image_proc/db/DE1_SoC_CAMERA.ram0_snake_top_st_body_col_RAM_AUTO_1R1W_792d7aad.hdl.mif ;           ;
; db/altsyncram_2f12.tdf                                                                              ; yes             ; Auto-Generated Megafunction                           ; C:/Users/amers/Desktop/ECE554/capstone/image_proc/db/altsyncram_2f12.tdf                                                      ;           ;
; db/DE1_SoC_CAMERA.ram0_snake_top_grid_RAM_AUTO_1R1W_caeba5bd.hdl.mif                                ; yes             ; Auto-Generated Auto-Found Memory Initialization File  ; C:/Users/amers/Desktop/ECE554/capstone/image_proc/db/DE1_SoC_CAMERA.ram0_snake_top_grid_RAM_AUTO_1R1W_caeba5bd.hdl.mif        ;           ;
; lpm_divide.tdf                                                                                      ; yes             ; Megafunction                                          ; c:/altera_lite/25.1std/quartus/libraries/megafunctions/lpm_divide.tdf                                                         ;           ;
; abs_divider.inc                                                                                     ; yes             ; Megafunction                                          ; c:/altera_lite/25.1std/quartus/libraries/megafunctions/abs_divider.inc                                                        ;           ;
; sign_div_unsign.inc                                                                                 ; yes             ; Megafunction                                          ; c:/altera_lite/25.1std/quartus/libraries/megafunctions/sign_div_unsign.inc                                                    ;           ;
; db/lpm_divide_obm.tdf                                                                               ; yes             ; Auto-Generated Megafunction                           ; C:/Users/amers/Desktop/ECE554/capstone/image_proc/db/lpm_divide_obm.tdf                                                       ;           ;
; db/sign_div_unsign_ulh.tdf                                                                          ; yes             ; Auto-Generated Megafunction                           ; C:/Users/amers/Desktop/ECE554/capstone/image_proc/db/sign_div_unsign_ulh.tdf                                                  ;           ;
; db/alt_u_div_20f.tdf                                                                                ; yes             ; Auto-Generated Megafunction                           ; C:/Users/amers/Desktop/ECE554/capstone/image_proc/db/alt_u_div_20f.tdf                                                        ;           ;
+-----------------------------------------------------------------------------------------------------+-----------------+-------------------------------------------------------+-------------------------------------------------------------------------------------------------------------------------------+-----------+


+---------------------------------------------------------------------------------------------------------------------------------+
; Analysis & Synthesis Resource Usage Summary                                                                                     ;
+---------------------------------------------+-----------------------------------------------------------------------------------+
; Resource                                    ; Usage                                                                             ;
+---------------------------------------------+-----------------------------------------------------------------------------------+
; Estimate of Logic utilization (ALMs needed) ; 2081                                                                              ;
;                                             ;                                                                                   ;
; Combinational ALUT usage for logic          ; 3032                                                                              ;
;     -- 7 input functions                    ; 14                                                                                ;
;     -- 6 input functions                    ; 752                                                                               ;
;     -- 5 input functions                    ; 453                                                                               ;
;     -- 4 input functions                    ; 440                                                                               ;
;     -- <=3 input functions                  ; 1373                                                                              ;
;                                             ;                                                                                   ;
; Dedicated logic registers                   ; 2768                                                                              ;
;                                             ;                                                                                   ;
; I/O pins                                    ; 226                                                                               ;
; Total MLAB memory bits                      ; 0                                                                                 ;
; Total block memory bits                     ; 68116                                                                             ;
;                                             ;                                                                                   ;
; Total DSP Blocks                            ; 0                                                                                 ;
;                                             ;                                                                                   ;
; Total PLLs                                  ; 4                                                                                 ;
;     -- PLLs                                 ; 4                                                                                 ;
;                                             ;                                                                                   ;
; Maximum fan-out node                        ; sdram_pll:u6|sdram_pll_0002:sdram_pll_inst|altera_pll:altera_pll_i|outclk_wire[3] ;
; Maximum fan-out                             ; 1906                                                                              ;
; Total fan-out                               ; 26196                                                                             ;
; Average fan-out                             ; 4.08                                                                              ;
+---------------------------------------------+-----------------------------------------------------------------------------------+


+----------------------------------------------------------------------------------------------------------------------------------------------------------------------------------------------------------------------------------------------------------------------------------------------------------------------------------------------------------------------------------------------------------------------------------------------------------------------------------------------------------------------------------------------------------------------------------------------------------------+
; Analysis & Synthesis Resource Utilization by Entity                                                                                                                                                                                                                                                                                                                                                                                                                                                                                                                                                            ;
+---------------------------------------------------------------------------------------------------------------------------------------+---------------------+---------------------------+-------------------+------------+------+--------------+---------------------------------------------------------------------------------------------------------------------------------------------------------------------------------------------------------------------------------------------------------------------------------+--------------------------------------------------------------+--------------+
; Compilation Hierarchy Node                                                                                                            ; Combinational ALUTs ; Dedicated Logic Registers ; Block Memory Bits ; DSP Blocks ; Pins ; Virtual Pins ; Full Hierarchy Name                                                                                                                                                                                                                                                             ; Entity Name                                                  ; Library Name ;
+---------------------------------------------------------------------------------------------------------------------------------------+---------------------+---------------------------+-------------------+------------+------+--------------+---------------------------------------------------------------------------------------------------------------------------------------------------------------------------------------------------------------------------------------------------------------------------------+--------------------------------------------------------------+--------------+
; |DE1_SoC_CAMERA                                                                                                                       ; 3032 (51)           ; 2768 (14)                 ; 68116             ; 0          ; 226  ; 0            ; |DE1_SoC_CAMERA                                                                                                                                                                                                                                                                 ; DE1_SoC_CAMERA                                               ; work         ;
;    |CCD_Capture:u3|                                                                                                                   ; 28 (28)             ; 33 (33)                   ; 0                 ; 0          ; 0    ; 0            ; |DE1_SoC_CAMERA|CCD_Capture:u3                                                                                                                                                                                                                                                  ; CCD_Capture                                                  ; work         ;
;    |I2C_CCD_Config:u8|                                                                                                                ; 196 (140)           ; 133 (95)                  ; 0                 ; 0          ; 0    ; 0            ; |DE1_SoC_CAMERA|I2C_CCD_Config:u8                                                                                                                                                                                                                                               ; I2C_CCD_Config                                               ; work         ;
;       |I2C_Controller:u0|                                                                                                             ; 56 (56)             ; 38 (38)                   ; 0                 ; 0          ; 0    ; 0            ; |DE1_SoC_CAMERA|I2C_CCD_Config:u8|I2C_Controller:u0                                                                                                                                                                                                                             ; I2C_Controller                                               ; work         ;
;    |RAW2RGB:u4|                                                                                                                       ; 61 (46)             ; 66 (55)                   ; 30672             ; 0          ; 0    ; 0            ; |DE1_SoC_CAMERA|RAW2RGB:u4                                                                                                                                                                                                                                                      ; RAW2RGB                                                      ; work         ;
;       |Line_Buffer1:u0|                                                                                                               ; 15 (0)              ; 11 (0)                    ; 30672             ; 0          ; 0    ; 0            ; |DE1_SoC_CAMERA|RAW2RGB:u4|Line_Buffer1:u0                                                                                                                                                                                                                                      ; Line_Buffer1                                                 ; work         ;
;          |altshift_taps:ALTSHIFT_TAPS_component|                                                                                      ; 15 (0)              ; 11 (0)                    ; 30672             ; 0          ; 0    ; 0            ; |DE1_SoC_CAMERA|RAW2RGB:u4|Line_Buffer1:u0|altshift_taps:ALTSHIFT_TAPS_component                                                                                                                                                                                                ; altshift_taps                                                ; work         ;
;             |shift_taps_lv51:auto_generated|                                                                                          ; 15 (0)              ; 11 (0)                    ; 30672             ; 0          ; 0    ; 0            ; |DE1_SoC_CAMERA|RAW2RGB:u4|Line_Buffer1:u0|altshift_taps:ALTSHIFT_TAPS_component|shift_taps_lv51:auto_generated                                                                                                                                                                 ; shift_taps_lv51                                              ; work         ;
;                |altsyncram_jug1:altsyncram2|                                                                                          ; 0 (0)               ; 0 (0)                     ; 30672             ; 0          ; 0    ; 0            ; |DE1_SoC_CAMERA|RAW2RGB:u4|Line_Buffer1:u0|altshift_taps:ALTSHIFT_TAPS_component|shift_taps_lv51:auto_generated|altsyncram_jug1:altsyncram2                                                                                                                                     ; altsyncram_jug1                                              ; work         ;
;                |cntr_7of:cntr1|                                                                                                       ; 15 (13)             ; 11 (11)                   ; 0                 ; 0          ; 0    ; 0            ; |DE1_SoC_CAMERA|RAW2RGB:u4|Line_Buffer1:u0|altshift_taps:ALTSHIFT_TAPS_component|shift_taps_lv51:auto_generated|cntr_7of:cntr1                                                                                                                                                  ; cntr_7of                                                     ; work         ;
;                   |cmpr_qac:cmpr4|                                                                                                    ; 2 (2)               ; 0 (0)                     ; 0                 ; 0          ; 0    ; 0            ; |DE1_SoC_CAMERA|RAW2RGB:u4|Line_Buffer1:u0|altshift_taps:ALTSHIFT_TAPS_component|shift_taps_lv51:auto_generated|cntr_7of:cntr1|cmpr_qac:cmpr4                                                                                                                                   ; cmpr_qac                                                     ; work         ;
;    |Reset_Delay:u2|                                                                                                                   ; 49 (49)             ; 37 (37)                   ; 0                 ; 0          ; 0    ; 0            ; |DE1_SoC_CAMERA|Reset_Delay:u2                                                                                                                                                                                                                                                  ; Reset_Delay                                                  ; work         ;
;    |SEG7_LUT_6:u5|                                                                                                                    ; 42 (0)              ; 0 (0)                     ; 0                 ; 0          ; 0    ; 0            ; |DE1_SoC_CAMERA|SEG7_LUT_6:u5                                                                                                                                                                                                                                                   ; SEG7_LUT_6                                                   ; work         ;
;       |SEG7_LUT:u0|                                                                                                                   ; 7 (7)               ; 0 (0)                     ; 0                 ; 0          ; 0    ; 0            ; |DE1_SoC_CAMERA|SEG7_LUT_6:u5|SEG7_LUT:u0                                                                                                                                                                                                                                       ; SEG7_LUT                                                     ; work         ;
;       |SEG7_LUT:u1|                                                                                                                   ; 7 (7)               ; 0 (0)                     ; 0                 ; 0          ; 0    ; 0            ; |DE1_SoC_CAMERA|SEG7_LUT_6:u5|SEG7_LUT:u1                                                                                                                                                                                                                                       ; SEG7_LUT                                                     ; work         ;
;       |SEG7_LUT:u2|                                                                                                                   ; 7 (7)               ; 0 (0)                     ; 0                 ; 0          ; 0    ; 0            ; |DE1_SoC_CAMERA|SEG7_LUT_6:u5|SEG7_LUT:u2                                                                                                                                                                                                                                       ; SEG7_LUT                                                     ; work         ;
;       |SEG7_LUT:u3|                                                                                                                   ; 7 (7)               ; 0 (0)                     ; 0                 ; 0          ; 0    ; 0            ; |DE1_SoC_CAMERA|SEG7_LUT_6:u5|SEG7_LUT:u3                                                                                                                                                                                                                                       ; SEG7_LUT                                                     ; work         ;
;       |SEG7_LUT:u4|                                                                                                                   ; 7 (7)               ; 0 (0)                     ; 0                 ; 0          ; 0    ; 0            ; |DE1_SoC_CAMERA|SEG7_LUT_6:u5|SEG7_LUT:u4                                                                                                                                                                                                                                       ; SEG7_LUT                                                     ; work         ;
;       |SEG7_LUT:u5|                                                                                                                   ; 7 (7)               ; 0 (0)                     ; 0                 ; 0          ; 0    ; 0            ; |DE1_SoC_CAMERA|SEG7_LUT_6:u5|SEG7_LUT:u5                                                                                                                                                                                                                                       ; SEG7_LUT                                                     ; work         ;
;    |Sdram_Control:u7|                                                                                                                 ; 630 (213)           ; 715 (159)                 ; 31744             ; 0          ; 0    ; 0            ; |DE1_SoC_CAMERA|Sdram_Control:u7                                                                                                                                                                                                                                                ; Sdram_Control                                                ; work         ;
;       |Sdram_RD_FIFO:u_read1_fifo|                                                                                                    ; 72 (0)              ; 112 (0)                   ; 7680              ; 0          ; 0    ; 0            ; |DE1_SoC_CAMERA|Sdram_Control:u7|Sdram_RD_FIFO:u_read1_fifo                                                                                                                                                                                                                     ; Sdram_RD_FIFO                                                ; work         ;
;          |dcfifo_mixed_widths:dcfifo_mixed_widths_component|                                                                          ; 72 (0)              ; 112 (0)                   ; 7680              ; 0          ; 0    ; 0            ; |DE1_SoC_CAMERA|Sdram_Control:u7|Sdram_RD_FIFO:u_read1_fifo|dcfifo_mixed_widths:dcfifo_mixed_widths_component                                                                                                                                                                   ; dcfifo_mixed_widths                                          ; work         ;
;             |dcfifo_ahp1:auto_generated|                                                                                              ; 72 (14)             ; 112 (30)                  ; 7680              ; 0          ; 0    ; 0            ; |DE1_SoC_CAMERA|Sdram_Control:u7|Sdram_RD_FIFO:u_read1_fifo|dcfifo_mixed_widths:dcfifo_mixed_widths_component|dcfifo_ahp1:auto_generated                                                                                                                                        ; dcfifo_ahp1                                                  ; work         ;
;                |a_gray2bin_oab:wrptr_g_gray2bin|                                                                                      ; 8 (8)               ; 0 (0)                     ; 0                 ; 0          ; 0    ; 0            ; |DE1_SoC_CAMERA|Sdram_Control:u7|Sdram_RD_FIFO:u_read1_fifo|dcfifo_mixed_widths:dcfifo_mixed_widths_component|dcfifo_ahp1:auto_generated|a_gray2bin_oab:wrptr_g_gray2bin                                                                                                        ; a_gray2bin_oab                                               ; work         ;
;                |a_gray2bin_oab:ws_dgrp_gray2bin|                                                                                      ; 8 (8)               ; 0 (0)                     ; 0                 ; 0          ; 0    ; 0            ; |DE1_SoC_CAMERA|Sdram_Control:u7|Sdram_RD_FIFO:u_read1_fifo|dcfifo_mixed_widths:dcfifo_mixed_widths_component|dcfifo_ahp1:auto_generated|a_gray2bin_oab:ws_dgrp_gray2bin                                                                                                        ; a_gray2bin_oab                                               ; work         ;
;                |a_graycounter_jdc:wrptr_g1p|                                                                                          ; 15 (15)             ; 13 (13)                   ; 0                 ; 0          ; 0    ; 0            ; |DE1_SoC_CAMERA|Sdram_Control:u7|Sdram_RD_FIFO:u_read1_fifo|dcfifo_mixed_widths:dcfifo_mixed_widths_component|dcfifo_ahp1:auto_generated|a_graycounter_jdc:wrptr_g1p                                                                                                            ; a_graycounter_jdc                                            ; work         ;
;                |a_graycounter_nv6:rdptr_g1p|                                                                                          ; 18 (18)             ; 13 (13)                   ; 0                 ; 0          ; 0    ; 0            ; |DE1_SoC_CAMERA|Sdram_Control:u7|Sdram_RD_FIFO:u_read1_fifo|dcfifo_mixed_widths:dcfifo_mixed_widths_component|dcfifo_ahp1:auto_generated|a_graycounter_nv6:rdptr_g1p                                                                                                            ; a_graycounter_nv6                                            ; work         ;
;                |alt_synch_pipe_apl:rs_dgwp|                                                                                           ; 0 (0)               ; 20 (0)                    ; 0                 ; 0          ; 0    ; 0            ; |DE1_SoC_CAMERA|Sdram_Control:u7|Sdram_RD_FIFO:u_read1_fifo|dcfifo_mixed_widths:dcfifo_mixed_widths_component|dcfifo_ahp1:auto_generated|alt_synch_pipe_apl:rs_dgwp                                                                                                             ; alt_synch_pipe_apl                                           ; work         ;
;                   |dffpipe_re9:dffpipe5|                                                                                              ; 0 (0)               ; 20 (20)                   ; 0                 ; 0          ; 0    ; 0            ; |DE1_SoC_CAMERA|Sdram_Control:u7|Sdram_RD_FIFO:u_read1_fifo|dcfifo_mixed_widths:dcfifo_mixed_widths_component|dcfifo_ahp1:auto_generated|alt_synch_pipe_apl:rs_dgwp|dffpipe_re9:dffpipe5                                                                                        ; dffpipe_re9                                                  ; work         ;
;                |alt_synch_pipe_bpl:ws_dgrp|                                                                                           ; 0 (0)               ; 20 (0)                    ; 0                 ; 0          ; 0    ; 0            ; |DE1_SoC_CAMERA|Sdram_Control:u7|Sdram_RD_FIFO:u_read1_fifo|dcfifo_mixed_widths:dcfifo_mixed_widths_component|dcfifo_ahp1:auto_generated|alt_synch_pipe_bpl:ws_dgrp                                                                                                             ; alt_synch_pipe_bpl                                           ; work         ;
;                   |dffpipe_se9:dffpipe8|                                                                                              ; 0 (0)               ; 20 (20)                   ; 0                 ; 0          ; 0    ; 0            ; |DE1_SoC_CAMERA|Sdram_Control:u7|Sdram_RD_FIFO:u_read1_fifo|dcfifo_mixed_widths:dcfifo_mixed_widths_component|dcfifo_ahp1:auto_generated|alt_synch_pipe_bpl:ws_dgrp|dffpipe_se9:dffpipe8                                                                                        ; dffpipe_se9                                                  ; work         ;
;                |altsyncram_86d1:fifo_ram|                                                                                             ; 0 (0)               ; 0 (0)                     ; 7680              ; 0          ; 0    ; 0            ; |DE1_SoC_CAMERA|Sdram_Control:u7|Sdram_RD_FIFO:u_read1_fifo|dcfifo_mixed_widths:dcfifo_mixed_widths_component|dcfifo_ahp1:auto_generated|altsyncram_86d1:fifo_ram                                                                                                               ; altsyncram_86d1                                              ; work         ;
;                |cmpr_906:rdempty_eq_comp|                                                                                             ; 5 (5)               ; 0 (0)                     ; 0                 ; 0          ; 0    ; 0            ; |DE1_SoC_CAMERA|Sdram_Control:u7|Sdram_RD_FIFO:u_read1_fifo|dcfifo_mixed_widths:dcfifo_mixed_widths_component|dcfifo_ahp1:auto_generated|cmpr_906:rdempty_eq_comp                                                                                                               ; cmpr_906                                                     ; work         ;
;                |cmpr_906:wrfull_eq_comp|                                                                                              ; 4 (4)               ; 0 (0)                     ; 0                 ; 0          ; 0    ; 0            ; |DE1_SoC_CAMERA|Sdram_Control:u7|Sdram_RD_FIFO:u_read1_fifo|dcfifo_mixed_widths:dcfifo_mixed_widths_component|dcfifo_ahp1:auto_generated|cmpr_906:wrfull_eq_comp                                                                                                                ; cmpr_906                                                     ; work         ;
;                |dffpipe_oe9:ws_brp|                                                                                                   ; 0 (0)               ; 8 (8)                     ; 0                 ; 0          ; 0    ; 0            ; |DE1_SoC_CAMERA|Sdram_Control:u7|Sdram_RD_FIFO:u_read1_fifo|dcfifo_mixed_widths:dcfifo_mixed_widths_component|dcfifo_ahp1:auto_generated|dffpipe_oe9:ws_brp                                                                                                                     ; dffpipe_oe9                                                  ; work         ;
;                |dffpipe_oe9:ws_bwp|                                                                                                   ; 0 (0)               ; 8 (8)                     ; 0                 ; 0          ; 0    ; 0            ; |DE1_SoC_CAMERA|Sdram_Control:u7|Sdram_RD_FIFO:u_read1_fifo|dcfifo_mixed_widths:dcfifo_mixed_widths_component|dcfifo_ahp1:auto_generated|dffpipe_oe9:ws_bwp                                                                                                                     ; dffpipe_oe9                                                  ; work         ;
;       |Sdram_RD_FIFO:u_read2_fifo|                                                                                                    ; 72 (0)              ; 112 (0)                   ; 7680              ; 0          ; 0    ; 0            ; |DE1_SoC_CAMERA|Sdram_Control:u7|Sdram_RD_FIFO:u_read2_fifo                                                                                                                                                                                                                     ; Sdram_RD_FIFO                                                ; work         ;
;          |dcfifo_mixed_widths:dcfifo_mixed_widths_component|                                                                          ; 72 (0)              ; 112 (0)                   ; 7680              ; 0          ; 0    ; 0            ; |DE1_SoC_CAMERA|Sdram_Control:u7|Sdram_RD_FIFO:u_read2_fifo|dcfifo_mixed_widths:dcfifo_mixed_widths_component                                                                                                                                                                   ; dcfifo_mixed_widths                                          ; work         ;
;             |dcfifo_ahp1:auto_generated|                                                                                              ; 72 (14)             ; 112 (30)                  ; 7680              ; 0          ; 0    ; 0            ; |DE1_SoC_CAMERA|Sdram_Control:u7|Sdram_RD_FIFO:u_read2_fifo|dcfifo_mixed_widths:dcfifo_mixed_widths_component|dcfifo_ahp1:auto_generated                                                                                                                                        ; dcfifo_ahp1                                                  ; work         ;
;                |a_gray2bin_oab:wrptr_g_gray2bin|                                                                                      ; 8 (8)               ; 0 (0)                     ; 0                 ; 0          ; 0    ; 0            ; |DE1_SoC_CAMERA|Sdram_Control:u7|Sdram_RD_FIFO:u_read2_fifo|dcfifo_mixed_widths:dcfifo_mixed_widths_component|dcfifo_ahp1:auto_generated|a_gray2bin_oab:wrptr_g_gray2bin                                                                                                        ; a_gray2bin_oab                                               ; work         ;
;                |a_gray2bin_oab:ws_dgrp_gray2bin|                                                                                      ; 8 (8)               ; 0 (0)                     ; 0                 ; 0          ; 0    ; 0            ; |DE1_SoC_CAMERA|Sdram_Control:u7|Sdram_RD_FIFO:u_read2_fifo|dcfifo_mixed_widths:dcfifo_mixed_widths_component|dcfifo_ahp1:auto_generated|a_gray2bin_oab:ws_dgrp_gray2bin                                                                                                        ; a_gray2bin_oab                                               ; work         ;
;                |a_graycounter_jdc:wrptr_g1p|                                                                                          ; 15 (15)             ; 13 (13)                   ; 0                 ; 0          ; 0    ; 0            ; |DE1_SoC_CAMERA|Sdram_Control:u7|Sdram_RD_FIFO:u_read2_fifo|dcfifo_mixed_widths:dcfifo_mixed_widths_component|dcfifo_ahp1:auto_generated|a_graycounter_jdc:wrptr_g1p                                                                                                            ; a_graycounter_jdc                                            ; work         ;
;                |a_graycounter_nv6:rdptr_g1p|                                                                                          ; 18 (18)             ; 13 (13)                   ; 0                 ; 0          ; 0    ; 0            ; |DE1_SoC_CAMERA|Sdram_Control:u7|Sdram_RD_FIFO:u_read2_fifo|dcfifo_mixed_widths:dcfifo_mixed_widths_component|dcfifo_ahp1:auto_generated|a_graycounter_nv6:rdptr_g1p                                                                                                            ; a_graycounter_nv6                                            ; work         ;
;                |alt_synch_pipe_apl:rs_dgwp|                                                                                           ; 0 (0)               ; 20 (0)                    ; 0                 ; 0          ; 0    ; 0            ; |DE1_SoC_CAMERA|Sdram_Control:u7|Sdram_RD_FIFO:u_read2_fifo|dcfifo_mixed_widths:dcfifo_mixed_widths_component|dcfifo_ahp1:auto_generated|alt_synch_pipe_apl:rs_dgwp                                                                                                             ; alt_synch_pipe_apl                                           ; work         ;
;                   |dffpipe_re9:dffpipe5|                                                                                              ; 0 (0)               ; 20 (20)                   ; 0                 ; 0          ; 0    ; 0            ; |DE1_SoC_CAMERA|Sdram_Control:u7|Sdram_RD_FIFO:u_read2_fifo|dcfifo_mixed_widths:dcfifo_mixed_widths_component|dcfifo_ahp1:auto_generated|alt_synch_pipe_apl:rs_dgwp|dffpipe_re9:dffpipe5                                                                                        ; dffpipe_re9                                                  ; work         ;
;                |alt_synch_pipe_bpl:ws_dgrp|                                                                                           ; 0 (0)               ; 20 (0)                    ; 0                 ; 0          ; 0    ; 0            ; |DE1_SoC_CAMERA|Sdram_Control:u7|Sdram_RD_FIFO:u_read2_fifo|dcfifo_mixed_widths:dcfifo_mixed_widths_component|dcfifo_ahp1:auto_generated|alt_synch_pipe_bpl:ws_dgrp                                                                                                             ; alt_synch_pipe_bpl                                           ; work         ;
;                   |dffpipe_se9:dffpipe8|                                                                                              ; 0 (0)               ; 20 (20)                   ; 0                 ; 0          ; 0    ; 0            ; |DE1_SoC_CAMERA|Sdram_Control:u7|Sdram_RD_FIFO:u_read2_fifo|dcfifo_mixed_widths:dcfifo_mixed_widths_component|dcfifo_ahp1:auto_generated|alt_synch_pipe_bpl:ws_dgrp|dffpipe_se9:dffpipe8                                                                                        ; dffpipe_se9                                                  ; work         ;
;                |altsyncram_86d1:fifo_ram|                                                                                             ; 0 (0)               ; 0 (0)                     ; 7680              ; 0          ; 0    ; 0            ; |DE1_SoC_CAMERA|Sdram_Control:u7|Sdram_RD_FIFO:u_read2_fifo|dcfifo_mixed_widths:dcfifo_mixed_widths_component|dcfifo_ahp1:auto_generated|altsyncram_86d1:fifo_ram                                                                                                               ; altsyncram_86d1                                              ; work         ;
;                |cmpr_906:rdempty_eq_comp|                                                                                             ; 5 (5)               ; 0 (0)                     ; 0                 ; 0          ; 0    ; 0            ; |DE1_SoC_CAMERA|Sdram_Control:u7|Sdram_RD_FIFO:u_read2_fifo|dcfifo_mixed_widths:dcfifo_mixed_widths_component|dcfifo_ahp1:auto_generated|cmpr_906:rdempty_eq_comp                                                                                                               ; cmpr_906                                                     ; work         ;
;                |cmpr_906:wrfull_eq_comp|                                                                                              ; 4 (4)               ; 0 (0)                     ; 0                 ; 0          ; 0    ; 0            ; |DE1_SoC_CAMERA|Sdram_Control:u7|Sdram_RD_FIFO:u_read2_fifo|dcfifo_mixed_widths:dcfifo_mixed_widths_component|dcfifo_ahp1:auto_generated|cmpr_906:wrfull_eq_comp                                                                                                                ; cmpr_906                                                     ; work         ;
;                |dffpipe_oe9:ws_brp|                                                                                                   ; 0 (0)               ; 8 (8)                     ; 0                 ; 0          ; 0    ; 0            ; |DE1_SoC_CAMERA|Sdram_Control:u7|Sdram_RD_FIFO:u_read2_fifo|dcfifo_mixed_widths:dcfifo_mixed_widths_component|dcfifo_ahp1:auto_generated|dffpipe_oe9:ws_brp                                                                                                                     ; dffpipe_oe9                                                  ; work         ;
;                |dffpipe_oe9:ws_bwp|                                                                                                   ; 0 (0)               ; 8 (8)                     ; 0                 ; 0          ; 0    ; 0            ; |DE1_SoC_CAMERA|Sdram_Control:u7|Sdram_RD_FIFO:u_read2_fifo|dcfifo_mixed_widths:dcfifo_mixed_widths_component|dcfifo_ahp1:auto_generated|dffpipe_oe9:ws_bwp                                                                                                                     ; dffpipe_oe9                                                  ; work         ;
;       |Sdram_WR_FIFO:u_write1_fifo|                                                                                                   ; 72 (0)              ; 112 (0)                   ; 8192              ; 0          ; 0    ; 0            ; |DE1_SoC_CAMERA|Sdram_Control:u7|Sdram_WR_FIFO:u_write1_fifo                                                                                                                                                                                                                    ; Sdram_WR_FIFO                                                ; work         ;
;          |dcfifo_mixed_widths:dcfifo_mixed_widths_component|                                                                          ; 72 (0)              ; 112 (0)                   ; 8192              ; 0          ; 0    ; 0            ; |DE1_SoC_CAMERA|Sdram_Control:u7|Sdram_WR_FIFO:u_write1_fifo|dcfifo_mixed_widths:dcfifo_mixed_widths_component                                                                                                                                                                  ; dcfifo_mixed_widths                                          ; work         ;
;             |dcfifo_ngp1:auto_generated|                                                                                              ; 72 (14)             ; 112 (30)                  ; 8192              ; 0          ; 0    ; 0            ; |DE1_SoC_CAMERA|Sdram_Control:u7|Sdram_WR_FIFO:u_write1_fifo|dcfifo_mixed_widths:dcfifo_mixed_widths_component|dcfifo_ngp1:auto_generated                                                                                                                                       ; dcfifo_ngp1                                                  ; work         ;
;                |a_gray2bin_oab:rdptr_g_gray2bin|                                                                                      ; 8 (8)               ; 0 (0)                     ; 0                 ; 0          ; 0    ; 0            ; |DE1_SoC_CAMERA|Sdram_Control:u7|Sdram_WR_FIFO:u_write1_fifo|dcfifo_mixed_widths:dcfifo_mixed_widths_component|dcfifo_ngp1:auto_generated|a_gray2bin_oab:rdptr_g_gray2bin                                                                                                       ; a_gray2bin_oab                                               ; work         ;
;                |a_gray2bin_oab:rs_dgwp_gray2bin|                                                                                      ; 8 (8)               ; 0 (0)                     ; 0                 ; 0          ; 0    ; 0            ; |DE1_SoC_CAMERA|Sdram_Control:u7|Sdram_WR_FIFO:u_write1_fifo|dcfifo_mixed_widths:dcfifo_mixed_widths_component|dcfifo_ngp1:auto_generated|a_gray2bin_oab:rs_dgwp_gray2bin                                                                                                       ; a_gray2bin_oab                                               ; work         ;
;                |a_graycounter_jdc:wrptr_g1p|                                                                                          ; 16 (16)             ; 13 (13)                   ; 0                 ; 0          ; 0    ; 0            ; |DE1_SoC_CAMERA|Sdram_Control:u7|Sdram_WR_FIFO:u_write1_fifo|dcfifo_mixed_widths:dcfifo_mixed_widths_component|dcfifo_ngp1:auto_generated|a_graycounter_jdc:wrptr_g1p                                                                                                           ; a_graycounter_jdc                                            ; work         ;
;                |a_graycounter_nv6:rdptr_g1p|                                                                                          ; 17 (17)             ; 13 (13)                   ; 0                 ; 0          ; 0    ; 0            ; |DE1_SoC_CAMERA|Sdram_Control:u7|Sdram_WR_FIFO:u_write1_fifo|dcfifo_mixed_widths:dcfifo_mixed_widths_component|dcfifo_ngp1:auto_generated|a_graycounter_nv6:rdptr_g1p                                                                                                           ; a_graycounter_nv6                                            ; work         ;
;                |alt_synch_pipe_8pl:rs_dgwp|                                                                                           ; 0 (0)               ; 20 (0)                    ; 0                 ; 0          ; 0    ; 0            ; |DE1_SoC_CAMERA|Sdram_Control:u7|Sdram_WR_FIFO:u_write1_fifo|dcfifo_mixed_widths:dcfifo_mixed_widths_component|dcfifo_ngp1:auto_generated|alt_synch_pipe_8pl:rs_dgwp                                                                                                            ; alt_synch_pipe_8pl                                           ; work         ;
;                   |dffpipe_pe9:dffpipe13|                                                                                             ; 0 (0)               ; 20 (20)                   ; 0                 ; 0          ; 0    ; 0            ; |DE1_SoC_CAMERA|Sdram_Control:u7|Sdram_WR_FIFO:u_write1_fifo|dcfifo_mixed_widths:dcfifo_mixed_widths_component|dcfifo_ngp1:auto_generated|alt_synch_pipe_8pl:rs_dgwp|dffpipe_pe9:dffpipe13                                                                                      ; dffpipe_pe9                                                  ; work         ;
;                |alt_synch_pipe_9pl:ws_dgrp|                                                                                           ; 0 (0)               ; 20 (0)                    ; 0                 ; 0          ; 0    ; 0            ; |DE1_SoC_CAMERA|Sdram_Control:u7|Sdram_WR_FIFO:u_write1_fifo|dcfifo_mixed_widths:dcfifo_mixed_widths_component|dcfifo_ngp1:auto_generated|alt_synch_pipe_9pl:ws_dgrp                                                                                                            ; alt_synch_pipe_9pl                                           ; work         ;
;                   |dffpipe_qe9:dffpipe16|                                                                                             ; 0 (0)               ; 20 (20)                   ; 0                 ; 0          ; 0    ; 0            ; |DE1_SoC_CAMERA|Sdram_Control:u7|Sdram_WR_FIFO:u_write1_fifo|dcfifo_mixed_widths:dcfifo_mixed_widths_component|dcfifo_ngp1:auto_generated|alt_synch_pipe_9pl:ws_dgrp|dffpipe_qe9:dffpipe16                                                                                      ; dffpipe_qe9                                                  ; work         ;
;                |altsyncram_86d1:fifo_ram|                                                                                             ; 0 (0)               ; 0 (0)                     ; 8192              ; 0          ; 0    ; 0            ; |DE1_SoC_CAMERA|Sdram_Control:u7|Sdram_WR_FIFO:u_write1_fifo|dcfifo_mixed_widths:dcfifo_mixed_widths_component|dcfifo_ngp1:auto_generated|altsyncram_86d1:fifo_ram                                                                                                              ; altsyncram_86d1                                              ; work         ;
;                |cmpr_906:rdempty_eq_comp|                                                                                             ; 4 (4)               ; 0 (0)                     ; 0                 ; 0          ; 0    ; 0            ; |DE1_SoC_CAMERA|Sdram_Control:u7|Sdram_WR_FIFO:u_write1_fifo|dcfifo_mixed_widths:dcfifo_mixed_widths_component|dcfifo_ngp1:auto_generated|cmpr_906:rdempty_eq_comp                                                                                                              ; cmpr_906                                                     ; work         ;
;                |cmpr_906:wrfull_eq_comp|                                                                                              ; 5 (5)               ; 0 (0)                     ; 0                 ; 0          ; 0    ; 0            ; |DE1_SoC_CAMERA|Sdram_Control:u7|Sdram_WR_FIFO:u_write1_fifo|dcfifo_mixed_widths:dcfifo_mixed_widths_component|dcfifo_ngp1:auto_generated|cmpr_906:wrfull_eq_comp                                                                                                               ; cmpr_906                                                     ; work         ;
;                |dffpipe_oe9:rs_brp|                                                                                                   ; 0 (0)               ; 8 (8)                     ; 0                 ; 0          ; 0    ; 0            ; |DE1_SoC_CAMERA|Sdram_Control:u7|Sdram_WR_FIFO:u_write1_fifo|dcfifo_mixed_widths:dcfifo_mixed_widths_component|dcfifo_ngp1:auto_generated|dffpipe_oe9:rs_brp                                                                                                                    ; dffpipe_oe9                                                  ; work         ;
;                |dffpipe_oe9:rs_bwp|                                                                                                   ; 0 (0)               ; 8 (8)                     ; 0                 ; 0          ; 0    ; 0            ; |DE1_SoC_CAMERA|Sdram_Control:u7|Sdram_WR_FIFO:u_write1_fifo|dcfifo_mixed_widths:dcfifo_mixed_widths_component|dcfifo_ngp1:auto_generated|dffpipe_oe9:rs_bwp                                                                                                                    ; dffpipe_oe9                                                  ; work         ;
;       |Sdram_WR_FIFO:u_write2_fifo|                                                                                                   ; 72 (0)              ; 112 (0)                   ; 8192              ; 0          ; 0    ; 0            ; |DE1_SoC_CAMERA|Sdram_Control:u7|Sdram_WR_FIFO:u_write2_fifo                                                                                                                                                                                                                    ; Sdram_WR_FIFO                                                ; work         ;
;          |dcfifo_mixed_widths:dcfifo_mixed_widths_component|                                                                          ; 72 (0)              ; 112 (0)                   ; 8192              ; 0          ; 0    ; 0            ; |DE1_SoC_CAMERA|Sdram_Control:u7|Sdram_WR_FIFO:u_write2_fifo|dcfifo_mixed_widths:dcfifo_mixed_widths_component                                                                                                                                                                  ; dcfifo_mixed_widths                                          ; work         ;
;             |dcfifo_ngp1:auto_generated|                                                                                              ; 72 (14)             ; 112 (30)                  ; 8192              ; 0          ; 0    ; 0            ; |DE1_SoC_CAMERA|Sdram_Control:u7|Sdram_WR_FIFO:u_write2_fifo|dcfifo_mixed_widths:dcfifo_mixed_widths_component|dcfifo_ngp1:auto_generated                                                                                                                                       ; dcfifo_ngp1                                                  ; work         ;
;                |a_gray2bin_oab:rdptr_g_gray2bin|                                                                                      ; 8 (8)               ; 0 (0)                     ; 0                 ; 0          ; 0    ; 0            ; |DE1_SoC_CAMERA|Sdram_Control:u7|Sdram_WR_FIFO:u_write2_fifo|dcfifo_mixed_widths:dcfifo_mixed_widths_component|dcfifo_ngp1:auto_generated|a_gray2bin_oab:rdptr_g_gray2bin                                                                                                       ; a_gray2bin_oab                                               ; work         ;
;                |a_gray2bin_oab:rs_dgwp_gray2bin|                                                                                      ; 8 (8)               ; 0 (0)                     ; 0                 ; 0          ; 0    ; 0            ; |DE1_SoC_CAMERA|Sdram_Control:u7|Sdram_WR_FIFO:u_write2_fifo|dcfifo_mixed_widths:dcfifo_mixed_widths_component|dcfifo_ngp1:auto_generated|a_gray2bin_oab:rs_dgwp_gray2bin                                                                                                       ; a_gray2bin_oab                                               ; work         ;
;                |a_graycounter_jdc:wrptr_g1p|                                                                                          ; 16 (16)             ; 13 (13)                   ; 0                 ; 0          ; 0    ; 0            ; |DE1_SoC_CAMERA|Sdram_Control:u7|Sdram_WR_FIFO:u_write2_fifo|dcfifo_mixed_widths:dcfifo_mixed_widths_component|dcfifo_ngp1:auto_generated|a_graycounter_jdc:wrptr_g1p                                                                                                           ; a_graycounter_jdc                                            ; work         ;
;                |a_graycounter_nv6:rdptr_g1p|                                                                                          ; 17 (17)             ; 13 (13)                   ; 0                 ; 0          ; 0    ; 0            ; |DE1_SoC_CAMERA|Sdram_Control:u7|Sdram_WR_FIFO:u_write2_fifo|dcfifo_mixed_widths:dcfifo_mixed_widths_component|dcfifo_ngp1:auto_generated|a_graycounter_nv6:rdptr_g1p                                                                                                           ; a_graycounter_nv6                                            ; work         ;
;                |alt_synch_pipe_8pl:rs_dgwp|                                                                                           ; 0 (0)               ; 20 (0)                    ; 0                 ; 0          ; 0    ; 0            ; |DE1_SoC_CAMERA|Sdram_Control:u7|Sdram_WR_FIFO:u_write2_fifo|dcfifo_mixed_widths:dcfifo_mixed_widths_component|dcfifo_ngp1:auto_generated|alt_synch_pipe_8pl:rs_dgwp                                                                                                            ; alt_synch_pipe_8pl                                           ; work         ;
;                   |dffpipe_pe9:dffpipe13|                                                                                             ; 0 (0)               ; 20 (20)                   ; 0                 ; 0          ; 0    ; 0            ; |DE1_SoC_CAMERA|Sdram_Control:u7|Sdram_WR_FIFO:u_write2_fifo|dcfifo_mixed_widths:dcfifo_mixed_widths_component|dcfifo_ngp1:auto_generated|alt_synch_pipe_8pl:rs_dgwp|dffpipe_pe9:dffpipe13                                                                                      ; dffpipe_pe9                                                  ; work         ;
;                |alt_synch_pipe_9pl:ws_dgrp|                                                                                           ; 0 (0)               ; 20 (0)                    ; 0                 ; 0          ; 0    ; 0            ; |DE1_SoC_CAMERA|Sdram_Control:u7|Sdram_WR_FIFO:u_write2_fifo|dcfifo_mixed_widths:dcfifo_mixed_widths_component|dcfifo_ngp1:auto_generated|alt_synch_pipe_9pl:ws_dgrp                                                                                                            ; alt_synch_pipe_9pl                                           ; work         ;
;                   |dffpipe_qe9:dffpipe16|                                                                                             ; 0 (0)               ; 20 (20)                   ; 0                 ; 0          ; 0    ; 0            ; |DE1_SoC_CAMERA|Sdram_Control:u7|Sdram_WR_FIFO:u_write2_fifo|dcfifo_mixed_widths:dcfifo_mixed_widths_component|dcfifo_ngp1:auto_generated|alt_synch_pipe_9pl:ws_dgrp|dffpipe_qe9:dffpipe16                                                                                      ; dffpipe_qe9                                                  ; work         ;
;                |altsyncram_86d1:fifo_ram|                                                                                             ; 0 (0)               ; 0 (0)                     ; 8192              ; 0          ; 0    ; 0            ; |DE1_SoC_CAMERA|Sdram_Control:u7|Sdram_WR_FIFO:u_write2_fifo|dcfifo_mixed_widths:dcfifo_mixed_widths_component|dcfifo_ngp1:auto_generated|altsyncram_86d1:fifo_ram                                                                                                              ; altsyncram_86d1                                              ; work         ;
;                |cmpr_906:rdempty_eq_comp|                                                                                             ; 4 (4)               ; 0 (0)                     ; 0                 ; 0          ; 0    ; 0            ; |DE1_SoC_CAMERA|Sdram_Control:u7|Sdram_WR_FIFO:u_write2_fifo|dcfifo_mixed_widths:dcfifo_mixed_widths_component|dcfifo_ngp1:auto_generated|cmpr_906:rdempty_eq_comp                                                                                                              ; cmpr_906                                                     ; work         ;
;                |cmpr_906:wrfull_eq_comp|                                                                                              ; 5 (5)               ; 0 (0)                     ; 0                 ; 0          ; 0    ; 0            ; |DE1_SoC_CAMERA|Sdram_Control:u7|Sdram_WR_FIFO:u_write2_fifo|dcfifo_mixed_widths:dcfifo_mixed_widths_component|dcfifo_ngp1:auto_generated|cmpr_906:wrfull_eq_comp                                                                                                               ; cmpr_906                                                     ; work         ;
;                |dffpipe_oe9:rs_brp|                                                                                                   ; 0 (0)               ; 8 (8)                     ; 0                 ; 0          ; 0    ; 0            ; |DE1_SoC_CAMERA|Sdram_Control:u7|Sdram_WR_FIFO:u_write2_fifo|dcfifo_mixed_widths:dcfifo_mixed_widths_component|dcfifo_ngp1:auto_generated|dffpipe_oe9:rs_brp                                                                                                                    ; dffpipe_oe9                                                  ; work         ;
;                |dffpipe_oe9:rs_bwp|                                                                                                   ; 0 (0)               ; 8 (8)                     ; 0                 ; 0          ; 0    ; 0            ; |DE1_SoC_CAMERA|Sdram_Control:u7|Sdram_WR_FIFO:u_write2_fifo|dcfifo_mixed_widths:dcfifo_mixed_widths_component|dcfifo_ngp1:auto_generated|dffpipe_oe9:rs_bwp                                                                                                                    ; dffpipe_oe9                                                  ; work         ;
;       |command:u_command|                                                                                                             ; 54 (54)             ; 49 (49)                   ; 0                 ; 0          ; 0    ; 0            ; |DE1_SoC_CAMERA|Sdram_Control:u7|command:u_command                                                                                                                                                                                                                              ; command                                                      ; work         ;
;       |control_interface:u_control_interface|                                                                                         ; 75 (75)             ; 59 (59)                   ; 0                 ; 0          ; 0    ; 0            ; |DE1_SoC_CAMERA|Sdram_Control:u7|control_interface:u_control_interface                                                                                                                                                                                                          ; control_interface                                            ; work         ;
;    |VGA_Controller:u1|                                                                                                                ; 65 (65)             ; 83 (83)                   ; 0                 ; 0          ; 0    ; 0            ; |DE1_SoC_CAMERA|VGA_Controller:u1                                                                                                                                                                                                                                               ; VGA_Controller                                               ; work         ;
;    |color_detect:u_detect|                                                                                                            ; 1212 (700)          ; 1355 (1355)               ; 0                 ; 0          ; 0    ; 0            ; |DE1_SoC_CAMERA|color_detect:u_detect                                                                                                                                                                                                                                           ; color_detect                                                 ; work         ;
;       |lpm_divide:Div0|                                                                                                               ; 256 (0)             ; 0 (0)                     ; 0                 ; 0          ; 0    ; 0            ; |DE1_SoC_CAMERA|color_detect:u_detect|lpm_divide:Div0                                                                                                                                                                                                                           ; lpm_divide                                                   ; work         ;
;          |lpm_divide_obm:auto_generated|                                                                                              ; 256 (0)             ; 0 (0)                     ; 0                 ; 0          ; 0    ; 0            ; |DE1_SoC_CAMERA|color_detect:u_detect|lpm_divide:Div0|lpm_divide_obm:auto_generated                                                                                                                                                                                             ; lpm_divide_obm                                               ; work         ;
;             |sign_div_unsign_ulh:divider|                                                                                             ; 256 (0)             ; 0 (0)                     ; 0                 ; 0          ; 0    ; 0            ; |DE1_SoC_CAMERA|color_detect:u_detect|lpm_divide:Div0|lpm_divide_obm:auto_generated|sign_div_unsign_ulh:divider                                                                                                                                                                 ; sign_div_unsign_ulh                                          ; work         ;
;                |alt_u_div_20f:divider|                                                                                                ; 256 (256)           ; 0 (0)                     ; 0                 ; 0          ; 0    ; 0            ; |DE1_SoC_CAMERA|color_detect:u_detect|lpm_divide:Div0|lpm_divide_obm:auto_generated|sign_div_unsign_ulh:divider|alt_u_div_20f:divider                                                                                                                                           ; alt_u_div_20f                                                ; work         ;
;       |lpm_divide:Div1|                                                                                                               ; 256 (0)             ; 0 (0)                     ; 0                 ; 0          ; 0    ; 0            ; |DE1_SoC_CAMERA|color_detect:u_detect|lpm_divide:Div1                                                                                                                                                                                                                           ; lpm_divide                                                   ; work         ;
;          |lpm_divide_obm:auto_generated|                                                                                              ; 256 (0)             ; 0 (0)                     ; 0                 ; 0          ; 0    ; 0            ; |DE1_SoC_CAMERA|color_detect:u_detect|lpm_divide:Div1|lpm_divide_obm:auto_generated                                                                                                                                                                                             ; lpm_divide_obm                                               ; work         ;
;             |sign_div_unsign_ulh:divider|                                                                                             ; 256 (0)             ; 0 (0)                     ; 0                 ; 0          ; 0    ; 0            ; |DE1_SoC_CAMERA|color_detect:u_detect|lpm_divide:Div1|lpm_divide_obm:auto_generated|sign_div_unsign_ulh:divider                                                                                                                                                                 ; sign_div_unsign_ulh                                          ; work         ;
;                |alt_u_div_20f:divider|                                                                                                ; 256 (256)           ; 0 (0)                     ; 0                 ; 0          ; 0    ; 0            ; |DE1_SoC_CAMERA|color_detect:u_detect|lpm_divide:Div1|lpm_divide_obm:auto_generated|sign_div_unsign_ulh:divider|alt_u_div_20f:divider                                                                                                                                           ; alt_u_div_20f                                                ; work         ;
;    |overlay:u_overlay|                                                                                                                ; 127 (127)           ; 0 (0)                     ; 0                 ; 0          ; 0    ; 0            ; |DE1_SoC_CAMERA|overlay:u_overlay                                                                                                                                                                                                                                               ; overlay                                                      ; work         ;
;    |sdram_pll:u6|                                                                                                                     ; 0 (0)               ; 0 (0)                     ; 0                 ; 0          ; 0    ; 0            ; |DE1_SoC_CAMERA|sdram_pll:u6                                                                                                                                                                                                                                                    ; sdram_pll                                                    ; sdram_pll    ;
;       |sdram_pll_0002:sdram_pll_inst|                                                                                                 ; 0 (0)               ; 0 (0)                     ; 0                 ; 0          ; 0    ; 0            ; |DE1_SoC_CAMERA|sdram_pll:u6|sdram_pll_0002:sdram_pll_inst                                                                                                                                                                                                                      ; sdram_pll_0002                                               ; sdram_pll    ;
;          |altera_pll:altera_pll_i|                                                                                                    ; 0 (0)               ; 0 (0)                     ; 0                 ; 0          ; 0    ; 0            ; |DE1_SoC_CAMERA|sdram_pll:u6|sdram_pll_0002:sdram_pll_inst|altera_pll:altera_pll_i                                                                                                                                                                                              ; altera_pll                                                   ; work         ;
;    |snake_wrapper:u_game|                                                                                                             ; 571 (0)             ; 332 (0)                   ; 5700              ; 0          ; 0    ; 0            ; |DE1_SoC_CAMERA|snake_wrapper:u_game                                                                                                                                                                                                                                            ; snake_wrapper                                                ; work         ;
;       |snake_top:u_snake_top|                                                                                                         ; 571 (340)           ; 332 (209)                 ; 5700              ; 0          ; 0    ; 0            ; |DE1_SoC_CAMERA|snake_wrapper:u_game|snake_top:u_snake_top                                                                                                                                                                                                                      ; snake_top                                                    ; work         ;
;          |snake_top_grid_RAM_AUTO_1R1W:grid_U|                                                                                        ; 3 (3)               ; 0 (0)                     ; 300               ; 0          ; 0    ; 0            ; |DE1_SoC_CAMERA|snake_wrapper:u_game|snake_top:u_snake_top|snake_top_grid_RAM_AUTO_1R1W:grid_U                                                                                                                                                                                  ; snake_top_grid_RAM_AUTO_1R1W                                 ; work         ;
;             |altsyncram:ram_rtl_0|                                                                                                    ; 0 (0)               ; 0 (0)                     ; 300               ; 0          ; 0    ; 0            ; |DE1_SoC_CAMERA|snake_wrapper:u_game|snake_top:u_snake_top|snake_top_grid_RAM_AUTO_1R1W:grid_U|altsyncram:ram_rtl_0                                                                                                                                                             ; altsyncram                                                   ; work         ;
;                |altsyncram_2f12:auto_generated|                                                                                       ; 0 (0)               ; 0 (0)                     ; 300               ; 0          ; 0    ; 0            ; |DE1_SoC_CAMERA|snake_wrapper:u_game|snake_top:u_snake_top|snake_top_grid_RAM_AUTO_1R1W:grid_U|altsyncram:ram_rtl_0|altsyncram_2f12:auto_generated                                                                                                                              ; altsyncram_2f12                                              ; work         ;
;          |snake_top_snake_top_Pipeline_VITIS_LOOP_214_5:grp_snake_top_Pipeline_VITIS_LOOP_214_5_fu_521|                               ; 32 (27)             ; 22 (20)                   ; 0                 ; 0          ; 0    ; 0            ; |DE1_SoC_CAMERA|snake_wrapper:u_game|snake_top:u_snake_top|snake_top_snake_top_Pipeline_VITIS_LOOP_214_5:grp_snake_top_Pipeline_VITIS_LOOP_214_5_fu_521                                                                                                                         ; snake_top_snake_top_Pipeline_VITIS_LOOP_214_5                ; work         ;
;             |snake_top_flow_control_loop_pipe_sequential_init:flow_control_loop_pipe_sequential_init_U|                               ; 5 (5)               ; 2 (2)                     ; 0                 ; 0          ; 0    ; 0            ; |DE1_SoC_CAMERA|snake_wrapper:u_game|snake_top:u_snake_top|snake_top_snake_top_Pipeline_VITIS_LOOP_214_5:grp_snake_top_Pipeline_VITIS_LOOP_214_5_fu_521|snake_top_flow_control_loop_pipe_sequential_init:flow_control_loop_pipe_sequential_init_U                               ; snake_top_flow_control_loop_pipe_sequential_init             ; work         ;
;          |snake_top_snake_top_Pipeline_VITIS_LOOP_27_11:grp_snake_top_Pipeline_VITIS_LOOP_27_11_fu_531|                               ; 46 (41)             ; 33 (31)                   ; 0                 ; 0          ; 0    ; 0            ; |DE1_SoC_CAMERA|snake_wrapper:u_game|snake_top:u_snake_top|snake_top_snake_top_Pipeline_VITIS_LOOP_27_11:grp_snake_top_Pipeline_VITIS_LOOP_27_11_fu_531                                                                                                                         ; snake_top_snake_top_Pipeline_VITIS_LOOP_27_11                ; work         ;
;             |snake_top_flow_control_loop_pipe_sequential_init:flow_control_loop_pipe_sequential_init_U|                               ; 5 (5)               ; 2 (2)                     ; 0                 ; 0          ; 0    ; 0            ; |DE1_SoC_CAMERA|snake_wrapper:u_game|snake_top:u_snake_top|snake_top_snake_top_Pipeline_VITIS_LOOP_27_11:grp_snake_top_Pipeline_VITIS_LOOP_27_11_fu_531|snake_top_flow_control_loop_pipe_sequential_init:flow_control_loop_pipe_sequential_init_U                               ; snake_top_flow_control_loop_pipe_sequential_init             ; work         ;
;          |snake_top_snake_top_Pipeline_VITIS_LOOP_27_1:grp_snake_top_Pipeline_VITIS_LOOP_27_1_fu_512|                                 ; 54 (49)             ; 33 (31)                   ; 0                 ; 0          ; 0    ; 0            ; |DE1_SoC_CAMERA|snake_wrapper:u_game|snake_top:u_snake_top|snake_top_snake_top_Pipeline_VITIS_LOOP_27_1:grp_snake_top_Pipeline_VITIS_LOOP_27_1_fu_512                                                                                                                           ; snake_top_snake_top_Pipeline_VITIS_LOOP_27_1                 ; work         ;
;             |snake_top_flow_control_loop_pipe_sequential_init:flow_control_loop_pipe_sequential_init_U|                               ; 5 (5)               ; 2 (2)                     ; 0                 ; 0          ; 0    ; 0            ; |DE1_SoC_CAMERA|snake_wrapper:u_game|snake_top:u_snake_top|snake_top_snake_top_Pipeline_VITIS_LOOP_27_1:grp_snake_top_Pipeline_VITIS_LOOP_27_1_fu_512|snake_top_flow_control_loop_pipe_sequential_init:flow_control_loop_pipe_sequential_init_U                                 ; snake_top_flow_control_loop_pipe_sequential_init             ; work         ;
;          |snake_top_snake_top_Pipeline_VITIS_LOOP_73_1_VITIS_LOOP_74_2:grp_snake_top_Pipeline_VITIS_LOOP_73_1_VITIS_LOOP_74_2_fu_488| ; 58 (54)             ; 20 (18)                   ; 0                 ; 0          ; 0    ; 0            ; |DE1_SoC_CAMERA|snake_wrapper:u_game|snake_top:u_snake_top|snake_top_snake_top_Pipeline_VITIS_LOOP_73_1_VITIS_LOOP_74_2:grp_snake_top_Pipeline_VITIS_LOOP_73_1_VITIS_LOOP_74_2_fu_488                                                                                           ; snake_top_snake_top_Pipeline_VITIS_LOOP_73_1_VITIS_LOOP_74_2 ; work         ;
;             |snake_top_flow_control_loop_pipe_sequential_init:flow_control_loop_pipe_sequential_init_U|                               ; 4 (4)               ; 2 (2)                     ; 0                 ; 0          ; 0    ; 0            ; |DE1_SoC_CAMERA|snake_wrapper:u_game|snake_top:u_snake_top|snake_top_snake_top_Pipeline_VITIS_LOOP_73_1_VITIS_LOOP_74_2:grp_snake_top_Pipeline_VITIS_LOOP_73_1_VITIS_LOOP_74_2_fu_488|snake_top_flow_control_loop_pipe_sequential_init:flow_control_loop_pipe_sequential_init_U ; snake_top_flow_control_loop_pipe_sequential_init             ; work         ;
;          |snake_top_snake_top_Pipeline_VITIS_LOOP_85_3:grp_snake_top_Pipeline_VITIS_LOOP_85_3_fu_494|                                 ; 11 (7)              ; 4 (2)                     ; 0                 ; 0          ; 0    ; 0            ; |DE1_SoC_CAMERA|snake_wrapper:u_game|snake_top:u_snake_top|snake_top_snake_top_Pipeline_VITIS_LOOP_85_3:grp_snake_top_Pipeline_VITIS_LOOP_85_3_fu_494                                                                                                                           ; snake_top_snake_top_Pipeline_VITIS_LOOP_85_3                 ; work         ;
;             |snake_top_flow_control_loop_pipe_sequential_init:flow_control_loop_pipe_sequential_init_U|                               ; 4 (4)               ; 2 (2)                     ; 0                 ; 0          ; 0    ; 0            ; |DE1_SoC_CAMERA|snake_wrapper:u_game|snake_top:u_snake_top|snake_top_snake_top_Pipeline_VITIS_LOOP_85_3:grp_snake_top_Pipeline_VITIS_LOOP_85_3_fu_494|snake_top_flow_control_loop_pipe_sequential_init:flow_control_loop_pipe_sequential_init_U                                 ; snake_top_flow_control_loop_pipe_sequential_init             ; work         ;
;          |snake_top_snake_top_Pipeline_VITIS_LOOP_94_4:grp_snake_top_Pipeline_VITIS_LOOP_94_4_fu_504|                                 ; 25 (22)             ; 11 (9)                    ; 0                 ; 0          ; 0    ; 0            ; |DE1_SoC_CAMERA|snake_wrapper:u_game|snake_top:u_snake_top|snake_top_snake_top_Pipeline_VITIS_LOOP_94_4:grp_snake_top_Pipeline_VITIS_LOOP_94_4_fu_504                                                                                                                           ; snake_top_snake_top_Pipeline_VITIS_LOOP_94_4                 ; work         ;
;             |snake_top_flow_control_loop_pipe_sequential_init:flow_control_loop_pipe_sequential_init_U|                               ; 3 (3)               ; 2 (2)                     ; 0                 ; 0          ; 0    ; 0            ; |DE1_SoC_CAMERA|snake_wrapper:u_game|snake_top:u_snake_top|snake_top_snake_top_Pipeline_VITIS_LOOP_94_4:grp_snake_top_Pipeline_VITIS_LOOP_94_4_fu_504|snake_top_flow_control_loop_pipe_sequential_init:flow_control_loop_pipe_sequential_init_U                                 ; snake_top_flow_control_loop_pipe_sequential_init             ; work         ;
;          |snake_top_st_body_col_RAM_AUTO_1R1W:st_body_col_U|                                                                          ; 0 (0)               ; 0 (0)                     ; 3000              ; 0          ; 0    ; 0            ; |DE1_SoC_CAMERA|snake_wrapper:u_game|snake_top:u_snake_top|snake_top_st_body_col_RAM_AUTO_1R1W:st_body_col_U                                                                                                                                                                    ; snake_top_st_body_col_RAM_AUTO_1R1W                          ; work         ;
;             |altsyncram:ram_rtl_0|                                                                                                    ; 0 (0)               ; 0 (0)                     ; 1500              ; 0          ; 0    ; 0            ; |DE1_SoC_CAMERA|snake_wrapper:u_game|snake_top:u_snake_top|snake_top_st_body_col_RAM_AUTO_1R1W:st_body_col_U|altsyncram:ram_rtl_0                                                                                                                                               ; altsyncram                                                   ; work         ;
;                |altsyncram_h222:auto_generated|                                                                                       ; 0 (0)               ; 0 (0)                     ; 1500              ; 0          ; 0    ; 0            ; |DE1_SoC_CAMERA|snake_wrapper:u_game|snake_top:u_snake_top|snake_top_st_body_col_RAM_AUTO_1R1W:st_body_col_U|altsyncram:ram_rtl_0|altsyncram_h222:auto_generated                                                                                                                ; altsyncram_h222                                              ; work         ;
;             |altsyncram:ram_rtl_1|                                                                                                    ; 0 (0)               ; 0 (0)                     ; 1500              ; 0          ; 0    ; 0            ; |DE1_SoC_CAMERA|snake_wrapper:u_game|snake_top:u_snake_top|snake_top_st_body_col_RAM_AUTO_1R1W:st_body_col_U|altsyncram:ram_rtl_1                                                                                                                                               ; altsyncram                                                   ; work         ;
;                |altsyncram_h222:auto_generated|                                                                                       ; 0 (0)               ; 0 (0)                     ; 1500              ; 0          ; 0    ; 0            ; |DE1_SoC_CAMERA|snake_wrapper:u_game|snake_top:u_snake_top|snake_top_st_body_col_RAM_AUTO_1R1W:st_body_col_U|altsyncram:ram_rtl_1|altsyncram_h222:auto_generated                                                                                                                ; altsyncram_h222                                              ; work         ;
;          |snake_top_st_body_row_RAM_AUTO_1R1W:st_body_row_U|                                                                          ; 2 (2)               ; 0 (0)                     ; 2400              ; 0          ; 0    ; 0            ; |DE1_SoC_CAMERA|snake_wrapper:u_game|snake_top:u_snake_top|snake_top_st_body_row_RAM_AUTO_1R1W:st_body_row_U                                                                                                                                                                    ; snake_top_st_body_row_RAM_AUTO_1R1W                          ; work         ;
;             |altsyncram:ram_rtl_0|                                                                                                    ; 0 (0)               ; 0 (0)                     ; 1200              ; 0          ; 0    ; 0            ; |DE1_SoC_CAMERA|snake_wrapper:u_game|snake_top:u_snake_top|snake_top_st_body_row_RAM_AUTO_1R1W:st_body_row_U|altsyncram:ram_rtl_0                                                                                                                                               ; altsyncram                                                   ; work         ;
;                |altsyncram_bt12:auto_generated|                                                                                       ; 0 (0)               ; 0 (0)                     ; 1200              ; 0          ; 0    ; 0            ; |DE1_SoC_CAMERA|snake_wrapper:u_game|snake_top:u_snake_top|snake_top_st_body_row_RAM_AUTO_1R1W:st_body_row_U|altsyncram:ram_rtl_0|altsyncram_bt12:auto_generated                                                                                                                ; altsyncram_bt12                                              ; work         ;
;             |altsyncram:ram_rtl_1|                                                                                                    ; 0 (0)               ; 0 (0)                     ; 1200              ; 0          ; 0    ; 0            ; |DE1_SoC_CAMERA|snake_wrapper:u_game|snake_top:u_snake_top|snake_top_st_body_row_RAM_AUTO_1R1W:st_body_row_U|altsyncram:ram_rtl_1                                                                                                                                               ; altsyncram                                                   ; work         ;
;                |altsyncram_bt12:auto_generated|                                                                                       ; 0 (0)               ; 0 (0)                     ; 1200              ; 0          ; 0    ; 0            ; |DE1_SoC_CAMERA|snake_wrapper:u_game|snake_top:u_snake_top|snake_top_st_body_row_RAM_AUTO_1R1W:st_body_row_U|altsyncram:ram_rtl_1|altsyncram_bt12:auto_generated                                                                                                                ; altsyncram_bt12                                              ; work         ;
+---------------------------------------------------------------------------------------------------------------------------------------+---------------------+---------------------------+-------------------+------------+------+--------------+---------------------------------------------------------------------------------------------------------------------------------------------------------------------------------------------------------------------------------------------------------------------------------+--------------------------------------------------------------+--------------+
Note: For table entries with two numbers listed, the numbers in parentheses indicate the number of resources of the given type used by the specific entity alone. The numbers listed outside of parentheses indicate the total resources of the given type used by the specific entity and all of its sub-entities in the hierarchy.


+-------------------------------------------------------------------------------------------------------------------------------------------------------------------------------------------------------------------------------------------------------------------------------------------------------------------------------------------------+
; Analysis & Synthesis RAM Summary                                                                                                                                                                                                                                                                                                                ;
+---------------------------------------------------------------------------------------------------------------------------------------------------------------+------------+------------------+--------------+--------------+--------------+--------------+-------+-----------------------------------------------------------------------------+
; Name                                                                                                                                                          ; Type       ; Mode             ; Port A Depth ; Port A Width ; Port B Depth ; Port B Width ; Size  ; MIF                                                                         ;
+---------------------------------------------------------------------------------------------------------------------------------------------------------------+------------+------------------+--------------+--------------+--------------+--------------+-------+-----------------------------------------------------------------------------+
; RAW2RGB:u4|Line_Buffer1:u0|altshift_taps:ALTSHIFT_TAPS_component|shift_taps_lv51:auto_generated|altsyncram_jug1:altsyncram2|ALTSYNCRAM                        ; M10K block ; Simple Dual Port ; 1278         ; 24           ; 1278         ; 24           ; 30672 ; None                                                                        ;
; Sdram_Control:u7|Sdram_RD_FIFO:u_read1_fifo|dcfifo_mixed_widths:dcfifo_mixed_widths_component|dcfifo_ahp1:auto_generated|altsyncram_86d1:fifo_ram|ALTSYNCRAM  ; AUTO       ; Simple Dual Port ; 512          ; 16           ; 512          ; 16           ; 8192  ; None                                                                        ;
; Sdram_Control:u7|Sdram_RD_FIFO:u_read2_fifo|dcfifo_mixed_widths:dcfifo_mixed_widths_component|dcfifo_ahp1:auto_generated|altsyncram_86d1:fifo_ram|ALTSYNCRAM  ; AUTO       ; Simple Dual Port ; 512          ; 16           ; 512          ; 16           ; 8192  ; None                                                                        ;
; Sdram_Control:u7|Sdram_WR_FIFO:u_write1_fifo|dcfifo_mixed_widths:dcfifo_mixed_widths_component|dcfifo_ngp1:auto_generated|altsyncram_86d1:fifo_ram|ALTSYNCRAM ; AUTO       ; Simple Dual Port ; 512          ; 16           ; 512          ; 16           ; 8192  ; None                                                                        ;
; Sdram_Control:u7|Sdram_WR_FIFO:u_write2_fifo|dcfifo_mixed_widths:dcfifo_mixed_widths_component|dcfifo_ngp1:auto_generated|altsyncram_86d1:fifo_ram|ALTSYNCRAM ; AUTO       ; Simple Dual Port ; 512          ; 16           ; 512          ; 16           ; 8192  ; None                                                                        ;
; snake_wrapper:u_game|snake_top:u_snake_top|snake_top_grid_RAM_AUTO_1R1W:grid_U|altsyncram:ram_rtl_0|altsyncram_2f12:auto_generated|ALTSYNCRAM                 ; AUTO       ; Simple Dual Port ; 300          ; 1            ; 300          ; 1            ; 300   ; db/DE1_SoC_CAMERA.ram0_snake_top_grid_RAM_AUTO_1R1W_caeba5bd.hdl.mif        ;
; snake_wrapper:u_game|snake_top:u_snake_top|snake_top_st_body_col_RAM_AUTO_1R1W:st_body_col_U|altsyncram:ram_rtl_0|altsyncram_h222:auto_generated|ALTSYNCRAM   ; AUTO       ; Simple Dual Port ; 300          ; 5            ; 300          ; 5            ; 1500  ; db/DE1_SoC_CAMERA.ram0_snake_top_st_body_col_RAM_AUTO_1R1W_792d7aad.hdl.mif ;
; snake_wrapper:u_game|snake_top:u_snake_top|snake_top_st_body_col_RAM_AUTO_1R1W:st_body_col_U|altsyncram:ram_rtl_1|altsyncram_h222:auto_generated|ALTSYNCRAM   ; AUTO       ; Simple Dual Port ; 300          ; 5            ; 300          ; 5            ; 1500  ; db/DE1_SoC_CAMERA.ram0_snake_top_st_body_col_RAM_AUTO_1R1W_792d7aad.hdl.mif ;
; snake_wrapper:u_game|snake_top:u_snake_top|snake_top_st_body_row_RAM_AUTO_1R1W:st_body_row_U|altsyncram:ram_rtl_0|altsyncram_bt12:auto_generated|ALTSYNCRAM   ; AUTO       ; Simple Dual Port ; 300          ; 4            ; 300          ; 4            ; 1200  ; db/DE1_SoC_CAMERA.ram0_snake_top_st_body_row_RAM_AUTO_1R1W_15988510.hdl.mif ;
; snake_wrapper:u_game|snake_top:u_snake_top|snake_top_st_body_row_RAM_AUTO_1R1W:st_body_row_U|altsyncram:ram_rtl_1|altsyncram_bt12:auto_generated|ALTSYNCRAM   ; AUTO       ; Simple Dual Port ; 300          ; 4            ; 300          ; 4            ; 1200  ; db/DE1_SoC_CAMERA.ram0_snake_top_st_body_row_RAM_AUTO_1R1W_15988510.hdl.mif ;
+---------------------------------------------------------------------------------------------------------------------------------------------------------------+------------+------------------+--------------+--------------+--------------+--------------+-------+-----------------------------------------------------------------------------+


+--------------------------------------------------------------------------------------------------------------------------------------------------------------+
; Analysis & Synthesis IP Cores Summary                                                                                                                        ;
+--------+--------------+---------+--------------+--------------+--------------------------------------------------------------+-------------------------------+
; Vendor ; IP Core Name ; Version ; Release Date ; License Type ; Entity Instance                                              ; IP Include File               ;
+--------+--------------+---------+--------------+--------------+--------------------------------------------------------------+-------------------------------+
; Altera ; altera_pll   ; 13.1    ; N/A          ; N/A          ; |DE1_SoC_CAMERA|sdram_pll:u6                                 ; v/sdram_pll.v                 ;
; Altera ; FIFO         ; 13.1    ; N/A          ; N/A          ; |DE1_SoC_CAMERA|Sdram_Control:u7|Sdram_RD_FIFO:u_read1_fifo  ; Sdram_Control/Sdram_RD_FIFO.v ;
; Altera ; FIFO         ; 13.1    ; N/A          ; N/A          ; |DE1_SoC_CAMERA|Sdram_Control:u7|Sdram_RD_FIFO:u_read2_fifo  ; Sdram_Control/Sdram_RD_FIFO.v ;
; Altera ; FIFO         ; 13.1    ; N/A          ; N/A          ; |DE1_SoC_CAMERA|Sdram_Control:u7|Sdram_WR_FIFO:u_write1_fifo ; Sdram_Control/Sdram_WR_FIFO.v ;
; Altera ; FIFO         ; 13.1    ; N/A          ; N/A          ; |DE1_SoC_CAMERA|Sdram_Control:u7|Sdram_WR_FIFO:u_write2_fifo ; Sdram_Control/Sdram_WR_FIFO.v ;
+--------+--------------+---------+--------------+--------------+--------------------------------------------------------------+-------------------------------+


Encoding Type:  One-Hot
+------------------------------------------------------------------------------------------------+
; State Machine - |DE1_SoC_CAMERA|snake_wrapper:u_game|snake_top:u_snake_top|icmp_ln157_reg_1386 ;
+-----------------------+------------------------------------------------------------------------+
; Name                  ; icmp_ln157_reg_1386.1                                                  ;
+-----------------------+------------------------------------------------------------------------+
; icmp_ln157_reg_1386.0 ; 0                                                                      ;
; icmp_ln157_reg_1386.1 ; 1                                                                      ;
+-----------------------+------------------------------------------------------------------------+


Encoding Type:  One-Hot
+----------------------------------------------------------------------------------------------------------+
; State Machine - |DE1_SoC_CAMERA|snake_wrapper:u_game|snake_top:u_snake_top|st_frame_count_flag_1_reg_431 ;
+---------------------------------+------------------------------------------------------------------------+
; Name                            ; st_frame_count_flag_1_reg_431.0                                        ;
+---------------------------------+------------------------------------------------------------------------+
; st_frame_count_flag_1_reg_431.1 ; 0                                                                      ;
; st_frame_count_flag_1_reg_431.0 ; 1                                                                      ;
+---------------------------------+------------------------------------------------------------------------+


Encoding Type:  One-Hot
+----------------------------------------------------------------------------------------------------------+
; State Machine - |DE1_SoC_CAMERA|snake_wrapper:u_game|snake_top:u_snake_top|st_frame_count_flag_0_reg_328 ;
+---------------------------------+------------------------------------------------------------------------+
; Name                            ; st_frame_count_flag_0_reg_328.1                                        ;
+---------------------------------+------------------------------------------------------------------------+
; st_frame_count_flag_0_reg_328.0 ; 0                                                                      ;
; st_frame_count_flag_0_reg_328.1 ; 1                                                                      ;
+---------------------------------+------------------------------------------------------------------------+


Encoding Type:  One-Hot
+---------------------------------------------------------------------------------------------------------------------------------------------------------------+
; State Machine - |DE1_SoC_CAMERA|snake_wrapper:u_game|snake_top:u_snake_top|st_direction_loc_1_reg_300                                                         ;
+-------------------------------+-------------------------------+-------------------------------+-------------------------------+-------------------------------+
; Name                          ; st_direction_loc_1_reg_300.11 ; st_direction_loc_1_reg_300.10 ; st_direction_loc_1_reg_300.01 ; st_direction_loc_1_reg_300.00 ;
+-------------------------------+-------------------------------+-------------------------------+-------------------------------+-------------------------------+
; st_direction_loc_1_reg_300.00 ; 0                             ; 0                             ; 0                             ; 0                             ;
; st_direction_loc_1_reg_300.01 ; 0                             ; 0                             ; 1                             ; 1                             ;
; st_direction_loc_1_reg_300.10 ; 0                             ; 1                             ; 0                             ; 1                             ;
; st_direction_loc_1_reg_300.11 ; 1                             ; 0                             ; 0                             ; 1                             ;
+-------------------------------+-------------------------------+-------------------------------+-------------------------------+-------------------------------+


Encoding Type:  One-Hot
+-----------------------------------------------------------------------------------------+
; State Machine - |DE1_SoC_CAMERA|snake_wrapper:u_game|snake_top:u_snake_top|st_direction ;
+-----------------+-----------------+-----------------+-----------------+-----------------+
; Name            ; st_direction.11 ; st_direction.10 ; st_direction.01 ; st_direction.00 ;
+-----------------+-----------------+-----------------+-----------------+-----------------+
; st_direction.00 ; 0               ; 0               ; 0               ; 0               ;
; st_direction.01 ; 0               ; 0               ; 1               ; 1               ;
; st_direction.10 ; 0               ; 1               ; 0               ; 1               ;
; st_direction.11 ; 1               ; 0               ; 0               ; 1               ;
+-----------------+-----------------+-----------------+-----------------+-----------------+


Encoding Type:  One-Hot
+--------------------------------------------------------------------------------------------------------------------------------------------------------------------------------------------+
; State Machine - |DE1_SoC_CAMERA|snake_wrapper:u_game|snake_top:u_snake_top|snake_top_snake_top_Pipeline_VITIS_LOOP_214_5:grp_snake_top_Pipeline_VITIS_LOOP_214_5_fu_521|icmp_ln215_reg_153 ;
+----------------------+---------------------------------------------------------------------------------------------------------------------------------------------------------------------+
; Name                 ; icmp_ln215_reg_153.1                                                                                                                                                ;
+----------------------+---------------------------------------------------------------------------------------------------------------------------------------------------------------------+
; icmp_ln215_reg_153.0 ; 0                                                                                                                                                                   ;
; icmp_ln215_reg_153.1 ; 1                                                                                                                                                                   ;
+----------------------+---------------------------------------------------------------------------------------------------------------------------------------------------------------------+


Encoding Type:  One-Hot
+-------------------------------------------------------------------+
; State Machine - |DE1_SoC_CAMERA|I2C_CCD_Config:u8|mSetup_ST       ;
+----------------+----------------+----------------+----------------+
; Name           ; mSetup_ST.0000 ; mSetup_ST.0010 ; mSetup_ST.0001 ;
+----------------+----------------+----------------+----------------+
; mSetup_ST.0000 ; 0              ; 0              ; 0              ;
; mSetup_ST.0001 ; 1              ; 0              ; 1              ;
; mSetup_ST.0010 ; 1              ; 1              ; 0              ;
+----------------+----------------+----------------+----------------+


+-------------------------------------------------------------------------------------------------------------------------------------------------------------------------------------------------------------------------------------------------------------------------------------------------------+
; Registers Protected by Synthesis                                                                                                                                                                                                                                                                      ;
+---------------------------------------------------------------------------------------------------------------------------------------------------------------------------------------+------------------------------------------------------------------+--------------------------------------------+
; Register Name                                                                                                                                                                         ; Protected by Synthesis Attribute or Preserve Register Assignment ; Not to be Touched by Netlist Optimizations ;
+---------------------------------------------------------------------------------------------------------------------------------------------------------------------------------------+------------------------------------------------------------------+--------------------------------------------+
; Sdram_Control:u7|Sdram_RD_FIFO:u_read1_fifo|dcfifo_mixed_widths:dcfifo_mixed_widths_component|dcfifo_ahp1:auto_generated|alt_synch_pipe_bpl:ws_dgrp|dffpipe_se9:dffpipe8|dffe10a[8]   ; yes                                                              ; yes                                        ;
; Sdram_Control:u7|Sdram_RD_FIFO:u_read1_fifo|dcfifo_mixed_widths:dcfifo_mixed_widths_component|dcfifo_ahp1:auto_generated|alt_synch_pipe_bpl:ws_dgrp|dffpipe_se9:dffpipe8|dffe10a[9]   ; yes                                                              ; yes                                        ;
; Sdram_Control:u7|Sdram_RD_FIFO:u_read1_fifo|dcfifo_mixed_widths:dcfifo_mixed_widths_component|dcfifo_ahp1:auto_generated|alt_synch_pipe_bpl:ws_dgrp|dffpipe_se9:dffpipe8|dffe10a[6]   ; yes                                                              ; yes                                        ;
; Sdram_Control:u7|Sdram_RD_FIFO:u_read1_fifo|dcfifo_mixed_widths:dcfifo_mixed_widths_component|dcfifo_ahp1:auto_generated|alt_synch_pipe_bpl:ws_dgrp|dffpipe_se9:dffpipe8|dffe10a[7]   ; yes                                                              ; yes                                        ;
; Sdram_Control:u7|Sdram_RD_FIFO:u_read1_fifo|dcfifo_mixed_widths:dcfifo_mixed_widths_component|dcfifo_ahp1:auto_generated|alt_synch_pipe_bpl:ws_dgrp|dffpipe_se9:dffpipe8|dffe10a[4]   ; yes                                                              ; yes                                        ;
; Sdram_Control:u7|Sdram_RD_FIFO:u_read1_fifo|dcfifo_mixed_widths:dcfifo_mixed_widths_component|dcfifo_ahp1:auto_generated|alt_synch_pipe_bpl:ws_dgrp|dffpipe_se9:dffpipe8|dffe10a[5]   ; yes                                                              ; yes                                        ;
; Sdram_Control:u7|Sdram_RD_FIFO:u_read1_fifo|dcfifo_mixed_widths:dcfifo_mixed_widths_component|dcfifo_ahp1:auto_generated|alt_synch_pipe_bpl:ws_dgrp|dffpipe_se9:dffpipe8|dffe10a[2]   ; yes                                                              ; yes                                        ;
; Sdram_Control:u7|Sdram_RD_FIFO:u_read1_fifo|dcfifo_mixed_widths:dcfifo_mixed_widths_component|dcfifo_ahp1:auto_generated|alt_synch_pipe_bpl:ws_dgrp|dffpipe_se9:dffpipe8|dffe10a[3]   ; yes                                                              ; yes                                        ;
; Sdram_Control:u7|Sdram_RD_FIFO:u_read1_fifo|dcfifo_mixed_widths:dcfifo_mixed_widths_component|dcfifo_ahp1:auto_generated|alt_synch_pipe_bpl:ws_dgrp|dffpipe_se9:dffpipe8|dffe10a[0]   ; yes                                                              ; yes                                        ;
; Sdram_Control:u7|Sdram_RD_FIFO:u_read1_fifo|dcfifo_mixed_widths:dcfifo_mixed_widths_component|dcfifo_ahp1:auto_generated|alt_synch_pipe_bpl:ws_dgrp|dffpipe_se9:dffpipe8|dffe10a[1]   ; yes                                                              ; yes                                        ;
; Sdram_Control:u7|Sdram_RD_FIFO:u_read1_fifo|dcfifo_mixed_widths:dcfifo_mixed_widths_component|dcfifo_ahp1:auto_generated|alt_synch_pipe_apl:rs_dgwp|dffpipe_re9:dffpipe5|dffe7a[8]    ; yes                                                              ; yes                                        ;
; Sdram_Control:u7|Sdram_RD_FIFO:u_read1_fifo|dcfifo_mixed_widths:dcfifo_mixed_widths_component|dcfifo_ahp1:auto_generated|alt_synch_pipe_apl:rs_dgwp|dffpipe_re9:dffpipe5|dffe7a[9]    ; yes                                                              ; yes                                        ;
; Sdram_Control:u7|Sdram_RD_FIFO:u_read1_fifo|dcfifo_mixed_widths:dcfifo_mixed_widths_component|dcfifo_ahp1:auto_generated|alt_synch_pipe_apl:rs_dgwp|dffpipe_re9:dffpipe5|dffe7a[6]    ; yes                                                              ; yes                                        ;
; Sdram_Control:u7|Sdram_RD_FIFO:u_read1_fifo|dcfifo_mixed_widths:dcfifo_mixed_widths_component|dcfifo_ahp1:auto_generated|alt_synch_pipe_apl:rs_dgwp|dffpipe_re9:dffpipe5|dffe7a[7]    ; yes                                                              ; yes                                        ;
; Sdram_Control:u7|Sdram_RD_FIFO:u_read1_fifo|dcfifo_mixed_widths:dcfifo_mixed_widths_component|dcfifo_ahp1:auto_generated|alt_synch_pipe_apl:rs_dgwp|dffpipe_re9:dffpipe5|dffe7a[4]    ; yes                                                              ; yes                                        ;
; Sdram_Control:u7|Sdram_RD_FIFO:u_read1_fifo|dcfifo_mixed_widths:dcfifo_mixed_widths_component|dcfifo_ahp1:auto_generated|alt_synch_pipe_apl:rs_dgwp|dffpipe_re9:dffpipe5|dffe7a[5]    ; yes                                                              ; yes                                        ;
; Sdram_Control:u7|Sdram_RD_FIFO:u_read1_fifo|dcfifo_mixed_widths:dcfifo_mixed_widths_component|dcfifo_ahp1:auto_generated|alt_synch_pipe_apl:rs_dgwp|dffpipe_re9:dffpipe5|dffe7a[2]    ; yes                                                              ; yes                                        ;
; Sdram_Control:u7|Sdram_RD_FIFO:u_read1_fifo|dcfifo_mixed_widths:dcfifo_mixed_widths_component|dcfifo_ahp1:auto_generated|alt_synch_pipe_apl:rs_dgwp|dffpipe_re9:dffpipe5|dffe7a[3]    ; yes                                                              ; yes                                        ;
; Sdram_Control:u7|Sdram_RD_FIFO:u_read1_fifo|dcfifo_mixed_widths:dcfifo_mixed_widths_component|dcfifo_ahp1:auto_generated|alt_synch_pipe_apl:rs_dgwp|dffpipe_re9:dffpipe5|dffe7a[0]    ; yes                                                              ; yes                                        ;
; Sdram_Control:u7|Sdram_RD_FIFO:u_read1_fifo|dcfifo_mixed_widths:dcfifo_mixed_widths_component|dcfifo_ahp1:auto_generated|alt_synch_pipe_apl:rs_dgwp|dffpipe_re9:dffpipe5|dffe7a[1]    ; yes                                                              ; yes                                        ;
; Sdram_Control:u7|Sdram_RD_FIFO:u_read2_fifo|dcfifo_mixed_widths:dcfifo_mixed_widths_component|dcfifo_ahp1:auto_generated|alt_synch_pipe_bpl:ws_dgrp|dffpipe_se9:dffpipe8|dffe10a[8]   ; yes                                                              ; yes                                        ;
; Sdram_Control:u7|Sdram_RD_FIFO:u_read2_fifo|dcfifo_mixed_widths:dcfifo_mixed_widths_component|dcfifo_ahp1:auto_generated|alt_synch_pipe_bpl:ws_dgrp|dffpipe_se9:dffpipe8|dffe10a[9]   ; yes                                                              ; yes                                        ;
; Sdram_Control:u7|Sdram_RD_FIFO:u_read2_fifo|dcfifo_mixed_widths:dcfifo_mixed_widths_component|dcfifo_ahp1:auto_generated|alt_synch_pipe_bpl:ws_dgrp|dffpipe_se9:dffpipe8|dffe10a[6]   ; yes                                                              ; yes                                        ;
; Sdram_Control:u7|Sdram_RD_FIFO:u_read2_fifo|dcfifo_mixed_widths:dcfifo_mixed_widths_component|dcfifo_ahp1:auto_generated|alt_synch_pipe_bpl:ws_dgrp|dffpipe_se9:dffpipe8|dffe10a[7]   ; yes                                                              ; yes                                        ;
; Sdram_Control:u7|Sdram_RD_FIFO:u_read2_fifo|dcfifo_mixed_widths:dcfifo_mixed_widths_component|dcfifo_ahp1:auto_generated|alt_synch_pipe_bpl:ws_dgrp|dffpipe_se9:dffpipe8|dffe10a[4]   ; yes                                                              ; yes                                        ;
; Sdram_Control:u7|Sdram_RD_FIFO:u_read2_fifo|dcfifo_mixed_widths:dcfifo_mixed_widths_component|dcfifo_ahp1:auto_generated|alt_synch_pipe_bpl:ws_dgrp|dffpipe_se9:dffpipe8|dffe10a[5]   ; yes                                                              ; yes                                        ;
; Sdram_Control:u7|Sdram_RD_FIFO:u_read2_fifo|dcfifo_mixed_widths:dcfifo_mixed_widths_component|dcfifo_ahp1:auto_generated|alt_synch_pipe_bpl:ws_dgrp|dffpipe_se9:dffpipe8|dffe10a[2]   ; yes                                                              ; yes                                        ;
; Sdram_Control:u7|Sdram_RD_FIFO:u_read2_fifo|dcfifo_mixed_widths:dcfifo_mixed_widths_component|dcfifo_ahp1:auto_generated|alt_synch_pipe_bpl:ws_dgrp|dffpipe_se9:dffpipe8|dffe10a[3]   ; yes                                                              ; yes                                        ;
; Sdram_Control:u7|Sdram_RD_FIFO:u_read2_fifo|dcfifo_mixed_widths:dcfifo_mixed_widths_component|dcfifo_ahp1:auto_generated|alt_synch_pipe_bpl:ws_dgrp|dffpipe_se9:dffpipe8|dffe10a[0]   ; yes                                                              ; yes                                        ;
; Sdram_Control:u7|Sdram_RD_FIFO:u_read2_fifo|dcfifo_mixed_widths:dcfifo_mixed_widths_component|dcfifo_ahp1:auto_generated|alt_synch_pipe_bpl:ws_dgrp|dffpipe_se9:dffpipe8|dffe10a[1]   ; yes                                                              ; yes                                        ;
; Sdram_Control:u7|Sdram_RD_FIFO:u_read2_fifo|dcfifo_mixed_widths:dcfifo_mixed_widths_component|dcfifo_ahp1:auto_generated|alt_synch_pipe_apl:rs_dgwp|dffpipe_re9:dffpipe5|dffe7a[8]    ; yes                                                              ; yes                                        ;
; Sdram_Control:u7|Sdram_RD_FIFO:u_read2_fifo|dcfifo_mixed_widths:dcfifo_mixed_widths_component|dcfifo_ahp1:auto_generated|alt_synch_pipe_apl:rs_dgwp|dffpipe_re9:dffpipe5|dffe7a[9]    ; yes                                                              ; yes                                        ;
; Sdram_Control:u7|Sdram_RD_FIFO:u_read2_fifo|dcfifo_mixed_widths:dcfifo_mixed_widths_component|dcfifo_ahp1:auto_generated|alt_synch_pipe_apl:rs_dgwp|dffpipe_re9:dffpipe5|dffe7a[6]    ; yes                                                              ; yes                                        ;
; Sdram_Control:u7|Sdram_RD_FIFO:u_read2_fifo|dcfifo_mixed_widths:dcfifo_mixed_widths_component|dcfifo_ahp1:auto_generated|alt_synch_pipe_apl:rs_dgwp|dffpipe_re9:dffpipe5|dffe7a[7]    ; yes                                                              ; yes                                        ;
; Sdram_Control:u7|Sdram_RD_FIFO:u_read2_fifo|dcfifo_mixed_widths:dcfifo_mixed_widths_component|dcfifo_ahp1:auto_generated|alt_synch_pipe_apl:rs_dgwp|dffpipe_re9:dffpipe5|dffe7a[4]    ; yes                                                              ; yes                                        ;
; Sdram_Control:u7|Sdram_RD_FIFO:u_read2_fifo|dcfifo_mixed_widths:dcfifo_mixed_widths_component|dcfifo_ahp1:auto_generated|alt_synch_pipe_apl:rs_dgwp|dffpipe_re9:dffpipe5|dffe7a[5]    ; yes                                                              ; yes                                        ;
; Sdram_Control:u7|Sdram_RD_FIFO:u_read2_fifo|dcfifo_mixed_widths:dcfifo_mixed_widths_component|dcfifo_ahp1:auto_generated|alt_synch_pipe_apl:rs_dgwp|dffpipe_re9:dffpipe5|dffe7a[2]    ; yes                                                              ; yes                                        ;
; Sdram_Control:u7|Sdram_RD_FIFO:u_read2_fifo|dcfifo_mixed_widths:dcfifo_mixed_widths_component|dcfifo_ahp1:auto_generated|alt_synch_pipe_apl:rs_dgwp|dffpipe_re9:dffpipe5|dffe7a[3]    ; yes                                                              ; yes                                        ;
; Sdram_Control:u7|Sdram_RD_FIFO:u_read2_fifo|dcfifo_mixed_widths:dcfifo_mixed_widths_component|dcfifo_ahp1:auto_generated|alt_synch_pipe_apl:rs_dgwp|dffpipe_re9:dffpipe5|dffe7a[0]    ; yes                                                              ; yes                                        ;
; Sdram_Control:u7|Sdram_RD_FIFO:u_read2_fifo|dcfifo_mixed_widths:dcfifo_mixed_widths_component|dcfifo_ahp1:auto_generated|alt_synch_pipe_apl:rs_dgwp|dffpipe_re9:dffpipe5|dffe7a[1]    ; yes                                                              ; yes                                        ;
; Sdram_Control:u7|Sdram_RD_FIFO:u_read1_fifo|dcfifo_mixed_widths:dcfifo_mixed_widths_component|dcfifo_ahp1:auto_generated|alt_synch_pipe_bpl:ws_dgrp|dffpipe_se9:dffpipe8|dffe9a[8]    ; yes                                                              ; yes                                        ;
; Sdram_Control:u7|Sdram_RD_FIFO:u_read1_fifo|dcfifo_mixed_widths:dcfifo_mixed_widths_component|dcfifo_ahp1:auto_generated|alt_synch_pipe_bpl:ws_dgrp|dffpipe_se9:dffpipe8|dffe9a[9]    ; yes                                                              ; yes                                        ;
; Sdram_Control:u7|Sdram_RD_FIFO:u_read1_fifo|dcfifo_mixed_widths:dcfifo_mixed_widths_component|dcfifo_ahp1:auto_generated|alt_synch_pipe_bpl:ws_dgrp|dffpipe_se9:dffpipe8|dffe9a[6]    ; yes                                                              ; yes                                        ;
; Sdram_Control:u7|Sdram_RD_FIFO:u_read1_fifo|dcfifo_mixed_widths:dcfifo_mixed_widths_component|dcfifo_ahp1:auto_generated|alt_synch_pipe_bpl:ws_dgrp|dffpipe_se9:dffpipe8|dffe9a[7]    ; yes                                                              ; yes                                        ;
; Sdram_Control:u7|Sdram_RD_FIFO:u_read1_fifo|dcfifo_mixed_widths:dcfifo_mixed_widths_component|dcfifo_ahp1:auto_generated|alt_synch_pipe_bpl:ws_dgrp|dffpipe_se9:dffpipe8|dffe9a[4]    ; yes                                                              ; yes                                        ;
; Sdram_Control:u7|Sdram_RD_FIFO:u_read1_fifo|dcfifo_mixed_widths:dcfifo_mixed_widths_component|dcfifo_ahp1:auto_generated|alt_synch_pipe_bpl:ws_dgrp|dffpipe_se9:dffpipe8|dffe9a[5]    ; yes                                                              ; yes                                        ;
; Sdram_Control:u7|Sdram_RD_FIFO:u_read1_fifo|dcfifo_mixed_widths:dcfifo_mixed_widths_component|dcfifo_ahp1:auto_generated|alt_synch_pipe_bpl:ws_dgrp|dffpipe_se9:dffpipe8|dffe9a[2]    ; yes                                                              ; yes                                        ;
; Sdram_Control:u7|Sdram_RD_FIFO:u_read1_fifo|dcfifo_mixed_widths:dcfifo_mixed_widths_component|dcfifo_ahp1:auto_generated|alt_synch_pipe_bpl:ws_dgrp|dffpipe_se9:dffpipe8|dffe9a[3]    ; yes                                                              ; yes                                        ;
; Sdram_Control:u7|Sdram_RD_FIFO:u_read1_fifo|dcfifo_mixed_widths:dcfifo_mixed_widths_component|dcfifo_ahp1:auto_generated|alt_synch_pipe_bpl:ws_dgrp|dffpipe_se9:dffpipe8|dffe9a[0]    ; yes                                                              ; yes                                        ;
; Sdram_Control:u7|Sdram_RD_FIFO:u_read1_fifo|dcfifo_mixed_widths:dcfifo_mixed_widths_component|dcfifo_ahp1:auto_generated|alt_synch_pipe_bpl:ws_dgrp|dffpipe_se9:dffpipe8|dffe9a[1]    ; yes                                                              ; yes                                        ;
; Sdram_Control:u7|Sdram_RD_FIFO:u_read1_fifo|dcfifo_mixed_widths:dcfifo_mixed_widths_component|dcfifo_ahp1:auto_generated|alt_synch_pipe_apl:rs_dgwp|dffpipe_re9:dffpipe5|dffe6a[8]    ; yes                                                              ; yes                                        ;
; Sdram_Control:u7|Sdram_RD_FIFO:u_read1_fifo|dcfifo_mixed_widths:dcfifo_mixed_widths_component|dcfifo_ahp1:auto_generated|alt_synch_pipe_apl:rs_dgwp|dffpipe_re9:dffpipe5|dffe6a[9]    ; yes                                                              ; yes                                        ;
; Sdram_Control:u7|Sdram_RD_FIFO:u_read1_fifo|dcfifo_mixed_widths:dcfifo_mixed_widths_component|dcfifo_ahp1:auto_generated|alt_synch_pipe_apl:rs_dgwp|dffpipe_re9:dffpipe5|dffe6a[6]    ; yes                                                              ; yes                                        ;
; Sdram_Control:u7|Sdram_RD_FIFO:u_read1_fifo|dcfifo_mixed_widths:dcfifo_mixed_widths_component|dcfifo_ahp1:auto_generated|alt_synch_pipe_apl:rs_dgwp|dffpipe_re9:dffpipe5|dffe6a[7]    ; yes                                                              ; yes                                        ;
; Sdram_Control:u7|Sdram_RD_FIFO:u_read1_fifo|dcfifo_mixed_widths:dcfifo_mixed_widths_component|dcfifo_ahp1:auto_generated|alt_synch_pipe_apl:rs_dgwp|dffpipe_re9:dffpipe5|dffe6a[4]    ; yes                                                              ; yes                                        ;
; Sdram_Control:u7|Sdram_RD_FIFO:u_read1_fifo|dcfifo_mixed_widths:dcfifo_mixed_widths_component|dcfifo_ahp1:auto_generated|alt_synch_pipe_apl:rs_dgwp|dffpipe_re9:dffpipe5|dffe6a[5]    ; yes                                                              ; yes                                        ;
; Sdram_Control:u7|Sdram_RD_FIFO:u_read1_fifo|dcfifo_mixed_widths:dcfifo_mixed_widths_component|dcfifo_ahp1:auto_generated|alt_synch_pipe_apl:rs_dgwp|dffpipe_re9:dffpipe5|dffe6a[2]    ; yes                                                              ; yes                                        ;
; Sdram_Control:u7|Sdram_RD_FIFO:u_read1_fifo|dcfifo_mixed_widths:dcfifo_mixed_widths_component|dcfifo_ahp1:auto_generated|alt_synch_pipe_apl:rs_dgwp|dffpipe_re9:dffpipe5|dffe6a[3]    ; yes                                                              ; yes                                        ;
; Sdram_Control:u7|Sdram_RD_FIFO:u_read1_fifo|dcfifo_mixed_widths:dcfifo_mixed_widths_component|dcfifo_ahp1:auto_generated|alt_synch_pipe_apl:rs_dgwp|dffpipe_re9:dffpipe5|dffe6a[0]    ; yes                                                              ; yes                                        ;
; Sdram_Control:u7|Sdram_RD_FIFO:u_read1_fifo|dcfifo_mixed_widths:dcfifo_mixed_widths_component|dcfifo_ahp1:auto_generated|alt_synch_pipe_apl:rs_dgwp|dffpipe_re9:dffpipe5|dffe6a[1]    ; yes                                                              ; yes                                        ;
; Sdram_Control:u7|Sdram_RD_FIFO:u_read2_fifo|dcfifo_mixed_widths:dcfifo_mixed_widths_component|dcfifo_ahp1:auto_generated|alt_synch_pipe_bpl:ws_dgrp|dffpipe_se9:dffpipe8|dffe9a[8]    ; yes                                                              ; yes                                        ;
; Sdram_Control:u7|Sdram_RD_FIFO:u_read2_fifo|dcfifo_mixed_widths:dcfifo_mixed_widths_component|dcfifo_ahp1:auto_generated|alt_synch_pipe_bpl:ws_dgrp|dffpipe_se9:dffpipe8|dffe9a[9]    ; yes                                                              ; yes                                        ;
; Sdram_Control:u7|Sdram_RD_FIFO:u_read2_fifo|dcfifo_mixed_widths:dcfifo_mixed_widths_component|dcfifo_ahp1:auto_generated|alt_synch_pipe_bpl:ws_dgrp|dffpipe_se9:dffpipe8|dffe9a[6]    ; yes                                                              ; yes                                        ;
; Sdram_Control:u7|Sdram_RD_FIFO:u_read2_fifo|dcfifo_mixed_widths:dcfifo_mixed_widths_component|dcfifo_ahp1:auto_generated|alt_synch_pipe_bpl:ws_dgrp|dffpipe_se9:dffpipe8|dffe9a[7]    ; yes                                                              ; yes                                        ;
; Sdram_Control:u7|Sdram_RD_FIFO:u_read2_fifo|dcfifo_mixed_widths:dcfifo_mixed_widths_component|dcfifo_ahp1:auto_generated|alt_synch_pipe_bpl:ws_dgrp|dffpipe_se9:dffpipe8|dffe9a[4]    ; yes                                                              ; yes                                        ;
; Sdram_Control:u7|Sdram_RD_FIFO:u_read2_fifo|dcfifo_mixed_widths:dcfifo_mixed_widths_component|dcfifo_ahp1:auto_generated|alt_synch_pipe_bpl:ws_dgrp|dffpipe_se9:dffpipe8|dffe9a[5]    ; yes                                                              ; yes                                        ;
; Sdram_Control:u7|Sdram_RD_FIFO:u_read2_fifo|dcfifo_mixed_widths:dcfifo_mixed_widths_component|dcfifo_ahp1:auto_generated|alt_synch_pipe_bpl:ws_dgrp|dffpipe_se9:dffpipe8|dffe9a[2]    ; yes                                                              ; yes                                        ;
; Sdram_Control:u7|Sdram_RD_FIFO:u_read2_fifo|dcfifo_mixed_widths:dcfifo_mixed_widths_component|dcfifo_ahp1:auto_generated|alt_synch_pipe_bpl:ws_dgrp|dffpipe_se9:dffpipe8|dffe9a[3]    ; yes                                                              ; yes                                        ;
; Sdram_Control:u7|Sdram_RD_FIFO:u_read2_fifo|dcfifo_mixed_widths:dcfifo_mixed_widths_component|dcfifo_ahp1:auto_generated|alt_synch_pipe_bpl:ws_dgrp|dffpipe_se9:dffpipe8|dffe9a[0]    ; yes                                                              ; yes                                        ;
; Sdram_Control:u7|Sdram_RD_FIFO:u_read2_fifo|dcfifo_mixed_widths:dcfifo_mixed_widths_component|dcfifo_ahp1:auto_generated|alt_synch_pipe_bpl:ws_dgrp|dffpipe_se9:dffpipe8|dffe9a[1]    ; yes                                                              ; yes                                        ;
; Sdram_Control:u7|Sdram_RD_FIFO:u_read2_fifo|dcfifo_mixed_widths:dcfifo_mixed_widths_component|dcfifo_ahp1:auto_generated|alt_synch_pipe_apl:rs_dgwp|dffpipe_re9:dffpipe5|dffe6a[8]    ; yes                                                              ; yes                                        ;
; Sdram_Control:u7|Sdram_RD_FIFO:u_read2_fifo|dcfifo_mixed_widths:dcfifo_mixed_widths_component|dcfifo_ahp1:auto_generated|alt_synch_pipe_apl:rs_dgwp|dffpipe_re9:dffpipe5|dffe6a[9]    ; yes                                                              ; yes                                        ;
; Sdram_Control:u7|Sdram_RD_FIFO:u_read2_fifo|dcfifo_mixed_widths:dcfifo_mixed_widths_component|dcfifo_ahp1:auto_generated|alt_synch_pipe_apl:rs_dgwp|dffpipe_re9:dffpipe5|dffe6a[6]    ; yes                                                              ; yes                                        ;
; Sdram_Control:u7|Sdram_RD_FIFO:u_read2_fifo|dcfifo_mixed_widths:dcfifo_mixed_widths_component|dcfifo_ahp1:auto_generated|alt_synch_pipe_apl:rs_dgwp|dffpipe_re9:dffpipe5|dffe6a[7]    ; yes                                                              ; yes                                        ;
; Sdram_Control:u7|Sdram_RD_FIFO:u_read2_fifo|dcfifo_mixed_widths:dcfifo_mixed_widths_component|dcfifo_ahp1:auto_generated|alt_synch_pipe_apl:rs_dgwp|dffpipe_re9:dffpipe5|dffe6a[4]    ; yes                                                              ; yes                                        ;
; Sdram_Control:u7|Sdram_RD_FIFO:u_read2_fifo|dcfifo_mixed_widths:dcfifo_mixed_widths_component|dcfifo_ahp1:auto_generated|alt_synch_pipe_apl:rs_dgwp|dffpipe_re9:dffpipe5|dffe6a[5]    ; yes                                                              ; yes                                        ;
; Sdram_Control:u7|Sdram_RD_FIFO:u_read2_fifo|dcfifo_mixed_widths:dcfifo_mixed_widths_component|dcfifo_ahp1:auto_generated|alt_synch_pipe_apl:rs_dgwp|dffpipe_re9:dffpipe5|dffe6a[2]    ; yes                                                              ; yes                                        ;
; Sdram_Control:u7|Sdram_RD_FIFO:u_read2_fifo|dcfifo_mixed_widths:dcfifo_mixed_widths_component|dcfifo_ahp1:auto_generated|alt_synch_pipe_apl:rs_dgwp|dffpipe_re9:dffpipe5|dffe6a[3]    ; yes                                                              ; yes                                        ;
; Sdram_Control:u7|Sdram_RD_FIFO:u_read2_fifo|dcfifo_mixed_widths:dcfifo_mixed_widths_component|dcfifo_ahp1:auto_generated|alt_synch_pipe_apl:rs_dgwp|dffpipe_re9:dffpipe5|dffe6a[0]    ; yes                                                              ; yes                                        ;
; Sdram_Control:u7|Sdram_RD_FIFO:u_read2_fifo|dcfifo_mixed_widths:dcfifo_mixed_widths_component|dcfifo_ahp1:auto_generated|alt_synch_pipe_apl:rs_dgwp|dffpipe_re9:dffpipe5|dffe6a[1]    ; yes                                                              ; yes                                        ;
; Sdram_Control:u7|Sdram_WR_FIFO:u_write2_fifo|dcfifo_mixed_widths:dcfifo_mixed_widths_component|dcfifo_ngp1:auto_generated|alt_synch_pipe_9pl:ws_dgrp|dffpipe_qe9:dffpipe16|dffe18a[8] ; yes                                                              ; yes                                        ;
; Sdram_Control:u7|Sdram_WR_FIFO:u_write2_fifo|dcfifo_mixed_widths:dcfifo_mixed_widths_component|dcfifo_ngp1:auto_generated|alt_synch_pipe_9pl:ws_dgrp|dffpipe_qe9:dffpipe16|dffe18a[9] ; yes                                                              ; yes                                        ;
; Sdram_Control:u7|Sdram_WR_FIFO:u_write2_fifo|dcfifo_mixed_widths:dcfifo_mixed_widths_component|dcfifo_ngp1:auto_generated|alt_synch_pipe_9pl:ws_dgrp|dffpipe_qe9:dffpipe16|dffe18a[6] ; yes                                                              ; yes                                        ;
; Sdram_Control:u7|Sdram_WR_FIFO:u_write2_fifo|dcfifo_mixed_widths:dcfifo_mixed_widths_component|dcfifo_ngp1:auto_generated|alt_synch_pipe_9pl:ws_dgrp|dffpipe_qe9:dffpipe16|dffe18a[7] ; yes                                                              ; yes                                        ;
; Sdram_Control:u7|Sdram_WR_FIFO:u_write2_fifo|dcfifo_mixed_widths:dcfifo_mixed_widths_component|dcfifo_ngp1:auto_generated|alt_synch_pipe_9pl:ws_dgrp|dffpipe_qe9:dffpipe16|dffe18a[4] ; yes                                                              ; yes                                        ;
; Sdram_Control:u7|Sdram_WR_FIFO:u_write2_fifo|dcfifo_mixed_widths:dcfifo_mixed_widths_component|dcfifo_ngp1:auto_generated|alt_synch_pipe_9pl:ws_dgrp|dffpipe_qe9:dffpipe16|dffe18a[5] ; yes                                                              ; yes                                        ;
; Sdram_Control:u7|Sdram_WR_FIFO:u_write2_fifo|dcfifo_mixed_widths:dcfifo_mixed_widths_component|dcfifo_ngp1:auto_generated|alt_synch_pipe_9pl:ws_dgrp|dffpipe_qe9:dffpipe16|dffe18a[2] ; yes                                                              ; yes                                        ;
; Sdram_Control:u7|Sdram_WR_FIFO:u_write2_fifo|dcfifo_mixed_widths:dcfifo_mixed_widths_component|dcfifo_ngp1:auto_generated|alt_synch_pipe_9pl:ws_dgrp|dffpipe_qe9:dffpipe16|dffe18a[3] ; yes                                                              ; yes                                        ;
; Sdram_Control:u7|Sdram_WR_FIFO:u_write2_fifo|dcfifo_mixed_widths:dcfifo_mixed_widths_component|dcfifo_ngp1:auto_generated|alt_synch_pipe_9pl:ws_dgrp|dffpipe_qe9:dffpipe16|dffe18a[0] ; yes                                                              ; yes                                        ;
; Sdram_Control:u7|Sdram_WR_FIFO:u_write2_fifo|dcfifo_mixed_widths:dcfifo_mixed_widths_component|dcfifo_ngp1:auto_generated|alt_synch_pipe_9pl:ws_dgrp|dffpipe_qe9:dffpipe16|dffe18a[1] ; yes                                                              ; yes                                        ;
; Sdram_Control:u7|Sdram_WR_FIFO:u_write2_fifo|dcfifo_mixed_widths:dcfifo_mixed_widths_component|dcfifo_ngp1:auto_generated|alt_synch_pipe_8pl:rs_dgwp|dffpipe_pe9:dffpipe13|dffe15a[8] ; yes                                                              ; yes                                        ;
; Sdram_Control:u7|Sdram_WR_FIFO:u_write2_fifo|dcfifo_mixed_widths:dcfifo_mixed_widths_component|dcfifo_ngp1:auto_generated|alt_synch_pipe_8pl:rs_dgwp|dffpipe_pe9:dffpipe13|dffe15a[9] ; yes                                                              ; yes                                        ;
; Sdram_Control:u7|Sdram_WR_FIFO:u_write2_fifo|dcfifo_mixed_widths:dcfifo_mixed_widths_component|dcfifo_ngp1:auto_generated|alt_synch_pipe_8pl:rs_dgwp|dffpipe_pe9:dffpipe13|dffe15a[6] ; yes                                                              ; yes                                        ;
; Sdram_Control:u7|Sdram_WR_FIFO:u_write2_fifo|dcfifo_mixed_widths:dcfifo_mixed_widths_component|dcfifo_ngp1:auto_generated|alt_synch_pipe_8pl:rs_dgwp|dffpipe_pe9:dffpipe13|dffe15a[7] ; yes                                                              ; yes                                        ;
; Sdram_Control:u7|Sdram_WR_FIFO:u_write2_fifo|dcfifo_mixed_widths:dcfifo_mixed_widths_component|dcfifo_ngp1:auto_generated|alt_synch_pipe_8pl:rs_dgwp|dffpipe_pe9:dffpipe13|dffe15a[4] ; yes                                                              ; yes                                        ;
; Sdram_Control:u7|Sdram_WR_FIFO:u_write2_fifo|dcfifo_mixed_widths:dcfifo_mixed_widths_component|dcfifo_ngp1:auto_generated|alt_synch_pipe_8pl:rs_dgwp|dffpipe_pe9:dffpipe13|dffe15a[5] ; yes                                                              ; yes                                        ;
; Sdram_Control:u7|Sdram_WR_FIFO:u_write2_fifo|dcfifo_mixed_widths:dcfifo_mixed_widths_component|dcfifo_ngp1:auto_generated|alt_synch_pipe_8pl:rs_dgwp|dffpipe_pe9:dffpipe13|dffe15a[2] ; yes                                                              ; yes                                        ;
; Sdram_Control:u7|Sdram_WR_FIFO:u_write2_fifo|dcfifo_mixed_widths:dcfifo_mixed_widths_component|dcfifo_ngp1:auto_generated|alt_synch_pipe_8pl:rs_dgwp|dffpipe_pe9:dffpipe13|dffe15a[3] ; yes                                                              ; yes                                        ;
; Sdram_Control:u7|Sdram_WR_FIFO:u_write2_fifo|dcfifo_mixed_widths:dcfifo_mixed_widths_component|dcfifo_ngp1:auto_generated|alt_synch_pipe_8pl:rs_dgwp|dffpipe_pe9:dffpipe13|dffe15a[0] ; yes                                                              ; yes                                        ;
; Sdram_Control:u7|Sdram_WR_FIFO:u_write2_fifo|dcfifo_mixed_widths:dcfifo_mixed_widths_component|dcfifo_ngp1:auto_generated|alt_synch_pipe_8pl:rs_dgwp|dffpipe_pe9:dffpipe13|dffe15a[1] ; yes                                                              ; yes                                        ;
; Sdram_Control:u7|Sdram_WR_FIFO:u_write1_fifo|dcfifo_mixed_widths:dcfifo_mixed_widths_component|dcfifo_ngp1:auto_generated|alt_synch_pipe_9pl:ws_dgrp|dffpipe_qe9:dffpipe16|dffe18a[8] ; yes                                                              ; yes                                        ;
; Sdram_Control:u7|Sdram_WR_FIFO:u_write1_fifo|dcfifo_mixed_widths:dcfifo_mixed_widths_component|dcfifo_ngp1:auto_generated|alt_synch_pipe_9pl:ws_dgrp|dffpipe_qe9:dffpipe16|dffe18a[9] ; yes                                                              ; yes                                        ;
; Sdram_Control:u7|Sdram_WR_FIFO:u_write1_fifo|dcfifo_mixed_widths:dcfifo_mixed_widths_component|dcfifo_ngp1:auto_generated|alt_synch_pipe_9pl:ws_dgrp|dffpipe_qe9:dffpipe16|dffe18a[6] ; yes                                                              ; yes                                        ;
; Sdram_Control:u7|Sdram_WR_FIFO:u_write1_fifo|dcfifo_mixed_widths:dcfifo_mixed_widths_component|dcfifo_ngp1:auto_generated|alt_synch_pipe_9pl:ws_dgrp|dffpipe_qe9:dffpipe16|dffe18a[7] ; yes                                                              ; yes                                        ;
; Sdram_Control:u7|Sdram_WR_FIFO:u_write1_fifo|dcfifo_mixed_widths:dcfifo_mixed_widths_component|dcfifo_ngp1:auto_generated|alt_synch_pipe_9pl:ws_dgrp|dffpipe_qe9:dffpipe16|dffe18a[4] ; yes                                                              ; yes                                        ;
; Sdram_Control:u7|Sdram_WR_FIFO:u_write1_fifo|dcfifo_mixed_widths:dcfifo_mixed_widths_component|dcfifo_ngp1:auto_generated|alt_synch_pipe_9pl:ws_dgrp|dffpipe_qe9:dffpipe16|dffe18a[5] ; yes                                                              ; yes                                        ;
; Sdram_Control:u7|Sdram_WR_FIFO:u_write1_fifo|dcfifo_mixed_widths:dcfifo_mixed_widths_component|dcfifo_ngp1:auto_generated|alt_synch_pipe_9pl:ws_dgrp|dffpipe_qe9:dffpipe16|dffe18a[2] ; yes                                                              ; yes                                        ;
; Sdram_Control:u7|Sdram_WR_FIFO:u_write1_fifo|dcfifo_mixed_widths:dcfifo_mixed_widths_component|dcfifo_ngp1:auto_generated|alt_synch_pipe_9pl:ws_dgrp|dffpipe_qe9:dffpipe16|dffe18a[3] ; yes                                                              ; yes                                        ;
; Sdram_Control:u7|Sdram_WR_FIFO:u_write1_fifo|dcfifo_mixed_widths:dcfifo_mixed_widths_component|dcfifo_ngp1:auto_generated|alt_synch_pipe_9pl:ws_dgrp|dffpipe_qe9:dffpipe16|dffe18a[0] ; yes                                                              ; yes                                        ;
; Sdram_Control:u7|Sdram_WR_FIFO:u_write1_fifo|dcfifo_mixed_widths:dcfifo_mixed_widths_component|dcfifo_ngp1:auto_generated|alt_synch_pipe_9pl:ws_dgrp|dffpipe_qe9:dffpipe16|dffe18a[1] ; yes                                                              ; yes                                        ;
; Sdram_Control:u7|Sdram_WR_FIFO:u_write1_fifo|dcfifo_mixed_widths:dcfifo_mixed_widths_component|dcfifo_ngp1:auto_generated|alt_synch_pipe_8pl:rs_dgwp|dffpipe_pe9:dffpipe13|dffe15a[8] ; yes                                                              ; yes                                        ;
; Sdram_Control:u7|Sdram_WR_FIFO:u_write1_fifo|dcfifo_mixed_widths:dcfifo_mixed_widths_component|dcfifo_ngp1:auto_generated|alt_synch_pipe_8pl:rs_dgwp|dffpipe_pe9:dffpipe13|dffe15a[9] ; yes                                                              ; yes                                        ;
; Sdram_Control:u7|Sdram_WR_FIFO:u_write1_fifo|dcfifo_mixed_widths:dcfifo_mixed_widths_component|dcfifo_ngp1:auto_generated|alt_synch_pipe_8pl:rs_dgwp|dffpipe_pe9:dffpipe13|dffe15a[6] ; yes                                                              ; yes                                        ;
; Sdram_Control:u7|Sdram_WR_FIFO:u_write1_fifo|dcfifo_mixed_widths:dcfifo_mixed_widths_component|dcfifo_ngp1:auto_generated|alt_synch_pipe_8pl:rs_dgwp|dffpipe_pe9:dffpipe13|dffe15a[7] ; yes                                                              ; yes                                        ;
; Sdram_Control:u7|Sdram_WR_FIFO:u_write1_fifo|dcfifo_mixed_widths:dcfifo_mixed_widths_component|dcfifo_ngp1:auto_generated|alt_synch_pipe_8pl:rs_dgwp|dffpipe_pe9:dffpipe13|dffe15a[4] ; yes                                                              ; yes                                        ;
; Sdram_Control:u7|Sdram_WR_FIFO:u_write1_fifo|dcfifo_mixed_widths:dcfifo_mixed_widths_component|dcfifo_ngp1:auto_generated|alt_synch_pipe_8pl:rs_dgwp|dffpipe_pe9:dffpipe13|dffe15a[5] ; yes                                                              ; yes                                        ;
; Sdram_Control:u7|Sdram_WR_FIFO:u_write1_fifo|dcfifo_mixed_widths:dcfifo_mixed_widths_component|dcfifo_ngp1:auto_generated|alt_synch_pipe_8pl:rs_dgwp|dffpipe_pe9:dffpipe13|dffe15a[2] ; yes                                                              ; yes                                        ;
; Sdram_Control:u7|Sdram_WR_FIFO:u_write1_fifo|dcfifo_mixed_widths:dcfifo_mixed_widths_component|dcfifo_ngp1:auto_generated|alt_synch_pipe_8pl:rs_dgwp|dffpipe_pe9:dffpipe13|dffe15a[3] ; yes                                                              ; yes                                        ;
; Sdram_Control:u7|Sdram_WR_FIFO:u_write1_fifo|dcfifo_mixed_widths:dcfifo_mixed_widths_component|dcfifo_ngp1:auto_generated|alt_synch_pipe_8pl:rs_dgwp|dffpipe_pe9:dffpipe13|dffe15a[0] ; yes                                                              ; yes                                        ;
; Sdram_Control:u7|Sdram_WR_FIFO:u_write1_fifo|dcfifo_mixed_widths:dcfifo_mixed_widths_component|dcfifo_ngp1:auto_generated|alt_synch_pipe_8pl:rs_dgwp|dffpipe_pe9:dffpipe13|dffe15a[1] ; yes                                                              ; yes                                        ;
; Sdram_Control:u7|Sdram_WR_FIFO:u_write2_fifo|dcfifo_mixed_widths:dcfifo_mixed_widths_component|dcfifo_ngp1:auto_generated|alt_synch_pipe_9pl:ws_dgrp|dffpipe_qe9:dffpipe16|dffe17a[8] ; yes                                                              ; yes                                        ;
; Sdram_Control:u7|Sdram_WR_FIFO:u_write2_fifo|dcfifo_mixed_widths:dcfifo_mixed_widths_component|dcfifo_ngp1:auto_generated|alt_synch_pipe_9pl:ws_dgrp|dffpipe_qe9:dffpipe16|dffe17a[9] ; yes                                                              ; yes                                        ;
; Sdram_Control:u7|Sdram_WR_FIFO:u_write2_fifo|dcfifo_mixed_widths:dcfifo_mixed_widths_component|dcfifo_ngp1:auto_generated|alt_synch_pipe_9pl:ws_dgrp|dffpipe_qe9:dffpipe16|dffe17a[6] ; yes                                                              ; yes                                        ;
; Sdram_Control:u7|Sdram_WR_FIFO:u_write2_fifo|dcfifo_mixed_widths:dcfifo_mixed_widths_component|dcfifo_ngp1:auto_generated|alt_synch_pipe_9pl:ws_dgrp|dffpipe_qe9:dffpipe16|dffe17a[7] ; yes                                                              ; yes                                        ;
; Sdram_Control:u7|Sdram_WR_FIFO:u_write2_fifo|dcfifo_mixed_widths:dcfifo_mixed_widths_component|dcfifo_ngp1:auto_generated|alt_synch_pipe_9pl:ws_dgrp|dffpipe_qe9:dffpipe16|dffe17a[4] ; yes                                                              ; yes                                        ;
; Sdram_Control:u7|Sdram_WR_FIFO:u_write2_fifo|dcfifo_mixed_widths:dcfifo_mixed_widths_component|dcfifo_ngp1:auto_generated|alt_synch_pipe_9pl:ws_dgrp|dffpipe_qe9:dffpipe16|dffe17a[5] ; yes                                                              ; yes                                        ;
; Sdram_Control:u7|Sdram_WR_FIFO:u_write2_fifo|dcfifo_mixed_widths:dcfifo_mixed_widths_component|dcfifo_ngp1:auto_generated|alt_synch_pipe_9pl:ws_dgrp|dffpipe_qe9:dffpipe16|dffe17a[2] ; yes                                                              ; yes                                        ;
; Sdram_Control:u7|Sdram_WR_FIFO:u_write2_fifo|dcfifo_mixed_widths:dcfifo_mixed_widths_component|dcfifo_ngp1:auto_generated|alt_synch_pipe_9pl:ws_dgrp|dffpipe_qe9:dffpipe16|dffe17a[3] ; yes                                                              ; yes                                        ;
; Sdram_Control:u7|Sdram_WR_FIFO:u_write2_fifo|dcfifo_mixed_widths:dcfifo_mixed_widths_component|dcfifo_ngp1:auto_generated|alt_synch_pipe_9pl:ws_dgrp|dffpipe_qe9:dffpipe16|dffe17a[0] ; yes                                                              ; yes                                        ;
; Sdram_Control:u7|Sdram_WR_FIFO:u_write2_fifo|dcfifo_mixed_widths:dcfifo_mixed_widths_component|dcfifo_ngp1:auto_generated|alt_synch_pipe_9pl:ws_dgrp|dffpipe_qe9:dffpipe16|dffe17a[1] ; yes                                                              ; yes                                        ;
; Sdram_Control:u7|Sdram_WR_FIFO:u_write2_fifo|dcfifo_mixed_widths:dcfifo_mixed_widths_component|dcfifo_ngp1:auto_generated|alt_synch_pipe_8pl:rs_dgwp|dffpipe_pe9:dffpipe13|dffe14a[8] ; yes                                                              ; yes                                        ;
; Sdram_Control:u7|Sdram_WR_FIFO:u_write2_fifo|dcfifo_mixed_widths:dcfifo_mixed_widths_component|dcfifo_ngp1:auto_generated|alt_synch_pipe_8pl:rs_dgwp|dffpipe_pe9:dffpipe13|dffe14a[9] ; yes                                                              ; yes                                        ;
; Sdram_Control:u7|Sdram_WR_FIFO:u_write2_fifo|dcfifo_mixed_widths:dcfifo_mixed_widths_component|dcfifo_ngp1:auto_generated|alt_synch_pipe_8pl:rs_dgwp|dffpipe_pe9:dffpipe13|dffe14a[6] ; yes                                                              ; yes                                        ;
; Sdram_Control:u7|Sdram_WR_FIFO:u_write2_fifo|dcfifo_mixed_widths:dcfifo_mixed_widths_component|dcfifo_ngp1:auto_generated|alt_synch_pipe_8pl:rs_dgwp|dffpipe_pe9:dffpipe13|dffe14a[7] ; yes                                                              ; yes                                        ;
; Sdram_Control:u7|Sdram_WR_FIFO:u_write2_fifo|dcfifo_mixed_widths:dcfifo_mixed_widths_component|dcfifo_ngp1:auto_generated|alt_synch_pipe_8pl:rs_dgwp|dffpipe_pe9:dffpipe13|dffe14a[4] ; yes                                                              ; yes                                        ;
; Sdram_Control:u7|Sdram_WR_FIFO:u_write2_fifo|dcfifo_mixed_widths:dcfifo_mixed_widths_component|dcfifo_ngp1:auto_generated|alt_synch_pipe_8pl:rs_dgwp|dffpipe_pe9:dffpipe13|dffe14a[5] ; yes                                                              ; yes                                        ;
; Sdram_Control:u7|Sdram_WR_FIFO:u_write2_fifo|dcfifo_mixed_widths:dcfifo_mixed_widths_component|dcfifo_ngp1:auto_generated|alt_synch_pipe_8pl:rs_dgwp|dffpipe_pe9:dffpipe13|dffe14a[2] ; yes                                                              ; yes                                        ;
; Sdram_Control:u7|Sdram_WR_FIFO:u_write2_fifo|dcfifo_mixed_widths:dcfifo_mixed_widths_component|dcfifo_ngp1:auto_generated|alt_synch_pipe_8pl:rs_dgwp|dffpipe_pe9:dffpipe13|dffe14a[3] ; yes                                                              ; yes                                        ;
; Sdram_Control:u7|Sdram_WR_FIFO:u_write2_fifo|dcfifo_mixed_widths:dcfifo_mixed_widths_component|dcfifo_ngp1:auto_generated|alt_synch_pipe_8pl:rs_dgwp|dffpipe_pe9:dffpipe13|dffe14a[0] ; yes                                                              ; yes                                        ;
; Sdram_Control:u7|Sdram_WR_FIFO:u_write2_fifo|dcfifo_mixed_widths:dcfifo_mixed_widths_component|dcfifo_ngp1:auto_generated|alt_synch_pipe_8pl:rs_dgwp|dffpipe_pe9:dffpipe13|dffe14a[1] ; yes                                                              ; yes                                        ;
; Sdram_Control:u7|Sdram_WR_FIFO:u_write1_fifo|dcfifo_mixed_widths:dcfifo_mixed_widths_component|dcfifo_ngp1:auto_generated|alt_synch_pipe_9pl:ws_dgrp|dffpipe_qe9:dffpipe16|dffe17a[8] ; yes                                                              ; yes                                        ;
; Sdram_Control:u7|Sdram_WR_FIFO:u_write1_fifo|dcfifo_mixed_widths:dcfifo_mixed_widths_component|dcfifo_ngp1:auto_generated|alt_synch_pipe_9pl:ws_dgrp|dffpipe_qe9:dffpipe16|dffe17a[9] ; yes                                                              ; yes                                        ;
; Sdram_Control:u7|Sdram_WR_FIFO:u_write1_fifo|dcfifo_mixed_widths:dcfifo_mixed_widths_component|dcfifo_ngp1:auto_generated|alt_synch_pipe_9pl:ws_dgrp|dffpipe_qe9:dffpipe16|dffe17a[6] ; yes                                                              ; yes                                        ;
; Sdram_Control:u7|Sdram_WR_FIFO:u_write1_fifo|dcfifo_mixed_widths:dcfifo_mixed_widths_component|dcfifo_ngp1:auto_generated|alt_synch_pipe_9pl:ws_dgrp|dffpipe_qe9:dffpipe16|dffe17a[7] ; yes                                                              ; yes                                        ;
; Sdram_Control:u7|Sdram_WR_FIFO:u_write1_fifo|dcfifo_mixed_widths:dcfifo_mixed_widths_component|dcfifo_ngp1:auto_generated|alt_synch_pipe_9pl:ws_dgrp|dffpipe_qe9:dffpipe16|dffe17a[4] ; yes                                                              ; yes                                        ;
; Sdram_Control:u7|Sdram_WR_FIFO:u_write1_fifo|dcfifo_mixed_widths:dcfifo_mixed_widths_component|dcfifo_ngp1:auto_generated|alt_synch_pipe_9pl:ws_dgrp|dffpipe_qe9:dffpipe16|dffe17a[5] ; yes                                                              ; yes                                        ;
; Sdram_Control:u7|Sdram_WR_FIFO:u_write1_fifo|dcfifo_mixed_widths:dcfifo_mixed_widths_component|dcfifo_ngp1:auto_generated|alt_synch_pipe_9pl:ws_dgrp|dffpipe_qe9:dffpipe16|dffe17a[2] ; yes                                                              ; yes                                        ;
; Sdram_Control:u7|Sdram_WR_FIFO:u_write1_fifo|dcfifo_mixed_widths:dcfifo_mixed_widths_component|dcfifo_ngp1:auto_generated|alt_synch_pipe_9pl:ws_dgrp|dffpipe_qe9:dffpipe16|dffe17a[3] ; yes                                                              ; yes                                        ;
; Sdram_Control:u7|Sdram_WR_FIFO:u_write1_fifo|dcfifo_mixed_widths:dcfifo_mixed_widths_component|dcfifo_ngp1:auto_generated|alt_synch_pipe_9pl:ws_dgrp|dffpipe_qe9:dffpipe16|dffe17a[0] ; yes                                                              ; yes                                        ;
; Sdram_Control:u7|Sdram_WR_FIFO:u_write1_fifo|dcfifo_mixed_widths:dcfifo_mixed_widths_component|dcfifo_ngp1:auto_generated|alt_synch_pipe_9pl:ws_dgrp|dffpipe_qe9:dffpipe16|dffe17a[1] ; yes                                                              ; yes                                        ;
; Sdram_Control:u7|Sdram_WR_FIFO:u_write1_fifo|dcfifo_mixed_widths:dcfifo_mixed_widths_component|dcfifo_ngp1:auto_generated|alt_synch_pipe_8pl:rs_dgwp|dffpipe_pe9:dffpipe13|dffe14a[8] ; yes                                                              ; yes                                        ;
; Sdram_Control:u7|Sdram_WR_FIFO:u_write1_fifo|dcfifo_mixed_widths:dcfifo_mixed_widths_component|dcfifo_ngp1:auto_generated|alt_synch_pipe_8pl:rs_dgwp|dffpipe_pe9:dffpipe13|dffe14a[9] ; yes                                                              ; yes                                        ;
; Sdram_Control:u7|Sdram_WR_FIFO:u_write1_fifo|dcfifo_mixed_widths:dcfifo_mixed_widths_component|dcfifo_ngp1:auto_generated|alt_synch_pipe_8pl:rs_dgwp|dffpipe_pe9:dffpipe13|dffe14a[6] ; yes                                                              ; yes                                        ;
; Sdram_Control:u7|Sdram_WR_FIFO:u_write1_fifo|dcfifo_mixed_widths:dcfifo_mixed_widths_component|dcfifo_ngp1:auto_generated|alt_synch_pipe_8pl:rs_dgwp|dffpipe_pe9:dffpipe13|dffe14a[7] ; yes                                                              ; yes                                        ;
; Sdram_Control:u7|Sdram_WR_FIFO:u_write1_fifo|dcfifo_mixed_widths:dcfifo_mixed_widths_component|dcfifo_ngp1:auto_generated|alt_synch_pipe_8pl:rs_dgwp|dffpipe_pe9:dffpipe13|dffe14a[4] ; yes                                                              ; yes                                        ;
; Sdram_Control:u7|Sdram_WR_FIFO:u_write1_fifo|dcfifo_mixed_widths:dcfifo_mixed_widths_component|dcfifo_ngp1:auto_generated|alt_synch_pipe_8pl:rs_dgwp|dffpipe_pe9:dffpipe13|dffe14a[5] ; yes                                                              ; yes                                        ;
; Sdram_Control:u7|Sdram_WR_FIFO:u_write1_fifo|dcfifo_mixed_widths:dcfifo_mixed_widths_component|dcfifo_ngp1:auto_generated|alt_synch_pipe_8pl:rs_dgwp|dffpipe_pe9:dffpipe13|dffe14a[2] ; yes                                                              ; yes                                        ;
; Sdram_Control:u7|Sdram_WR_FIFO:u_write1_fifo|dcfifo_mixed_widths:dcfifo_mixed_widths_component|dcfifo_ngp1:auto_generated|alt_synch_pipe_8pl:rs_dgwp|dffpipe_pe9:dffpipe13|dffe14a[3] ; yes                                                              ; yes                                        ;
; Sdram_Control:u7|Sdram_WR_FIFO:u_write1_fifo|dcfifo_mixed_widths:dcfifo_mixed_widths_component|dcfifo_ngp1:auto_generated|alt_synch_pipe_8pl:rs_dgwp|dffpipe_pe9:dffpipe13|dffe14a[0] ; yes                                                              ; yes                                        ;
; Sdram_Control:u7|Sdram_WR_FIFO:u_write1_fifo|dcfifo_mixed_widths:dcfifo_mixed_widths_component|dcfifo_ngp1:auto_generated|alt_synch_pipe_8pl:rs_dgwp|dffpipe_pe9:dffpipe13|dffe14a[1] ; yes                                                              ; yes                                        ;
; Total number of protected registers is 160                                                                                                                                            ;                                                                  ;                                            ;
+---------------------------------------------------------------------------------------------------------------------------------------------------------------------------------------+------------------------------------------------------------------+--------------------------------------------+


+------------------------------------------------------------------------------------------------------------------------------------------------------------------------------------------------------------------------------------------------------------------------------------------------------------------------------------------------------------------+
; Registers Removed During Synthesis                                                                                                                                                                                                                                                                                                                               ;
+------------------------------------------------------------------------------------------------------------------------------------------------------------------------------------+-----------------------------------------------------------------------------------------------------------------------------------------------------------------------------+
; Register name                                                                                                                                                                      ; Reason for Removal                                                                                                                                                          ;
+------------------------------------------------------------------------------------------------------------------------------------------------------------------------------------+-----------------------------------------------------------------------------------------------------------------------------------------------------------------------------+
; snake_wrapper:u_game|snake_top:u_snake_top|zext_ln195_reg_1408[8]                                                                                                                  ; Stuck at GND due to stuck port data_in                                                                                                                                      ;
; snake_wrapper:u_game|snake_top:u_snake_top|storemerge1_reg_477[2..6]                                                                                                               ; Stuck at GND due to stuck port data_in                                                                                                                                      ;
; snake_wrapper:u_game|snake_top:u_snake_top|snake_top_snake_top_Pipeline_VITIS_LOOP_27_11:grp_snake_top_Pipeline_VITIS_LOOP_27_11_fu_531|ap_CS_fsm[0]                               ; Stuck at VCC due to stuck port data_in                                                                                                                                      ;
; snake_wrapper:u_game|snake_top:u_snake_top|snake_top_snake_top_Pipeline_VITIS_LOOP_27_11:grp_snake_top_Pipeline_VITIS_LOOP_27_11_fu_531|ap_done_reg                                ; Stuck at GND due to stuck port data_in                                                                                                                                      ;
; snake_wrapper:u_game|snake_top:u_snake_top|snake_top_snake_top_Pipeline_VITIS_LOOP_214_5:grp_snake_top_Pipeline_VITIS_LOOP_214_5_fu_521|ap_CS_fsm[0]                               ; Stuck at VCC due to stuck port data_in                                                                                                                                      ;
; snake_wrapper:u_game|snake_top:u_snake_top|snake_top_snake_top_Pipeline_VITIS_LOOP_214_5:grp_snake_top_Pipeline_VITIS_LOOP_214_5_fu_521|ap_done_reg                                ; Stuck at GND due to stuck port data_in                                                                                                                                      ;
; snake_wrapper:u_game|snake_top:u_snake_top|snake_top_snake_top_Pipeline_VITIS_LOOP_27_1:grp_snake_top_Pipeline_VITIS_LOOP_27_1_fu_512|ap_CS_fsm[0]                                 ; Stuck at VCC due to stuck port data_in                                                                                                                                      ;
; snake_wrapper:u_game|snake_top:u_snake_top|snake_top_snake_top_Pipeline_VITIS_LOOP_27_1:grp_snake_top_Pipeline_VITIS_LOOP_27_1_fu_512|ap_done_reg                                  ; Stuck at GND due to stuck port data_in                                                                                                                                      ;
; snake_wrapper:u_game|snake_top:u_snake_top|snake_top_snake_top_Pipeline_VITIS_LOOP_94_4:grp_snake_top_Pipeline_VITIS_LOOP_94_4_fu_504|ap_CS_fsm[0]                                 ; Stuck at VCC due to stuck port data_in                                                                                                                                      ;
; snake_wrapper:u_game|snake_top:u_snake_top|snake_top_snake_top_Pipeline_VITIS_LOOP_94_4:grp_snake_top_Pipeline_VITIS_LOOP_94_4_fu_504|ap_done_reg                                  ; Stuck at GND due to stuck port data_in                                                                                                                                      ;
; snake_wrapper:u_game|snake_top:u_snake_top|snake_top_snake_top_Pipeline_VITIS_LOOP_85_3:grp_snake_top_Pipeline_VITIS_LOOP_85_3_fu_494|ap_CS_fsm[0]                                 ; Stuck at VCC due to stuck port data_in                                                                                                                                      ;
; snake_wrapper:u_game|snake_top:u_snake_top|snake_top_snake_top_Pipeline_VITIS_LOOP_85_3:grp_snake_top_Pipeline_VITIS_LOOP_85_3_fu_494|ap_done_reg                                  ; Stuck at GND due to stuck port data_in                                                                                                                                      ;
; snake_wrapper:u_game|snake_top:u_snake_top|snake_top_snake_top_Pipeline_VITIS_LOOP_73_1_VITIS_LOOP_74_2:grp_snake_top_Pipeline_VITIS_LOOP_73_1_VITIS_LOOP_74_2_fu_488|ap_CS_fsm[0] ; Stuck at VCC due to stuck port data_in                                                                                                                                      ;
; snake_wrapper:u_game|snake_top:u_snake_top|snake_top_snake_top_Pipeline_VITIS_LOOP_73_1_VITIS_LOOP_74_2:grp_snake_top_Pipeline_VITIS_LOOP_73_1_VITIS_LOOP_74_2_fu_488|ap_done_reg  ; Stuck at GND due to stuck port data_in                                                                                                                                      ;
; VGA_Controller:u1|oVGA_SYNC                                                                                                                                                        ; Stuck at GND due to stuck port data_in                                                                                                                                      ;
; Sdram_Control:u7|mDATAOUT[15]                                                                                                                                                      ; Lost fanout                                                                                                                                                                 ;
; I2C_CCD_Config:u8|mI2C_DATA[31]                                                                                                                                                    ; Stuck at VCC due to stuck port data_in                                                                                                                                      ;
; I2C_CCD_Config:u8|mI2C_DATA[30]                                                                                                                                                    ; Stuck at GND due to stuck port data_in                                                                                                                                      ;
; I2C_CCD_Config:u8|mI2C_DATA[27..29]                                                                                                                                                ; Stuck at VCC due to stuck port data_in                                                                                                                                      ;
; I2C_CCD_Config:u8|mI2C_DATA[26]                                                                                                                                                    ; Stuck at GND due to stuck port data_in                                                                                                                                      ;
; I2C_CCD_Config:u8|mI2C_DATA[25]                                                                                                                                                    ; Stuck at VCC due to stuck port data_in                                                                                                                                      ;
; I2C_CCD_Config:u8|mI2C_DATA[24]                                                                                                                                                    ; Stuck at GND due to stuck port data_in                                                                                                                                      ;
; I2C_CCD_Config:u8|I2C_Controller:u0|SD[31]                                                                                                                                         ; Stuck at VCC due to stuck port data_in                                                                                                                                      ;
; I2C_CCD_Config:u8|I2C_Controller:u0|SD[30]                                                                                                                                         ; Stuck at GND due to stuck port data_in                                                                                                                                      ;
; I2C_CCD_Config:u8|I2C_Controller:u0|SD[27..29]                                                                                                                                     ; Stuck at VCC due to stuck port data_in                                                                                                                                      ;
; I2C_CCD_Config:u8|I2C_Controller:u0|SD[26]                                                                                                                                         ; Stuck at GND due to stuck port data_in                                                                                                                                      ;
; I2C_CCD_Config:u8|I2C_Controller:u0|SD[25]                                                                                                                                         ; Stuck at VCC due to stuck port data_in                                                                                                                                      ;
; I2C_CCD_Config:u8|I2C_Controller:u0|SD[24]                                                                                                                                         ; Stuck at GND due to stuck port data_in                                                                                                                                      ;
; Sdram_Control:u7|Sdram_RD_FIFO:u_read2_fifo|dcfifo_mixed_widths:dcfifo_mixed_widths_component|dcfifo_ahp1:auto_generated|dffpipe_oe9:ws_bwp|dffe12a[8,9]                           ; Lost fanout                                                                                                                                                                 ;
; Sdram_Control:u7|Sdram_RD_FIFO:u_read2_fifo|dcfifo_mixed_widths:dcfifo_mixed_widths_component|dcfifo_ahp1:auto_generated|dffpipe_oe9:ws_brp|dffe12a[8,9]                           ; Lost fanout                                                                                                                                                                 ;
; Sdram_Control:u7|Sdram_RD_FIFO:u_read1_fifo|dcfifo_mixed_widths:dcfifo_mixed_widths_component|dcfifo_ahp1:auto_generated|dffpipe_oe9:ws_bwp|dffe12a[8,9]                           ; Lost fanout                                                                                                                                                                 ;
; Sdram_Control:u7|Sdram_RD_FIFO:u_read1_fifo|dcfifo_mixed_widths:dcfifo_mixed_widths_component|dcfifo_ahp1:auto_generated|dffpipe_oe9:ws_brp|dffe12a[8,9]                           ; Lost fanout                                                                                                                                                                 ;
; Sdram_Control:u7|Sdram_WR_FIFO:u_write2_fifo|dcfifo_mixed_widths:dcfifo_mixed_widths_component|dcfifo_ngp1:auto_generated|dffpipe_oe9:rs_bwp|dffe12a[8,9]                          ; Lost fanout                                                                                                                                                                 ;
; Sdram_Control:u7|Sdram_WR_FIFO:u_write2_fifo|dcfifo_mixed_widths:dcfifo_mixed_widths_component|dcfifo_ngp1:auto_generated|dffpipe_oe9:rs_brp|dffe12a[8,9]                          ; Lost fanout                                                                                                                                                                 ;
; Sdram_Control:u7|Sdram_WR_FIFO:u_write1_fifo|dcfifo_mixed_widths:dcfifo_mixed_widths_component|dcfifo_ngp1:auto_generated|dffpipe_oe9:rs_bwp|dffe12a[8,9]                          ; Lost fanout                                                                                                                                                                 ;
; Sdram_Control:u7|Sdram_WR_FIFO:u_write1_fifo|dcfifo_mixed_widths:dcfifo_mixed_widths_component|dcfifo_ngp1:auto_generated|dffpipe_oe9:rs_brp|dffe12a[8,9]                          ; Lost fanout                                                                                                                                                                 ;
; snake_wrapper:u_game|snake_top:u_snake_top|snake_top_snake_top_Pipeline_VITIS_LOOP_27_11:grp_snake_top_Pipeline_VITIS_LOOP_27_11_fu_531|lshr_ln14_1_reg_434[7]                     ; Merged with snake_wrapper:u_game|snake_top:u_snake_top|snake_top_snake_top_Pipeline_VITIS_LOOP_27_11:grp_snake_top_Pipeline_VITIS_LOOP_27_11_fu_531|s_fu_86[8]              ;
; snake_wrapper:u_game|snake_top:u_snake_top|snake_top_snake_top_Pipeline_VITIS_LOOP_27_11:grp_snake_top_Pipeline_VITIS_LOOP_27_11_fu_531|r_reg_450[2]                               ; Merged with snake_wrapper:u_game|snake_top:u_snake_top|snake_top_snake_top_Pipeline_VITIS_LOOP_27_11:grp_snake_top_Pipeline_VITIS_LOOP_27_11_fu_531|s_fu_86[8]              ;
; snake_wrapper:u_game|snake_top:u_snake_top|snake_top_snake_top_Pipeline_VITIS_LOOP_27_11:grp_snake_top_Pipeline_VITIS_LOOP_27_11_fu_531|lshr_ln14_1_reg_434[6]                     ; Merged with snake_wrapper:u_game|snake_top:u_snake_top|snake_top_snake_top_Pipeline_VITIS_LOOP_27_11:grp_snake_top_Pipeline_VITIS_LOOP_27_11_fu_531|s_fu_86[7]              ;
; snake_wrapper:u_game|snake_top:u_snake_top|snake_top_snake_top_Pipeline_VITIS_LOOP_27_11:grp_snake_top_Pipeline_VITIS_LOOP_27_11_fu_531|r_reg_450[1]                               ; Merged with snake_wrapper:u_game|snake_top:u_snake_top|snake_top_snake_top_Pipeline_VITIS_LOOP_27_11:grp_snake_top_Pipeline_VITIS_LOOP_27_11_fu_531|s_fu_86[7]              ;
; snake_wrapper:u_game|snake_top:u_snake_top|snake_top_snake_top_Pipeline_VITIS_LOOP_27_11:grp_snake_top_Pipeline_VITIS_LOOP_27_11_fu_531|lshr_ln14_1_reg_434[5]                     ; Merged with snake_wrapper:u_game|snake_top:u_snake_top|snake_top_snake_top_Pipeline_VITIS_LOOP_27_11:grp_snake_top_Pipeline_VITIS_LOOP_27_11_fu_531|s_fu_86[6]              ;
; snake_wrapper:u_game|snake_top:u_snake_top|snake_top_snake_top_Pipeline_VITIS_LOOP_27_11:grp_snake_top_Pipeline_VITIS_LOOP_27_11_fu_531|r_reg_450[0]                               ; Merged with snake_wrapper:u_game|snake_top:u_snake_top|snake_top_snake_top_Pipeline_VITIS_LOOP_27_11:grp_snake_top_Pipeline_VITIS_LOOP_27_11_fu_531|s_fu_86[6]              ;
; snake_wrapper:u_game|snake_top:u_snake_top|snake_top_snake_top_Pipeline_VITIS_LOOP_27_11:grp_snake_top_Pipeline_VITIS_LOOP_27_11_fu_531|c_reg_444[0]                               ; Merged with snake_wrapper:u_game|snake_top:u_snake_top|snake_top_snake_top_Pipeline_VITIS_LOOP_27_11:grp_snake_top_Pipeline_VITIS_LOOP_27_11_fu_531|s_fu_86[1]              ;
; snake_wrapper:u_game|snake_top:u_snake_top|snake_top_snake_top_Pipeline_VITIS_LOOP_27_11:grp_snake_top_Pipeline_VITIS_LOOP_27_11_fu_531|c_reg_444[4]                               ; Merged with snake_wrapper:u_game|snake_top:u_snake_top|snake_top_snake_top_Pipeline_VITIS_LOOP_27_11:grp_snake_top_Pipeline_VITIS_LOOP_27_11_fu_531|s_fu_86[5]              ;
; snake_wrapper:u_game|snake_top:u_snake_top|snake_top_snake_top_Pipeline_VITIS_LOOP_27_11:grp_snake_top_Pipeline_VITIS_LOOP_27_11_fu_531|lshr_ln14_1_reg_434[4]                     ; Merged with snake_wrapper:u_game|snake_top:u_snake_top|snake_top_snake_top_Pipeline_VITIS_LOOP_27_11:grp_snake_top_Pipeline_VITIS_LOOP_27_11_fu_531|s_fu_86[5]              ;
; snake_wrapper:u_game|snake_top:u_snake_top|snake_top_snake_top_Pipeline_VITIS_LOOP_27_11:grp_snake_top_Pipeline_VITIS_LOOP_27_11_fu_531|c_reg_444[3]                               ; Merged with snake_wrapper:u_game|snake_top:u_snake_top|snake_top_snake_top_Pipeline_VITIS_LOOP_27_11:grp_snake_top_Pipeline_VITIS_LOOP_27_11_fu_531|s_fu_86[4]              ;
; snake_wrapper:u_game|snake_top:u_snake_top|snake_top_snake_top_Pipeline_VITIS_LOOP_27_11:grp_snake_top_Pipeline_VITIS_LOOP_27_11_fu_531|lshr_ln14_1_reg_434[3]                     ; Merged with snake_wrapper:u_game|snake_top:u_snake_top|snake_top_snake_top_Pipeline_VITIS_LOOP_27_11:grp_snake_top_Pipeline_VITIS_LOOP_27_11_fu_531|s_fu_86[4]              ;
; snake_wrapper:u_game|snake_top:u_snake_top|snake_top_snake_top_Pipeline_VITIS_LOOP_27_11:grp_snake_top_Pipeline_VITIS_LOOP_27_11_fu_531|c_reg_444[2]                               ; Merged with snake_wrapper:u_game|snake_top:u_snake_top|snake_top_snake_top_Pipeline_VITIS_LOOP_27_11:grp_snake_top_Pipeline_VITIS_LOOP_27_11_fu_531|s_fu_86[3]              ;
; snake_wrapper:u_game|snake_top:u_snake_top|snake_top_snake_top_Pipeline_VITIS_LOOP_27_11:grp_snake_top_Pipeline_VITIS_LOOP_27_11_fu_531|lshr_ln14_1_reg_434[2]                     ; Merged with snake_wrapper:u_game|snake_top:u_snake_top|snake_top_snake_top_Pipeline_VITIS_LOOP_27_11:grp_snake_top_Pipeline_VITIS_LOOP_27_11_fu_531|s_fu_86[3]              ;
; snake_wrapper:u_game|snake_top:u_snake_top|snake_top_snake_top_Pipeline_VITIS_LOOP_27_11:grp_snake_top_Pipeline_VITIS_LOOP_27_11_fu_531|c_reg_444[1]                               ; Merged with snake_wrapper:u_game|snake_top:u_snake_top|snake_top_snake_top_Pipeline_VITIS_LOOP_27_11:grp_snake_top_Pipeline_VITIS_LOOP_27_11_fu_531|s_fu_86[2]              ;
; snake_wrapper:u_game|snake_top:u_snake_top|snake_top_snake_top_Pipeline_VITIS_LOOP_27_11:grp_snake_top_Pipeline_VITIS_LOOP_27_11_fu_531|lshr_ln14_1_reg_434[1]                     ; Merged with snake_wrapper:u_game|snake_top:u_snake_top|snake_top_snake_top_Pipeline_VITIS_LOOP_27_11:grp_snake_top_Pipeline_VITIS_LOOP_27_11_fu_531|s_fu_86[2]              ;
; snake_wrapper:u_game|snake_top:u_snake_top|snake_top_snake_top_Pipeline_VITIS_LOOP_27_11:grp_snake_top_Pipeline_VITIS_LOOP_27_11_fu_531|s_fu_86[15]                                ; Merged with snake_wrapper:u_game|snake_top:u_snake_top|snake_top_snake_top_Pipeline_VITIS_LOOP_27_11:grp_snake_top_Pipeline_VITIS_LOOP_27_11_fu_531|lshr_ln14_1_reg_434[14] ;
; snake_wrapper:u_game|snake_top:u_snake_top|snake_top_snake_top_Pipeline_VITIS_LOOP_27_11:grp_snake_top_Pipeline_VITIS_LOOP_27_11_fu_531|s_fu_86[14]                                ; Merged with snake_wrapper:u_game|snake_top:u_snake_top|snake_top_snake_top_Pipeline_VITIS_LOOP_27_11:grp_snake_top_Pipeline_VITIS_LOOP_27_11_fu_531|lshr_ln14_1_reg_434[13] ;
; snake_wrapper:u_game|snake_top:u_snake_top|snake_top_snake_top_Pipeline_VITIS_LOOP_27_11:grp_snake_top_Pipeline_VITIS_LOOP_27_11_fu_531|s_fu_86[13]                                ; Merged with snake_wrapper:u_game|snake_top:u_snake_top|snake_top_snake_top_Pipeline_VITIS_LOOP_27_11:grp_snake_top_Pipeline_VITIS_LOOP_27_11_fu_531|lshr_ln14_1_reg_434[12] ;
; snake_wrapper:u_game|snake_top:u_snake_top|snake_top_snake_top_Pipeline_VITIS_LOOP_27_11:grp_snake_top_Pipeline_VITIS_LOOP_27_11_fu_531|s_fu_86[12]                                ; Merged with snake_wrapper:u_game|snake_top:u_snake_top|snake_top_snake_top_Pipeline_VITIS_LOOP_27_11:grp_snake_top_Pipeline_VITIS_LOOP_27_11_fu_531|lshr_ln14_1_reg_434[11] ;
; snake_wrapper:u_game|snake_top:u_snake_top|snake_top_snake_top_Pipeline_VITIS_LOOP_27_11:grp_snake_top_Pipeline_VITIS_LOOP_27_11_fu_531|s_fu_86[11]                                ; Merged with snake_wrapper:u_game|snake_top:u_snake_top|snake_top_snake_top_Pipeline_VITIS_LOOP_27_11:grp_snake_top_Pipeline_VITIS_LOOP_27_11_fu_531|lshr_ln14_1_reg_434[10] ;
; snake_wrapper:u_game|snake_top:u_snake_top|snake_top_snake_top_Pipeline_VITIS_LOOP_27_11:grp_snake_top_Pipeline_VITIS_LOOP_27_11_fu_531|s_fu_86[10]                                ; Merged with snake_wrapper:u_game|snake_top:u_snake_top|snake_top_snake_top_Pipeline_VITIS_LOOP_27_11:grp_snake_top_Pipeline_VITIS_LOOP_27_11_fu_531|lshr_ln14_1_reg_434[9]  ;
; snake_wrapper:u_game|snake_top:u_snake_top|snake_top_snake_top_Pipeline_VITIS_LOOP_27_11:grp_snake_top_Pipeline_VITIS_LOOP_27_11_fu_531|s_fu_86[9]                                 ; Merged with snake_wrapper:u_game|snake_top:u_snake_top|snake_top_snake_top_Pipeline_VITIS_LOOP_27_11:grp_snake_top_Pipeline_VITIS_LOOP_27_11_fu_531|lshr_ln14_1_reg_434[8]  ;
; snake_wrapper:u_game|snake_top:u_snake_top|snake_top_snake_top_Pipeline_VITIS_LOOP_27_11:grp_snake_top_Pipeline_VITIS_LOOP_27_11_fu_531|r_reg_450[3]                               ; Merged with snake_wrapper:u_game|snake_top:u_snake_top|snake_top_snake_top_Pipeline_VITIS_LOOP_27_11:grp_snake_top_Pipeline_VITIS_LOOP_27_11_fu_531|lshr_ln14_1_reg_434[8]  ;
; snake_wrapper:u_game|snake_top:u_snake_top|snake_top_snake_top_Pipeline_VITIS_LOOP_27_1:grp_snake_top_Pipeline_VITIS_LOOP_27_1_fu_512|lshr_ln_reg_426[7]                           ; Merged with snake_wrapper:u_game|snake_top:u_snake_top|snake_top_snake_top_Pipeline_VITIS_LOOP_27_1:grp_snake_top_Pipeline_VITIS_LOOP_27_1_fu_512|s_fu_84[8]                ;
; snake_wrapper:u_game|snake_top:u_snake_top|snake_top_snake_top_Pipeline_VITIS_LOOP_27_1:grp_snake_top_Pipeline_VITIS_LOOP_27_1_fu_512|r_1_reg_442[2]                               ; Merged with snake_wrapper:u_game|snake_top:u_snake_top|snake_top_snake_top_Pipeline_VITIS_LOOP_27_1:grp_snake_top_Pipeline_VITIS_LOOP_27_1_fu_512|s_fu_84[8]                ;
; snake_wrapper:u_game|snake_top:u_snake_top|snake_top_snake_top_Pipeline_VITIS_LOOP_27_1:grp_snake_top_Pipeline_VITIS_LOOP_27_1_fu_512|lshr_ln_reg_426[6]                           ; Merged with snake_wrapper:u_game|snake_top:u_snake_top|snake_top_snake_top_Pipeline_VITIS_LOOP_27_1:grp_snake_top_Pipeline_VITIS_LOOP_27_1_fu_512|s_fu_84[7]                ;
; snake_wrapper:u_game|snake_top:u_snake_top|snake_top_snake_top_Pipeline_VITIS_LOOP_27_1:grp_snake_top_Pipeline_VITIS_LOOP_27_1_fu_512|r_1_reg_442[1]                               ; Merged with snake_wrapper:u_game|snake_top:u_snake_top|snake_top_snake_top_Pipeline_VITIS_LOOP_27_1:grp_snake_top_Pipeline_VITIS_LOOP_27_1_fu_512|s_fu_84[7]                ;
; snake_wrapper:u_game|snake_top:u_snake_top|snake_top_snake_top_Pipeline_VITIS_LOOP_27_1:grp_snake_top_Pipeline_VITIS_LOOP_27_1_fu_512|lshr_ln_reg_426[5]                           ; Merged with snake_wrapper:u_game|snake_top:u_snake_top|snake_top_snake_top_Pipeline_VITIS_LOOP_27_1:grp_snake_top_Pipeline_VITIS_LOOP_27_1_fu_512|s_fu_84[6]                ;
; snake_wrapper:u_game|snake_top:u_snake_top|snake_top_snake_top_Pipeline_VITIS_LOOP_27_1:grp_snake_top_Pipeline_VITIS_LOOP_27_1_fu_512|r_1_reg_442[0]                               ; Merged with snake_wrapper:u_game|snake_top:u_snake_top|snake_top_snake_top_Pipeline_VITIS_LOOP_27_1:grp_snake_top_Pipeline_VITIS_LOOP_27_1_fu_512|s_fu_84[6]                ;
; snake_wrapper:u_game|snake_top:u_snake_top|snake_top_snake_top_Pipeline_VITIS_LOOP_27_1:grp_snake_top_Pipeline_VITIS_LOOP_27_1_fu_512|c_reg_436[0]                                 ; Merged with snake_wrapper:u_game|snake_top:u_snake_top|snake_top_snake_top_Pipeline_VITIS_LOOP_27_1:grp_snake_top_Pipeline_VITIS_LOOP_27_1_fu_512|s_fu_84[1]                ;
; snake_wrapper:u_game|snake_top:u_snake_top|snake_top_snake_top_Pipeline_VITIS_LOOP_27_1:grp_snake_top_Pipeline_VITIS_LOOP_27_1_fu_512|c_reg_436[4]                                 ; Merged with snake_wrapper:u_game|snake_top:u_snake_top|snake_top_snake_top_Pipeline_VITIS_LOOP_27_1:grp_snake_top_Pipeline_VITIS_LOOP_27_1_fu_512|s_fu_84[5]                ;
; snake_wrapper:u_game|snake_top:u_snake_top|snake_top_snake_top_Pipeline_VITIS_LOOP_27_1:grp_snake_top_Pipeline_VITIS_LOOP_27_1_fu_512|lshr_ln_reg_426[4]                           ; Merged with snake_wrapper:u_game|snake_top:u_snake_top|snake_top_snake_top_Pipeline_VITIS_LOOP_27_1:grp_snake_top_Pipeline_VITIS_LOOP_27_1_fu_512|s_fu_84[5]                ;
; snake_wrapper:u_game|snake_top:u_snake_top|snake_top_snake_top_Pipeline_VITIS_LOOP_27_1:grp_snake_top_Pipeline_VITIS_LOOP_27_1_fu_512|c_reg_436[3]                                 ; Merged with snake_wrapper:u_game|snake_top:u_snake_top|snake_top_snake_top_Pipeline_VITIS_LOOP_27_1:grp_snake_top_Pipeline_VITIS_LOOP_27_1_fu_512|s_fu_84[4]                ;
; snake_wrapper:u_game|snake_top:u_snake_top|snake_top_snake_top_Pipeline_VITIS_LOOP_27_1:grp_snake_top_Pipeline_VITIS_LOOP_27_1_fu_512|lshr_ln_reg_426[3]                           ; Merged with snake_wrapper:u_game|snake_top:u_snake_top|snake_top_snake_top_Pipeline_VITIS_LOOP_27_1:grp_snake_top_Pipeline_VITIS_LOOP_27_1_fu_512|s_fu_84[4]                ;
; snake_wrapper:u_game|snake_top:u_snake_top|snake_top_snake_top_Pipeline_VITIS_LOOP_27_1:grp_snake_top_Pipeline_VITIS_LOOP_27_1_fu_512|c_reg_436[2]                                 ; Merged with snake_wrapper:u_game|snake_top:u_snake_top|snake_top_snake_top_Pipeline_VITIS_LOOP_27_1:grp_snake_top_Pipeline_VITIS_LOOP_27_1_fu_512|s_fu_84[3]                ;
; snake_wrapper:u_game|snake_top:u_snake_top|snake_top_snake_top_Pipeline_VITIS_LOOP_27_1:grp_snake_top_Pipeline_VITIS_LOOP_27_1_fu_512|lshr_ln_reg_426[2]                           ; Merged with snake_wrapper:u_game|snake_top:u_snake_top|snake_top_snake_top_Pipeline_VITIS_LOOP_27_1:grp_snake_top_Pipeline_VITIS_LOOP_27_1_fu_512|s_fu_84[3]                ;
; snake_wrapper:u_game|snake_top:u_snake_top|snake_top_snake_top_Pipeline_VITIS_LOOP_27_1:grp_snake_top_Pipeline_VITIS_LOOP_27_1_fu_512|c_reg_436[1]                                 ; Merged with snake_wrapper:u_game|snake_top:u_snake_top|snake_top_snake_top_Pipeline_VITIS_LOOP_27_1:grp_snake_top_Pipeline_VITIS_LOOP_27_1_fu_512|s_fu_84[2]                ;
; snake_wrapper:u_game|snake_top:u_snake_top|snake_top_snake_top_Pipeline_VITIS_LOOP_27_1:grp_snake_top_Pipeline_VITIS_LOOP_27_1_fu_512|lshr_ln_reg_426[1]                           ; Merged with snake_wrapper:u_game|snake_top:u_snake_top|snake_top_snake_top_Pipeline_VITIS_LOOP_27_1:grp_snake_top_Pipeline_VITIS_LOOP_27_1_fu_512|s_fu_84[2]                ;
; snake_wrapper:u_game|snake_top:u_snake_top|snake_top_snake_top_Pipeline_VITIS_LOOP_27_1:grp_snake_top_Pipeline_VITIS_LOOP_27_1_fu_512|s_fu_84[15]                                  ; Merged with snake_wrapper:u_game|snake_top:u_snake_top|snake_top_snake_top_Pipeline_VITIS_LOOP_27_1:grp_snake_top_Pipeline_VITIS_LOOP_27_1_fu_512|lshr_ln_reg_426[14]       ;
; snake_wrapper:u_game|snake_top:u_snake_top|snake_top_snake_top_Pipeline_VITIS_LOOP_27_1:grp_snake_top_Pipeline_VITIS_LOOP_27_1_fu_512|s_fu_84[14]                                  ; Merged with snake_wrapper:u_game|snake_top:u_snake_top|snake_top_snake_top_Pipeline_VITIS_LOOP_27_1:grp_snake_top_Pipeline_VITIS_LOOP_27_1_fu_512|lshr_ln_reg_426[13]       ;
; snake_wrapper:u_game|snake_top:u_snake_top|snake_top_snake_top_Pipeline_VITIS_LOOP_27_1:grp_snake_top_Pipeline_VITIS_LOOP_27_1_fu_512|s_fu_84[13]                                  ; Merged with snake_wrapper:u_game|snake_top:u_snake_top|snake_top_snake_top_Pipeline_VITIS_LOOP_27_1:grp_snake_top_Pipeline_VITIS_LOOP_27_1_fu_512|lshr_ln_reg_426[12]       ;
; snake_wrapper:u_game|snake_top:u_snake_top|snake_top_snake_top_Pipeline_VITIS_LOOP_27_1:grp_snake_top_Pipeline_VITIS_LOOP_27_1_fu_512|s_fu_84[12]                                  ; Merged with snake_wrapper:u_game|snake_top:u_snake_top|snake_top_snake_top_Pipeline_VITIS_LOOP_27_1:grp_snake_top_Pipeline_VITIS_LOOP_27_1_fu_512|lshr_ln_reg_426[11]       ;
; snake_wrapper:u_game|snake_top:u_snake_top|snake_top_snake_top_Pipeline_VITIS_LOOP_27_1:grp_snake_top_Pipeline_VITIS_LOOP_27_1_fu_512|s_fu_84[11]                                  ; Merged with snake_wrapper:u_game|snake_top:u_snake_top|snake_top_snake_top_Pipeline_VITIS_LOOP_27_1:grp_snake_top_Pipeline_VITIS_LOOP_27_1_fu_512|lshr_ln_reg_426[10]       ;
; snake_wrapper:u_game|snake_top:u_snake_top|snake_top_snake_top_Pipeline_VITIS_LOOP_27_1:grp_snake_top_Pipeline_VITIS_LOOP_27_1_fu_512|s_fu_84[10]                                  ; Merged with snake_wrapper:u_game|snake_top:u_snake_top|snake_top_snake_top_Pipeline_VITIS_LOOP_27_1:grp_snake_top_Pipeline_VITIS_LOOP_27_1_fu_512|lshr_ln_reg_426[9]        ;
; snake_wrapper:u_game|snake_top:u_snake_top|snake_top_snake_top_Pipeline_VITIS_LOOP_27_1:grp_snake_top_Pipeline_VITIS_LOOP_27_1_fu_512|s_fu_84[9]                                   ; Merged with snake_wrapper:u_game|snake_top:u_snake_top|snake_top_snake_top_Pipeline_VITIS_LOOP_27_1:grp_snake_top_Pipeline_VITIS_LOOP_27_1_fu_512|lshr_ln_reg_426[8]        ;
; snake_wrapper:u_game|snake_top:u_snake_top|snake_top_snake_top_Pipeline_VITIS_LOOP_27_1:grp_snake_top_Pipeline_VITIS_LOOP_27_1_fu_512|r_1_reg_442[3]                               ; Merged with snake_wrapper:u_game|snake_top:u_snake_top|snake_top_snake_top_Pipeline_VITIS_LOOP_27_1:grp_snake_top_Pipeline_VITIS_LOOP_27_1_fu_512|lshr_ln_reg_426[8]        ;
; color_detect:u_detect|centroid_sum_x[0]                                                                                                                                            ; Merged with color_detect:u_detect|centroid_sum_x[3]                                                                                                                         ;
; color_detect:u_detect|centroid_sum_y[0,1]                                                                                                                                          ; Merged with color_detect:u_detect|centroid_sum_x[3]                                                                                                                         ;
; color_detect:u_detect|centroid_sum_x[1,2]                                                                                                                                          ; Merged with color_detect:u_detect|centroid_sum_x[3]                                                                                                                         ;
; color_detect:u_detect|centroid_sum_y[2,3]                                                                                                                                          ; Merged with color_detect:u_detect|centroid_sum_x[3]                                                                                                                         ;
; Sdram_Control:u7|rWR1_ADDR[0..2]                                                                                                                                                   ; Merged with Sdram_Control:u7|rWR1_ADDR[3]                                                                                                                                   ;
; Sdram_Control:u7|rWR2_ADDR[0..2]                                                                                                                                                   ; Merged with Sdram_Control:u7|rWR2_ADDR[3]                                                                                                                                   ;
; Sdram_Control:u7|rRD1_ADDR[0..2]                                                                                                                                                   ; Merged with Sdram_Control:u7|rRD1_ADDR[3]                                                                                                                                   ;
; Sdram_Control:u7|rRD2_ADDR[0..2]                                                                                                                                                   ; Merged with Sdram_Control:u7|rRD2_ADDR[3]                                                                                                                                   ;
; Sdram_Control:u7|mLENGTH[0..3,5]                                                                                                                                                   ; Merged with Sdram_Control:u7|mLENGTH[7]                                                                                                                                     ;
; Sdram_Control:u7|mLENGTH[4]                                                                                                                                                        ; Merged with Sdram_Control:u7|mLENGTH[6]                                                                                                                                     ;
; Sdram_Control:u7|mADDR[0..2]                                                                                                                                                       ; Merged with Sdram_Control:u7|mADDR[3]                                                                                                                                       ;
; Sdram_Control:u7|control_interface:u_control_interface|SADDR[0..2]                                                                                                                 ; Merged with Sdram_Control:u7|control_interface:u_control_interface|SADDR[3]                                                                                                 ;
; color_detect:u_detect|cal_sample_B[5]                                                                                                                                              ; Merged with color_detect:u_detect|cal_B[5]                                                                                                                                  ;
; color_detect:u_detect|cal_sample_B[4]                                                                                                                                              ; Merged with color_detect:u_detect|cal_B[4]                                                                                                                                  ;
; color_detect:u_detect|cal_sample_B[3]                                                                                                                                              ; Merged with color_detect:u_detect|cal_B[3]                                                                                                                                  ;
; color_detect:u_detect|cal_sample_B[2]                                                                                                                                              ; Merged with color_detect:u_detect|cal_B[2]                                                                                                                                  ;
; color_detect:u_detect|cal_sample_B[9]                                                                                                                                              ; Merged with color_detect:u_detect|cal_B[9]                                                                                                                                  ;
; color_detect:u_detect|cal_sample_B[8]                                                                                                                                              ; Merged with color_detect:u_detect|cal_B[8]                                                                                                                                  ;
; color_detect:u_detect|cal_sample_B[7]                                                                                                                                              ; Merged with color_detect:u_detect|cal_B[7]                                                                                                                                  ;
; color_detect:u_detect|cal_sample_B[6]                                                                                                                                              ; Merged with color_detect:u_detect|cal_B[6]                                                                                                                                  ;
; color_detect:u_detect|cal_sample_G[5]                                                                                                                                              ; Merged with color_detect:u_detect|cal_G[5]                                                                                                                                  ;
; color_detect:u_detect|cal_sample_G[4]                                                                                                                                              ; Merged with color_detect:u_detect|cal_G[4]                                                                                                                                  ;
; color_detect:u_detect|cal_sample_G[3]                                                                                                                                              ; Merged with color_detect:u_detect|cal_G[3]                                                                                                                                  ;
; color_detect:u_detect|cal_sample_G[2]                                                                                                                                              ; Merged with color_detect:u_detect|cal_G[2]                                                                                                                                  ;
; color_detect:u_detect|cal_sample_G[9]                                                                                                                                              ; Merged with color_detect:u_detect|cal_G[9]                                                                                                                                  ;
; color_detect:u_detect|cal_sample_G[8]                                                                                                                                              ; Merged with color_detect:u_detect|cal_G[8]                                                                                                                                  ;
; color_detect:u_detect|cal_sample_G[7]                                                                                                                                              ; Merged with color_detect:u_detect|cal_G[7]                                                                                                                                  ;
; color_detect:u_detect|cal_sample_G[6]                                                                                                                                              ; Merged with color_detect:u_detect|cal_G[6]                                                                                                                                  ;
; color_detect:u_detect|cal_sample_R[5]                                                                                                                                              ; Merged with color_detect:u_detect|cal_R[5]                                                                                                                                  ;
; color_detect:u_detect|cal_sample_R[4]                                                                                                                                              ; Merged with color_detect:u_detect|cal_R[4]                                                                                                                                  ;
; color_detect:u_detect|cal_sample_R[3]                                                                                                                                              ; Merged with color_detect:u_detect|cal_R[3]                                                                                                                                  ;
; color_detect:u_detect|cal_sample_R[2]                                                                                                                                              ; Merged with color_detect:u_detect|cal_R[2]                                                                                                                                  ;
; color_detect:u_detect|cal_sample_R[9]                                                                                                                                              ; Merged with color_detect:u_detect|cal_R[9]                                                                                                                                  ;
; color_detect:u_detect|cal_sample_R[8]                                                                                                                                              ; Merged with color_detect:u_detect|cal_R[8]                                                                                                                                  ;
; color_detect:u_detect|cal_sample_R[7]                                                                                                                                              ; Merged with color_detect:u_detect|cal_R[7]                                                                                                                                  ;
; color_detect:u_detect|cal_sample_R[6]                                                                                                                                              ; Merged with color_detect:u_detect|cal_R[6]                                                                                                                                  ;
; color_detect:u_detect|box_right[1..4]                                                                                                                                              ; Merged with color_detect:u_detect|box_right[0]                                                                                                                              ;
; color_detect:u_detect|box_top[1..4]                                                                                                                                                ; Merged with color_detect:u_detect|box_top[0]                                                                                                                                ;
; color_detect:u_detect|box_bottom[1..4]                                                                                                                                             ; Merged with color_detect:u_detect|box_bottom[0]                                                                                                                             ;
; color_detect:u_detect|box_left[1..4]                                                                                                                                               ; Merged with color_detect:u_detect|box_left[0]                                                                                                                               ;
; color_detect:u_detect|frame_max_x[1..4]                                                                                                                                            ; Merged with color_detect:u_detect|frame_max_x[0]                                                                                                                            ;
; color_detect:u_detect|frame_min_y[1..4]                                                                                                                                            ; Merged with color_detect:u_detect|frame_min_y[0]                                                                                                                            ;
; color_detect:u_detect|frame_max_y[1..4]                                                                                                                                            ; Merged with color_detect:u_detect|frame_max_y[0]                                                                                                                            ;
; color_detect:u_detect|frame_min_x[1..4]                                                                                                                                            ; Merged with color_detect:u_detect|frame_min_x[0]                                                                                                                            ;
; color_detect:u_detect|centroid_sum_x[3]                                                                                                                                            ; Stuck at GND due to stuck port data_in                                                                                                                                      ;
; color_detect:u_detect|frame_min_y[9]                                                                                                                                               ; Stuck at GND due to stuck port data_in                                                                                                                                      ;
; color_detect:u_detect|frame_max_y[9]                                                                                                                                               ; Stuck at GND due to stuck port data_in                                                                                                                                      ;
; Sdram_Control:u7|rWR1_ADDR[3]                                                                                                                                                      ; Stuck at GND due to stuck port data_in                                                                                                                                      ;
; Sdram_Control:u7|rWR2_ADDR[3]                                                                                                                                                      ; Stuck at GND due to stuck port data_in                                                                                                                                      ;
; Sdram_Control:u7|rRD1_ADDR[3]                                                                                                                                                      ; Stuck at GND due to stuck port data_in                                                                                                                                      ;
; Sdram_Control:u7|rRD2_ADDR[3]                                                                                                                                                      ; Stuck at GND due to stuck port data_in                                                                                                                                      ;
; Sdram_Control:u7|mLENGTH[7]                                                                                                                                                        ; Stuck at GND due to stuck port data_in                                                                                                                                      ;
; color_detect:u_detect|box_top[9]                                                                                                                                                   ; Stuck at GND due to stuck port data_in                                                                                                                                      ;
; color_detect:u_detect|box_bottom[9]                                                                                                                                                ; Stuck at GND due to stuck port data_in                                                                                                                                      ;
; Sdram_Control:u7|mADDR[3]                                                                                                                                                          ; Stuck at GND due to stuck port data_in                                                                                                                                      ;
; Sdram_Control:u7|control_interface:u_control_interface|SADDR[3]                                                                                                                    ; Stuck at GND due to stuck port data_in                                                                                                                                      ;
; snake_wrapper:u_game|snake_top:u_snake_top|vga_x_read_reg_1292[0..4]                                                                                                               ; Lost fanout                                                                                                                                                                 ;
; snake_wrapper:u_game|snake_top:u_snake_top|vga_y_read_reg_1286[0..4]                                                                                                               ; Lost fanout                                                                                                                                                                 ;
; snake_wrapper:u_game|snake_top:u_snake_top|st_direction_loc_1_reg_300~6                                                                                                            ; Lost fanout                                                                                                                                                                 ;
; snake_wrapper:u_game|snake_top:u_snake_top|st_direction_loc_1_reg_300~7                                                                                                            ; Lost fanout                                                                                                                                                                 ;
; snake_wrapper:u_game|snake_top:u_snake_top|st_direction~6                                                                                                                          ; Lost fanout                                                                                                                                                                 ;
; snake_wrapper:u_game|snake_top:u_snake_top|st_direction~7                                                                                                                          ; Lost fanout                                                                                                                                                                 ;
; I2C_CCD_Config:u8|mSetup_ST~9                                                                                                                                                      ; Lost fanout                                                                                                                                                                 ;
; I2C_CCD_Config:u8|mSetup_ST~10                                                                                                                                                     ; Lost fanout                                                                                                                                                                 ;
; CCD_Capture:u3|Y_Cont[1..15]                                                                                                                                                       ; Lost fanout                                                                                                                                                                 ;
; I2C_CCD_Config:u8|LUT_INDEX[5]                                                                                                                                                     ; Stuck at GND due to stuck port data_in                                                                                                                                      ;
; Total Number of Removed Registers = 229                                                                                                                                            ;                                                                                                                                                                             ;
+------------------------------------------------------------------------------------------------------------------------------------------------------------------------------------+-----------------------------------------------------------------------------------------------------------------------------------------------------------------------------+


+-----------------------------------------------------------------------------------------------------------------------------------------------------+
; Removed Registers Triggering Further Register Optimizations                                                                                         ;
+--------------------------------------+---------------------------+----------------------------------------------------------------------------------+
; Register name                        ; Reason for Removal        ; Registers Removed due to This Register                                           ;
+--------------------------------------+---------------------------+----------------------------------------------------------------------------------+
; CCD_Capture:u3|Y_Cont[15]            ; Lost Fanouts              ; CCD_Capture:u3|Y_Cont[14], CCD_Capture:u3|Y_Cont[13], CCD_Capture:u3|Y_Cont[12], ;
;                                      ;                           ; CCD_Capture:u3|Y_Cont[11], CCD_Capture:u3|Y_Cont[10], CCD_Capture:u3|Y_Cont[9],  ;
;                                      ;                           ; CCD_Capture:u3|Y_Cont[8], CCD_Capture:u3|Y_Cont[7], CCD_Capture:u3|Y_Cont[6],    ;
;                                      ;                           ; CCD_Capture:u3|Y_Cont[5], CCD_Capture:u3|Y_Cont[4], CCD_Capture:u3|Y_Cont[3],    ;
;                                      ;                           ; CCD_Capture:u3|Y_Cont[2], CCD_Capture:u3|Y_Cont[1]                               ;
; Sdram_Control:u7|rWR1_ADDR[3]        ; Stuck at GND              ; Sdram_Control:u7|mADDR[3],                                                       ;
;                                      ; due to stuck port data_in ; Sdram_Control:u7|control_interface:u_control_interface|SADDR[3]                  ;
; I2C_CCD_Config:u8|mI2C_DATA[31]      ; Stuck at VCC              ; I2C_CCD_Config:u8|I2C_Controller:u0|SD[31]                                       ;
;                                      ; due to stuck port data_in ;                                                                                  ;
; I2C_CCD_Config:u8|mI2C_DATA[30]      ; Stuck at GND              ; I2C_CCD_Config:u8|I2C_Controller:u0|SD[30]                                       ;
;                                      ; due to stuck port data_in ;                                                                                  ;
; I2C_CCD_Config:u8|mI2C_DATA[29]      ; Stuck at VCC              ; I2C_CCD_Config:u8|I2C_Controller:u0|SD[29]                                       ;
;                                      ; due to stuck port data_in ;                                                                                  ;
; I2C_CCD_Config:u8|mI2C_DATA[28]      ; Stuck at VCC              ; I2C_CCD_Config:u8|I2C_Controller:u0|SD[28]                                       ;
;                                      ; due to stuck port data_in ;                                                                                  ;
; I2C_CCD_Config:u8|mI2C_DATA[27]      ; Stuck at VCC              ; I2C_CCD_Config:u8|I2C_Controller:u0|SD[27]                                       ;
;                                      ; due to stuck port data_in ;                                                                                  ;
; I2C_CCD_Config:u8|mI2C_DATA[26]      ; Stuck at GND              ; I2C_CCD_Config:u8|I2C_Controller:u0|SD[26]                                       ;
;                                      ; due to stuck port data_in ;                                                                                  ;
; I2C_CCD_Config:u8|mI2C_DATA[25]      ; Stuck at VCC              ; I2C_CCD_Config:u8|I2C_Controller:u0|SD[25]                                       ;
;                                      ; due to stuck port data_in ;                                                                                  ;
; I2C_CCD_Config:u8|mI2C_DATA[24]      ; Stuck at GND              ; I2C_CCD_Config:u8|I2C_Controller:u0|SD[24]                                       ;
;                                      ; due to stuck port data_in ;                                                                                  ;
; color_detect:u_detect|frame_min_y[9] ; Stuck at GND              ; color_detect:u_detect|box_top[9]                                                 ;
;                                      ; due to stuck port data_in ;                                                                                  ;
; color_detect:u_detect|frame_max_y[9] ; Stuck at GND              ; color_detect:u_detect|box_bottom[9]                                              ;
;                                      ; due to stuck port data_in ;                                                                                  ;
+--------------------------------------+---------------------------+----------------------------------------------------------------------------------+


+------------------------------------------------------+
; General Register Statistics                          ;
+----------------------------------------------+-------+
; Statistic                                    ; Value ;
+----------------------------------------------+-------+
; Total registers                              ; 2768  ;
; Number of registers using Synchronous Clear  ; 1608  ;
; Number of registers using Synchronous Load   ; 105   ;
; Number of registers using Asynchronous Clear ; 2306  ;
; Number of registers using Asynchronous Load  ; 0     ;
; Number of registers using Clock Enable       ; 1978  ;
; Number of registers using Preset             ; 0     ;
+----------------------------------------------+-------+


+--------------------------------------------------------------------------------------------------------------------------------------------------------------------------------------------------------------------------------------------------------------------------------------------+
; Inverted Register Statistics                                                                                                                                                                                                                                                               ;
+----------------------------------------------------------------------------------------------------------------------------------------------------------------------------------------------------------------------------------------------------------------------------------+---------+
; Inverted Register                                                                                                                                                                                                                                                                ; Fan out ;
+----------------------------------------------------------------------------------------------------------------------------------------------------------------------------------------------------------------------------------------------------------------------------------+---------+
; I2C_CCD_Config:u8|I2C_Controller:u0|SCLK                                                                                                                                                                                                                                         ; 3       ;
; I2C_CCD_Config:u8|I2C_Controller:u0|SD_COUNTER[5]                                                                                                                                                                                                                                ; 16      ;
; I2C_CCD_Config:u8|I2C_Controller:u0|SD_COUNTER[4]                                                                                                                                                                                                                                ; 14      ;
; I2C_CCD_Config:u8|I2C_Controller:u0|SD_COUNTER[3]                                                                                                                                                                                                                                ; 23      ;
; I2C_CCD_Config:u8|I2C_Controller:u0|SD_COUNTER[2]                                                                                                                                                                                                                                ; 19      ;
; color_detect:u_detect|frame_min_x[9]                                                                                                                                                                                                                                             ; 2       ;
; color_detect:u_detect|frame_min_x[6]                                                                                                                                                                                                                                             ; 2       ;
; color_detect:u_detect|frame_min_x[5]                                                                                                                                                                                                                                             ; 2       ;
; color_detect:u_detect|frame_min_x[0]                                                                                                                                                                                                                                             ; 3       ;
; color_detect:u_detect|frame_min_y[8]                                                                                                                                                                                                                                             ; 3       ;
; color_detect:u_detect|frame_min_y[7]                                                                                                                                                                                                                                             ; 3       ;
; color_detect:u_detect|frame_min_y[6]                                                                                                                                                                                                                                             ; 3       ;
; color_detect:u_detect|frame_min_y[0]                                                                                                                                                                                                                                             ; 2       ;
; snake_wrapper:u_game|snake_top:u_snake_top|ap_CS_fsm[0]                                                                                                                                                                                                                          ; 43      ;
; snake_wrapper:u_game|snake_top:u_snake_top|snake_top_snake_top_Pipeline_VITIS_LOOP_85_3:grp_snake_top_Pipeline_VITIS_LOOP_85_3_fu_494|snake_top_flow_control_loop_pipe_sequential_init:flow_control_loop_pipe_sequential_init_U|ap_loop_init_int                                 ; 6       ;
; snake_wrapper:u_game|snake_top:u_snake_top|snake_top_snake_top_Pipeline_VITIS_LOOP_73_1_VITIS_LOOP_74_2:grp_snake_top_Pipeline_VITIS_LOOP_73_1_VITIS_LOOP_74_2_fu_488|snake_top_flow_control_loop_pipe_sequential_init:flow_control_loop_pipe_sequential_init_U|ap_loop_init_int ; 33      ;
; I2C_CCD_Config:u8|I2C_Controller:u0|SD_COUNTER[0]                                                                                                                                                                                                                                ; 18      ;
; I2C_CCD_Config:u8|I2C_Controller:u0|SD_COUNTER[1]                                                                                                                                                                                                                                ; 21      ;
; color_detect:u_detect|capture_prev                                                                                                                                                                                                                                               ; 1       ;
; Sdram_Control:u7|Sdram_RD_FIFO:u_read1_fifo|dcfifo_mixed_widths:dcfifo_mixed_widths_component|dcfifo_ahp1:auto_generated|a_graycounter_nv6:rdptr_g1p|counter5a0                                                                                                                  ; 10      ;
; snake_wrapper:u_game|snake_top:u_snake_top|snake_top_snake_top_Pipeline_VITIS_LOOP_94_4:grp_snake_top_Pipeline_VITIS_LOOP_94_4_fu_504|snake_top_flow_control_loop_pipe_sequential_init:flow_control_loop_pipe_sequential_init_U|ap_loop_init_int                                 ; 20      ;
; snake_wrapper:u_game|snake_top:u_snake_top|snake_top_snake_top_Pipeline_VITIS_LOOP_214_5:grp_snake_top_Pipeline_VITIS_LOOP_214_5_fu_521|snake_top_flow_control_loop_pipe_sequential_init:flow_control_loop_pipe_sequential_init_U|ap_loop_init_int                               ; 21      ;
; snake_wrapper:u_game|snake_top:u_snake_top|snake_top_snake_top_Pipeline_VITIS_LOOP_27_11:grp_snake_top_Pipeline_VITIS_LOOP_27_11_fu_531|snake_top_flow_control_loop_pipe_sequential_init:flow_control_loop_pipe_sequential_init_U|ap_loop_init_int                               ; 5       ;
; snake_wrapper:u_game|snake_top:u_snake_top|snake_top_snake_top_Pipeline_VITIS_LOOP_27_1:grp_snake_top_Pipeline_VITIS_LOOP_27_1_fu_512|snake_top_flow_control_loop_pipe_sequential_init:flow_control_loop_pipe_sequential_init_U|ap_loop_init_int                                 ; 12      ;
; Sdram_Control:u7|Sdram_RD_FIFO:u_read2_fifo|dcfifo_mixed_widths:dcfifo_mixed_widths_component|dcfifo_ahp1:auto_generated|a_graycounter_nv6:rdptr_g1p|counter5a0                                                                                                                  ; 10      ;
; I2C_CCD_Config:u8|I2C_Controller:u0|END                                                                                                                                                                                                                                          ; 5       ;
; I2C_CCD_Config:u8|I2C_Controller:u0|SDO                                                                                                                                                                                                                                          ; 4       ;
; Sdram_Control:u7|Sdram_RD_FIFO:u_read1_fifo|dcfifo_mixed_widths:dcfifo_mixed_widths_component|dcfifo_ahp1:auto_generated|a_graycounter_jdc:wrptr_g1p|counter8a0                                                                                                                  ; 8       ;
; Sdram_Control:u7|Sdram_RD_FIFO:u_read1_fifo|dcfifo_mixed_widths:dcfifo_mixed_widths_component|dcfifo_ahp1:auto_generated|a_graycounter_nv6:rdptr_g1p|parity6                                                                                                                     ; 5       ;
; Sdram_Control:u7|Sdram_RD_FIFO:u_read2_fifo|dcfifo_mixed_widths:dcfifo_mixed_widths_component|dcfifo_ahp1:auto_generated|a_graycounter_jdc:wrptr_g1p|counter8a0                                                                                                                  ; 8       ;
; Sdram_Control:u7|Sdram_RD_FIFO:u_read2_fifo|dcfifo_mixed_widths:dcfifo_mixed_widths_component|dcfifo_ahp1:auto_generated|a_graycounter_nv6:rdptr_g1p|parity6                                                                                                                     ; 5       ;
; Sdram_Control:u7|Sdram_WR_FIFO:u_write1_fifo|dcfifo_mixed_widths:dcfifo_mixed_widths_component|dcfifo_ngp1:auto_generated|a_graycounter_nv6:rdptr_g1p|counter5a0                                                                                                                 ; 9       ;
; Sdram_Control:u7|Sdram_WR_FIFO:u_write2_fifo|dcfifo_mixed_widths:dcfifo_mixed_widths_component|dcfifo_ngp1:auto_generated|a_graycounter_nv6:rdptr_g1p|counter5a0                                                                                                                 ; 9       ;
; Sdram_Control:u7|rRD2_ADDR[20]                                                                                                                                                                                                                                                   ; 4       ;
; Sdram_Control:u7|rWR2_ADDR[20]                                                                                                                                                                                                                                                   ; 4       ;
; Sdram_Control:u7|Sdram_RD_FIFO:u_read1_fifo|dcfifo_mixed_widths:dcfifo_mixed_widths_component|dcfifo_ahp1:auto_generated|a_graycounter_jdc:wrptr_g1p|parity9                                                                                                                     ; 2       ;
; Sdram_Control:u7|Sdram_RD_FIFO:u_read2_fifo|dcfifo_mixed_widths:dcfifo_mixed_widths_component|dcfifo_ahp1:auto_generated|a_graycounter_jdc:wrptr_g1p|parity9                                                                                                                     ; 2       ;
; Sdram_Control:u7|Sdram_WR_FIFO:u_write1_fifo|dcfifo_mixed_widths:dcfifo_mixed_widths_component|dcfifo_ngp1:auto_generated|a_graycounter_jdc:wrptr_g1p|counter8a0                                                                                                                 ; 9       ;
; Sdram_Control:u7|Sdram_WR_FIFO:u_write1_fifo|dcfifo_mixed_widths:dcfifo_mixed_widths_component|dcfifo_ngp1:auto_generated|a_graycounter_nv6:rdptr_g1p|parity6                                                                                                                    ; 2       ;
; Sdram_Control:u7|Sdram_WR_FIFO:u_write2_fifo|dcfifo_mixed_widths:dcfifo_mixed_widths_component|dcfifo_ngp1:auto_generated|a_graycounter_jdc:wrptr_g1p|counter8a0                                                                                                                 ; 9       ;
; Sdram_Control:u7|Sdram_WR_FIFO:u_write2_fifo|dcfifo_mixed_widths:dcfifo_mixed_widths_component|dcfifo_ngp1:auto_generated|a_graycounter_nv6:rdptr_g1p|parity6                                                                                                                    ; 2       ;
; Sdram_Control:u7|Sdram_WR_FIFO:u_write1_fifo|dcfifo_mixed_widths:dcfifo_mixed_widths_component|dcfifo_ngp1:auto_generated|a_graycounter_jdc:wrptr_g1p|parity9                                                                                                                    ; 5       ;
; Sdram_Control:u7|Sdram_WR_FIFO:u_write2_fifo|dcfifo_mixed_widths:dcfifo_mixed_widths_component|dcfifo_ngp1:auto_generated|a_graycounter_jdc:wrptr_g1p|parity9                                                                                                                    ; 5       ;
; I2C_CCD_Config:u8|senosr_exposure[10]                                                                                                                                                                                                                                            ; 3       ;
; I2C_CCD_Config:u8|senosr_exposure[9]                                                                                                                                                                                                                                             ; 3       ;
; I2C_CCD_Config:u8|senosr_exposure[8]                                                                                                                                                                                                                                             ; 3       ;
; I2C_CCD_Config:u8|senosr_exposure[7]                                                                                                                                                                                                                                             ; 3       ;
; I2C_CCD_Config:u8|senosr_exposure[6]                                                                                                                                                                                                                                             ; 3       ;
; Total number of inverted registers = 48                                                                                                                                                                                                                                          ;         ;
+----------------------------------------------------------------------------------------------------------------------------------------------------------------------------------------------------------------------------------------------------------------------------------+---------+


+-----------------------------------------------------------------------------------------------------------------------------------------------------------------------------------------------------------------------+
; Registers Packed Into Inferred Megafunctions                                                                                                                                                                          ;
+-------------------------------------------------------------------------------------------------------+--------------------------------------------------------------------------------------------------------+------+
; Register Name                                                                                         ; Megafunction                                                                                           ; Type ;
+-------------------------------------------------------------------------------------------------------+--------------------------------------------------------------------------------------------------------+------+
; snake_wrapper:u_game|snake_top:u_snake_top|snake_top_st_body_row_RAM_AUTO_1R1W:st_body_row_U|q0[0..3] ; snake_wrapper:u_game|snake_top:u_snake_top|snake_top_st_body_row_RAM_AUTO_1R1W:st_body_row_U|ram_rtl_0 ; RAM  ;
; snake_wrapper:u_game|snake_top:u_snake_top|snake_top_st_body_row_RAM_AUTO_1R1W:st_body_row_U|q1[0..3] ; snake_wrapper:u_game|snake_top:u_snake_top|snake_top_st_body_row_RAM_AUTO_1R1W:st_body_row_U|ram_rtl_1 ; RAM  ;
; snake_wrapper:u_game|snake_top:u_snake_top|snake_top_st_body_col_RAM_AUTO_1R1W:st_body_col_U|q0[0..4] ; snake_wrapper:u_game|snake_top:u_snake_top|snake_top_st_body_col_RAM_AUTO_1R1W:st_body_col_U|ram_rtl_0 ; RAM  ;
; snake_wrapper:u_game|snake_top:u_snake_top|snake_top_st_body_col_RAM_AUTO_1R1W:st_body_col_U|q1[0..4] ; snake_wrapper:u_game|snake_top:u_snake_top|snake_top_st_body_col_RAM_AUTO_1R1W:st_body_col_U|ram_rtl_1 ; RAM  ;
; snake_wrapper:u_game|snake_top:u_snake_top|snake_top_grid_RAM_AUTO_1R1W:grid_U|q0[0]                  ; snake_wrapper:u_game|snake_top:u_snake_top|snake_top_grid_RAM_AUTO_1R1W:grid_U|ram_rtl_0               ; RAM  ;
+-------------------------------------------------------------------------------------------------------+--------------------------------------------------------------------------------------------------------+------+


+-----------------------------------------------------------------------------------------------------------------------------------------------------------------------------------------------------------------------------------------------------------------------------------------------+
; Multiplexer Restructuring Statistics (Restructuring Performed)                                                                                                                                                                                                                                ;
+--------------------+-----------+---------------+----------------------+------------------------+------------+---------------------------------------------------------------------------------------------------------------------------------------------------------------------------------+
; Multiplexer Inputs ; Bus Width ; Baseline Area ; Area if Restructured ; Saving if Restructured ; Registered ; Example Multiplexer Output                                                                                                                                                      ;
+--------------------+-----------+---------------+----------------------+------------------------+------------+---------------------------------------------------------------------------------------------------------------------------------------------------------------------------------+
; 3:1                ; 24 bits   ; 48 LEs        ; 0 LEs                ; 48 LEs                 ; Yes        ; |DE1_SoC_CAMERA|snake_wrapper:u_game|snake_top:u_snake_top|lfsr[14]                                                                                                             ;
; 3:1                ; 2 bits    ; 4 LEs         ; 2 LEs                ; 2 LEs                  ; Yes        ; |DE1_SoC_CAMERA|snake_wrapper:u_game|snake_top:u_snake_top|st_length[1]                                                                                                         ;
; 3:1                ; 6 bits    ; 12 LEs        ; 6 LEs                ; 6 LEs                  ; Yes        ; |DE1_SoC_CAMERA|snake_wrapper:u_game|snake_top:u_snake_top|st_length[7]                                                                                                         ;
; 3:1                ; 3 bits    ; 6 LEs         ; 3 LEs                ; 3 LEs                  ; Yes        ; |DE1_SoC_CAMERA|snake_wrapper:u_game|snake_top:u_snake_top|snake_top_snake_top_Pipeline_VITIS_LOOP_27_1:grp_snake_top_Pipeline_VITIS_LOOP_27_1_fu_512|lshr_ln_reg_426[12]       ;
; 3:1                ; 5 bits    ; 10 LEs        ; 5 LEs                ; 5 LEs                  ; Yes        ; |DE1_SoC_CAMERA|snake_wrapper:u_game|snake_top:u_snake_top|snake_top_snake_top_Pipeline_VITIS_LOOP_27_1:grp_snake_top_Pipeline_VITIS_LOOP_27_1_fu_512|attempt_fu_80[0]          ;
; 3:1                ; 3 bits    ; 6 LEs         ; 3 LEs                ; 3 LEs                  ; Yes        ; |DE1_SoC_CAMERA|snake_wrapper:u_game|snake_top:u_snake_top|snake_top_snake_top_Pipeline_VITIS_LOOP_27_11:grp_snake_top_Pipeline_VITIS_LOOP_27_11_fu_531|lshr_ln14_1_reg_434[12] ;
; 3:1                ; 5 bits    ; 10 LEs        ; 5 LEs                ; 5 LEs                  ; Yes        ; |DE1_SoC_CAMERA|snake_wrapper:u_game|snake_top:u_snake_top|snake_top_snake_top_Pipeline_VITIS_LOOP_27_11:grp_snake_top_Pipeline_VITIS_LOOP_27_11_fu_531|attempt_fu_82[2]        ;
; 3:1                ; 2 bits    ; 4 LEs         ; 4 LEs                ; 0 LEs                  ; Yes        ; |DE1_SoC_CAMERA|Sdram_Control:u7|command:u_command|BA[0]                                                                                                                        ;
; 3:1                ; 32 bits   ; 64 LEs        ; 0 LEs                ; 64 LEs                 ; Yes        ; |DE1_SoC_CAMERA|color_detect:u_detect|centroid_sum_y[5]                                                                                                                         ;
; 3:1                ; 60 bits   ; 120 LEs       ; 0 LEs                ; 120 LEs                ; Yes        ; |DE1_SoC_CAMERA|color_detect:u_detect|sum_B[0][13]                                                                                                                              ;
; 3:1                ; 60 bits   ; 120 LEs       ; 0 LEs                ; 120 LEs                ; Yes        ; |DE1_SoC_CAMERA|color_detect:u_detect|sum_R[1][1]                                                                                                                               ;
; 3:1                ; 60 bits   ; 120 LEs       ; 0 LEs                ; 120 LEs                ; Yes        ; |DE1_SoC_CAMERA|color_detect:u_detect|sum_G[2][4]                                                                                                                               ;
; 3:1                ; 60 bits   ; 120 LEs       ; 0 LEs                ; 120 LEs                ; Yes        ; |DE1_SoC_CAMERA|color_detect:u_detect|sum_B[3][16]                                                                                                                              ;
; 3:1                ; 60 bits   ; 120 LEs       ; 0 LEs                ; 120 LEs                ; Yes        ; |DE1_SoC_CAMERA|color_detect:u_detect|sum_G[4][13]                                                                                                                              ;
; 3:1                ; 60 bits   ; 120 LEs       ; 0 LEs                ; 120 LEs                ; Yes        ; |DE1_SoC_CAMERA|color_detect:u_detect|sum_R[5][4]                                                                                                                               ;
; 3:1                ; 60 bits   ; 120 LEs       ; 0 LEs                ; 120 LEs                ; Yes        ; |DE1_SoC_CAMERA|color_detect:u_detect|sum_B[6][4]                                                                                                                               ;
; 3:1                ; 60 bits   ; 120 LEs       ; 0 LEs                ; 120 LEs                ; Yes        ; |DE1_SoC_CAMERA|color_detect:u_detect|sum_R[7][10]                                                                                                                              ;
; 3:1                ; 60 bits   ; 120 LEs       ; 0 LEs                ; 120 LEs                ; Yes        ; |DE1_SoC_CAMERA|color_detect:u_detect|sum_B[8][7]                                                                                                                               ;
; 3:1                ; 60 bits   ; 120 LEs       ; 0 LEs                ; 120 LEs                ; Yes        ; |DE1_SoC_CAMERA|color_detect:u_detect|sum_G[9][3]                                                                                                                               ;
; 3:1                ; 60 bits   ; 120 LEs       ; 0 LEs                ; 120 LEs                ; Yes        ; |DE1_SoC_CAMERA|color_detect:u_detect|sum_R[10][9]                                                                                                                              ;
; 3:1                ; 60 bits   ; 120 LEs       ; 0 LEs                ; 120 LEs                ; Yes        ; |DE1_SoC_CAMERA|color_detect:u_detect|sum_R[11][13]                                                                                                                             ;
; 3:1                ; 60 bits   ; 120 LEs       ; 0 LEs                ; 120 LEs                ; Yes        ; |DE1_SoC_CAMERA|color_detect:u_detect|sum_R[12][13]                                                                                                                             ;
; 3:1                ; 60 bits   ; 120 LEs       ; 0 LEs                ; 120 LEs                ; Yes        ; |DE1_SoC_CAMERA|color_detect:u_detect|sum_R[13][13]                                                                                                                             ;
; 3:1                ; 60 bits   ; 120 LEs       ; 0 LEs                ; 120 LEs                ; Yes        ; |DE1_SoC_CAMERA|color_detect:u_detect|sum_R[14][13]                                                                                                                             ;
; 3:1                ; 60 bits   ; 120 LEs       ; 0 LEs                ; 120 LEs                ; Yes        ; |DE1_SoC_CAMERA|color_detect:u_detect|sum_R[15][13]                                                                                                                             ;
; 3:1                ; 60 bits   ; 120 LEs       ; 0 LEs                ; 120 LEs                ; Yes        ; |DE1_SoC_CAMERA|color_detect:u_detect|sum_B[16][11]                                                                                                                             ;
; 3:1                ; 60 bits   ; 120 LEs       ; 0 LEs                ; 120 LEs                ; Yes        ; |DE1_SoC_CAMERA|color_detect:u_detect|sum_R[17][9]                                                                                                                              ;
; 3:1                ; 60 bits   ; 120 LEs       ; 0 LEs                ; 120 LEs                ; Yes        ; |DE1_SoC_CAMERA|color_detect:u_detect|sum_B[18][13]                                                                                                                             ;
; 3:1                ; 60 bits   ; 120 LEs       ; 0 LEs                ; 120 LEs                ; Yes        ; |DE1_SoC_CAMERA|color_detect:u_detect|sum_R[19][10]                                                                                                                             ;
; 3:1                ; 2 bits    ; 4 LEs         ; 2 LEs                ; 2 LEs                  ; Yes        ; |DE1_SoC_CAMERA|color_detect:u_detect|frame_min_x[7]                                                                                                                            ;
; 3:1                ; 4 bits    ; 8 LEs         ; 4 LEs                ; 4 LEs                  ; Yes        ; |DE1_SoC_CAMERA|color_detect:u_detect|frame_max_y[5]                                                                                                                            ;
; 3:1                ; 5 bits    ; 10 LEs        ; 5 LEs                ; 5 LEs                  ; Yes        ; |DE1_SoC_CAMERA|color_detect:u_detect|frame_max_x[6]                                                                                                                            ;
; 3:1                ; 4 bits    ; 8 LEs         ; 4 LEs                ; 4 LEs                  ; Yes        ; |DE1_SoC_CAMERA|snake_wrapper:u_game|snake_top:u_snake_top|st_frame_count_new_0_reg_353[3]                                                                                      ;
; 3:1                ; 15 bits   ; 30 LEs        ; 15 LEs               ; 15 LEs                 ; Yes        ; |DE1_SoC_CAMERA|Sdram_Control:u7|control_interface:u_control_interface|timer[4]                                                                                                 ;
; 3:1                ; 9 bits    ; 18 LEs        ; 0 LEs                ; 18 LEs                 ; Yes        ; |DE1_SoC_CAMERA|snake_wrapper:u_game|snake_top:u_snake_top|snake_top_snake_top_Pipeline_VITIS_LOOP_27_11:grp_snake_top_Pipeline_VITIS_LOOP_27_11_fu_531|conv2_i_i8_i36_fu_94[2] ;
; 3:1                ; 8 bits    ; 16 LEs        ; 8 LEs                ; 8 LEs                  ; Yes        ; |DE1_SoC_CAMERA|Sdram_Control:u7|command:u_command|command_delay[4]                                                                                                             ;
; 3:1                ; 9 bits    ; 18 LEs        ; 0 LEs                ; 18 LEs                 ; Yes        ; |DE1_SoC_CAMERA|snake_wrapper:u_game|snake_top:u_snake_top|snake_top_snake_top_Pipeline_VITIS_LOOP_27_1:grp_snake_top_Pipeline_VITIS_LOOP_27_1_fu_512|conv2_i_i186_i_fu_88[0]   ;
; 3:1                ; 16 bits   ; 32 LEs        ; 0 LEs                ; 32 LEs                 ; Yes        ; |DE1_SoC_CAMERA|CCD_Capture:u3|Y_Cont[10]                                                                                                                                       ;
; 3:1                ; 10 bits   ; 20 LEs        ; 10 LEs               ; 10 LEs                 ; Yes        ; |DE1_SoC_CAMERA|I2C_CCD_Config:u8|senosr_exposure[1]                                                                                                                            ;
; 4:1                ; 9 bits    ; 18 LEs        ; 18 LEs               ; 0 LEs                  ; Yes        ; |DE1_SoC_CAMERA|snake_wrapper:u_game|snake_top:u_snake_top|st_food_col_loc_1_reg_377[1]                                                                                         ;
; 4:1                ; 7 bits    ; 14 LEs        ; 14 LEs               ; 0 LEs                  ; Yes        ; |DE1_SoC_CAMERA|Sdram_Control:u7|command:u_command|SA[8]                                                                                                                        ;
; 4:1                ; 4 bits    ; 8 LEs         ; 8 LEs                ; 0 LEs                  ; Yes        ; |DE1_SoC_CAMERA|Sdram_Control:u7|command:u_command|SA[5]                                                                                                                        ;
; 4:1                ; 4 bits    ; 8 LEs         ; 8 LEs                ; 0 LEs                  ; Yes        ; |DE1_SoC_CAMERA|Sdram_Control:u7|command:u_command|rp_done                                                                                                                      ;
; 4:1                ; 16 bits   ; 32 LEs        ; 0 LEs                ; 32 LEs                 ; Yes        ; |DE1_SoC_CAMERA|CCD_Capture:u3|X_Cont[4]                                                                                                                                        ;
; 5:1                ; 19 bits   ; 57 LEs        ; 38 LEs               ; 19 LEs                 ; Yes        ; |DE1_SoC_CAMERA|Sdram_Control:u7|mADDR[19]                                                                                                                                      ;
; 5:1                ; 20 bits   ; 60 LEs        ; 40 LEs               ; 20 LEs                 ; Yes        ; |DE1_SoC_CAMERA|RAW2RGB:u4|mCCD_B[7]                                                                                                                                            ;
; 64:1               ; 4 bits    ; 168 LEs       ; 56 LEs               ; 112 LEs                ; Yes        ; |DE1_SoC_CAMERA|I2C_CCD_Config:u8|mI2C_DATA[15]                                                                                                                                 ;
; 6:1                ; 2 bits    ; 8 LEs         ; 4 LEs                ; 4 LEs                  ; Yes        ; |DE1_SoC_CAMERA|Sdram_Control:u7|CMD[0]                                                                                                                                         ;
; 7:1                ; 3 bits    ; 12 LEs        ; 9 LEs                ; 3 LEs                  ; Yes        ; |DE1_SoC_CAMERA|Sdram_Control:u7|mWR                                                                                                                                            ;
; 7:1                ; 3 bits    ; 12 LEs        ; 9 LEs                ; 3 LEs                  ; Yes        ; |DE1_SoC_CAMERA|Sdram_Control:u7|mRD                                                                                                                                            ;
; 7:1                ; 10 bits   ; 40 LEs        ; 20 LEs               ; 20 LEs                 ; Yes        ; |DE1_SoC_CAMERA|Sdram_Control:u7|ST[7]                                                                                                                                          ;
; 3:1                ; 6 bits    ; 12 LEs        ; 6 LEs                ; 6 LEs                  ; Yes        ; |DE1_SoC_CAMERA|I2C_CCD_Config:u8|I2C_Controller:u0|SD_COUNTER[1]                                                                                                               ;
; 3:1                ; 3 bits    ; 6 LEs         ; 3 LEs                ; 3 LEs                  ; Yes        ; |DE1_SoC_CAMERA|color_detect:u_detect|frame_min_x[9]                                                                                                                            ;
; 3:1                ; 3 bits    ; 6 LEs         ; 3 LEs                ; 3 LEs                  ; Yes        ; |DE1_SoC_CAMERA|color_detect:u_detect|frame_min_y[6]                                                                                                                            ;
; 3:1                ; 5 bits    ; 10 LEs        ; 10 LEs               ; 0 LEs                  ; Yes        ; |DE1_SoC_CAMERA|I2C_CCD_Config:u8|senosr_exposure[10]                                                                                                                           ;
; 3:1                ; 4 bits    ; 8 LEs         ; 8 LEs                ; 0 LEs                  ; No         ; |DE1_SoC_CAMERA|hex_data[11]                                                                                                                                                    ;
; 3:1                ; 20 bits   ; 40 LEs        ; 40 LEs               ; 0 LEs                  ; No         ; |DE1_SoC_CAMERA|hex_data[12]                                                                                                                                                    ;
; 3:1                ; 7 bits    ; 14 LEs        ; 14 LEs               ; 0 LEs                  ; No         ; |DE1_SoC_CAMERA|mux_B                                                                                                                                                           ;
; 3:1                ; 17 bits   ; 34 LEs        ; 34 LEs               ; 0 LEs                  ; No         ; |DE1_SoC_CAMERA|mux_R                                                                                                                                                           ;
; 3:1                ; 4 bits    ; 8 LEs         ; 8 LEs                ; 0 LEs                  ; No         ; |DE1_SoC_CAMERA|snake_wrapper:u_game|snake_top:u_snake_top|st_direction                                                                                                         ;
; 3:1                ; 2 bits    ; 4 LEs         ; 4 LEs                ; 0 LEs                  ; No         ; |DE1_SoC_CAMERA|snake_wrapper:u_game|snake_top:u_snake_top|st_frame_count_flag_0_reg_328                                                                                        ;
; 3:1                ; 4 bits    ; 8 LEs         ; 8 LEs                ; 0 LEs                  ; No         ; |DE1_SoC_CAMERA|snake_wrapper:u_game|snake_top:u_snake_top|st_direction_loc_1_reg_300                                                                                           ;
; 3:1                ; 4 bits    ; 8 LEs         ; 8 LEs                ; 0 LEs                  ; No         ; |DE1_SoC_CAMERA|snake_wrapper:u_game|snake_top:u_snake_top|snake_top_snake_top_Pipeline_VITIS_LOOP_27_1:grp_snake_top_Pipeline_VITIS_LOOP_27_1_fu_512|ap_sig_allocacmp_s_2      ;
; 3:1                ; 8 bits    ; 16 LEs        ; 16 LEs               ; 0 LEs                  ; No         ; |DE1_SoC_CAMERA|snake_wrapper:u_game|snake_top:u_snake_top|snake_top_snake_top_Pipeline_VITIS_LOOP_27_1:grp_snake_top_Pipeline_VITIS_LOOP_27_1_fu_512|ap_sig_allocacmp_s_2      ;
; 3:1                ; 12 bits   ; 24 LEs        ; 24 LEs               ; 0 LEs                  ; No         ; |DE1_SoC_CAMERA|snake_wrapper:u_game|snake_top:u_snake_top|snake_top_snake_top_Pipeline_VITIS_LOOP_27_11:grp_snake_top_Pipeline_VITIS_LOOP_27_11_fu_531|ap_sig_allocacmp_s_1    ;
; 3:1                ; 24 bits   ; 48 LEs        ; 24 LEs               ; 24 LEs                 ; No         ; |DE1_SoC_CAMERA|RAW2RGB:u4|Add0                                                                                                                                                 ;
; 4:1                ; 5 bits    ; 10 LEs        ; 10 LEs               ; 0 LEs                  ; No         ; |DE1_SoC_CAMERA|snake_wrapper:u_game|snake_top:u_snake_top|st_body_col_d0[4]                                                                                                    ;
; 4:1                ; 4 bits    ; 8 LEs         ; 8 LEs                ; 0 LEs                  ; No         ; |DE1_SoC_CAMERA|snake_wrapper:u_game|snake_top:u_snake_top|st_body_col_d0[3]                                                                                                    ;
; 5:1                ; 7 bits    ; 21 LEs        ; 21 LEs               ; 0 LEs                  ; No         ; |DE1_SoC_CAMERA|snake_wrapper:u_game|snake_top:u_snake_top|st_body_row_address0[3]                                                                                              ;
; 5:1                ; 2 bits    ; 6 LEs         ; 6 LEs                ; 0 LEs                  ; No         ; |DE1_SoC_CAMERA|snake_wrapper:u_game|snake_top:u_snake_top|st_body_row_address0[0]                                                                                              ;
; 20:1               ; 60 bits   ; 780 LEs       ; 780 LEs              ; 0 LEs                  ; No         ; |DE1_SoC_CAMERA|color_detect:u_detect|Mux55                                                                                                                                     ;
; 8:1                ; 8 bits    ; 40 LEs        ; 40 LEs               ; 0 LEs                  ; No         ; |DE1_SoC_CAMERA|snake_wrapper:u_game|snake_top:u_snake_top|grid_address0[6]                                                                                                     ;
+--------------------+-----------+---------------+----------------------+------------------------+------------+---------------------------------------------------------------------------------------------------------------------------------------------------------------------------------+


+----------------------------------------------------------------------------------------------------------------------------------------------------+
; Source assignments for RAW2RGB:u4|Line_Buffer1:u0|altshift_taps:ALTSHIFT_TAPS_component|shift_taps_lv51:auto_generated|altsyncram_jug1:altsyncram2 ;
+---------------------------------+--------------------+------+--------------------------------------------------------------------------------------+
; Assignment                      ; Value              ; From ; To                                                                                   ;
+---------------------------------+--------------------+------+--------------------------------------------------------------------------------------+
; OPTIMIZE_POWER_DURING_SYNTHESIS ; NORMAL_COMPILATION ; -    ; -                                                                                    ;
+---------------------------------+--------------------+------+--------------------------------------------------------------------------------------+


+--------------------------------------------------------------------------------------------------------------------------------------------------+
; Source assignments for Sdram_Control:u7|Sdram_WR_FIFO:u_write1_fifo|dcfifo_mixed_widths:dcfifo_mixed_widths_component|dcfifo_ngp1:auto_generated ;
+---------------------------------------+-------+------+-------------------------------------------------------------------------------------------+
; Assignment                            ; Value ; From ; To                                                                                        ;
+---------------------------------------+-------+------+-------------------------------------------------------------------------------------------+
; AUTO_SHIFT_REGISTER_RECOGNITION       ; OFF   ; -    ; -                                                                                         ;
; REMOVE_DUPLICATE_REGISTERS            ; OFF   ; -    ; -                                                                                         ;
; SYNCHRONIZER_IDENTIFICATION           ; OFF   ; -    ; -                                                                                         ;
; SYNCHRONIZATION_REGISTER_CHAIN_LENGTH ; 2     ; -    ; -                                                                                         ;
; POWER_UP_LEVEL                        ; LOW   ; -    ; wrptr_g                                                                                   ;
+---------------------------------------+-------+------+-------------------------------------------------------------------------------------------+


+------------------------------------------------------------------------------------------------------------------------------------------------------------------------------+
; Source assignments for Sdram_Control:u7|Sdram_WR_FIFO:u_write1_fifo|dcfifo_mixed_widths:dcfifo_mixed_widths_component|dcfifo_ngp1:auto_generated|a_graycounter_nv6:rdptr_g1p ;
+----------------+-------+------+----------------------------------------------------------------------------------------------------------------------------------------------+
; Assignment     ; Value ; From ; To                                                                                                                                           ;
+----------------+-------+------+----------------------------------------------------------------------------------------------------------------------------------------------+
; POWER_UP_LEVEL ; HIGH  ; -    ; counter5a0                                                                                                                                   ;
; POWER_UP_LEVEL ; HIGH  ; -    ; parity6                                                                                                                                      ;
+----------------+-------+------+----------------------------------------------------------------------------------------------------------------------------------------------+


+------------------------------------------------------------------------------------------------------------------------------------------------------------------------------+
; Source assignments for Sdram_Control:u7|Sdram_WR_FIFO:u_write1_fifo|dcfifo_mixed_widths:dcfifo_mixed_widths_component|dcfifo_ngp1:auto_generated|a_graycounter_jdc:wrptr_g1p ;
+----------------+-------+------+----------------------------------------------------------------------------------------------------------------------------------------------+
; Assignment     ; Value ; From ; To                                                                                                                                           ;
+----------------+-------+------+----------------------------------------------------------------------------------------------------------------------------------------------+
; POWER_UP_LEVEL ; HIGH  ; -    ; counter8a0                                                                                                                                   ;
; POWER_UP_LEVEL ; HIGH  ; -    ; parity9                                                                                                                                      ;
+----------------+-------+------+----------------------------------------------------------------------------------------------------------------------------------------------+


+---------------------------------------------------------------------------------------------------------------------------------------------------------------------------+
; Source assignments for Sdram_Control:u7|Sdram_WR_FIFO:u_write1_fifo|dcfifo_mixed_widths:dcfifo_mixed_widths_component|dcfifo_ngp1:auto_generated|altsyncram_86d1:fifo_ram ;
+---------------------------------+--------------------+------+-------------------------------------------------------------------------------------------------------------+
; Assignment                      ; Value              ; From ; To                                                                                                          ;
+---------------------------------+--------------------+------+-------------------------------------------------------------------------------------------------------------+
; OPTIMIZE_POWER_DURING_SYNTHESIS ; NORMAL_COMPILATION ; -    ; -                                                                                                           ;
+---------------------------------+--------------------+------+-------------------------------------------------------------------------------------------------------------+


+---------------------------------------------------------------------------------------------------------------------------------------------------------------------+
; Source assignments for Sdram_Control:u7|Sdram_WR_FIFO:u_write1_fifo|dcfifo_mixed_widths:dcfifo_mixed_widths_component|dcfifo_ngp1:auto_generated|dffpipe_oe9:rs_brp ;
+---------------------------------+-------+------+--------------------------------------------------------------------------------------------------------------------+
; Assignment                      ; Value ; From ; To                                                                                                                 ;
+---------------------------------+-------+------+--------------------------------------------------------------------------------------------------------------------+
; AUTO_SHIFT_REGISTER_RECOGNITION ; OFF   ; -    ; -                                                                                                                  ;
+---------------------------------+-------+------+--------------------------------------------------------------------------------------------------------------------+


+---------------------------------------------------------------------------------------------------------------------------------------------------------------------+
; Source assignments for Sdram_Control:u7|Sdram_WR_FIFO:u_write1_fifo|dcfifo_mixed_widths:dcfifo_mixed_widths_component|dcfifo_ngp1:auto_generated|dffpipe_oe9:rs_bwp ;
+---------------------------------+-------+------+--------------------------------------------------------------------------------------------------------------------+
; Assignment                      ; Value ; From ; To                                                                                                                 ;
+---------------------------------+-------+------+--------------------------------------------------------------------------------------------------------------------+
; AUTO_SHIFT_REGISTER_RECOGNITION ; OFF   ; -    ; -                                                                                                                  ;
+---------------------------------+-------+------+--------------------------------------------------------------------------------------------------------------------+


+-----------------------------------------------------------------------------------------------------------------------------------------------------------------------------+
; Source assignments for Sdram_Control:u7|Sdram_WR_FIFO:u_write1_fifo|dcfifo_mixed_widths:dcfifo_mixed_widths_component|dcfifo_ngp1:auto_generated|alt_synch_pipe_8pl:rs_dgwp ;
+-----------------------------+------------------------+------+---------------------------------------------------------------------------------------------------------------+
; Assignment                  ; Value                  ; From ; To                                                                                                            ;
+-----------------------------+------------------------+------+---------------------------------------------------------------------------------------------------------------+
; X_ON_VIOLATION_OPTION       ; OFF                    ; -    ; -                                                                                                             ;
; SYNCHRONIZER_IDENTIFICATION ; FORCED_IF_ASYNCHRONOUS ; -    ; -                                                                                                             ;
; PRESERVE_REGISTER           ; ON                     ; -    ; -                                                                                                             ;
; DONT_MERGE_REGISTER         ; ON                     ; -    ; -                                                                                                             ;
; ADV_NETLIST_OPT_ALLOWED     ; NEVER_ALLOW            ; -    ; -                                                                                                             ;
+-----------------------------+------------------------+------+---------------------------------------------------------------------------------------------------------------+


+---------------------------------------------------------------------------------------------------------------------------------------------------------------------------------------------------+
; Source assignments for Sdram_Control:u7|Sdram_WR_FIFO:u_write1_fifo|dcfifo_mixed_widths:dcfifo_mixed_widths_component|dcfifo_ngp1:auto_generated|alt_synch_pipe_8pl:rs_dgwp|dffpipe_pe9:dffpipe13 ;
+---------------------------------+-------+------+--------------------------------------------------------------------------------------------------------------------------------------------------+
; Assignment                      ; Value ; From ; To                                                                                                                                               ;
+---------------------------------+-------+------+--------------------------------------------------------------------------------------------------------------------------------------------------+
; AUTO_SHIFT_REGISTER_RECOGNITION ; OFF   ; -    ; -                                                                                                                                                ;
+---------------------------------+-------+------+--------------------------------------------------------------------------------------------------------------------------------------------------+


+-----------------------------------------------------------------------------------------------------------------------------------------------------------------------------+
; Source assignments for Sdram_Control:u7|Sdram_WR_FIFO:u_write1_fifo|dcfifo_mixed_widths:dcfifo_mixed_widths_component|dcfifo_ngp1:auto_generated|alt_synch_pipe_9pl:ws_dgrp ;
+-----------------------------+------------------------+------+---------------------------------------------------------------------------------------------------------------+
; Assignment                  ; Value                  ; From ; To                                                                                                            ;
+-----------------------------+------------------------+------+---------------------------------------------------------------------------------------------------------------+
; X_ON_VIOLATION_OPTION       ; OFF                    ; -    ; -                                                                                                             ;
; SYNCHRONIZER_IDENTIFICATION ; FORCED_IF_ASYNCHRONOUS ; -    ; -                                                                                                             ;
; PRESERVE_REGISTER           ; ON                     ; -    ; -                                                                                                             ;
; DONT_MERGE_REGISTER         ; ON                     ; -    ; -                                                                                                             ;
; ADV_NETLIST_OPT_ALLOWED     ; NEVER_ALLOW            ; -    ; -                                                                                                             ;
+-----------------------------+------------------------+------+---------------------------------------------------------------------------------------------------------------+


+---------------------------------------------------------------------------------------------------------------------------------------------------------------------------------------------------+
; Source assignments for Sdram_Control:u7|Sdram_WR_FIFO:u_write1_fifo|dcfifo_mixed_widths:dcfifo_mixed_widths_component|dcfifo_ngp1:auto_generated|alt_synch_pipe_9pl:ws_dgrp|dffpipe_qe9:dffpipe16 ;
+---------------------------------+-------+------+--------------------------------------------------------------------------------------------------------------------------------------------------+
; Assignment                      ; Value ; From ; To                                                                                                                                               ;
+---------------------------------+-------+------+--------------------------------------------------------------------------------------------------------------------------------------------------+
; AUTO_SHIFT_REGISTER_RECOGNITION ; OFF   ; -    ; -                                                                                                                                                ;
+---------------------------------+-------+------+--------------------------------------------------------------------------------------------------------------------------------------------------+


+--------------------------------------------------------------------------------------------------------------------------------------------------+
; Source assignments for Sdram_Control:u7|Sdram_WR_FIFO:u_write2_fifo|dcfifo_mixed_widths:dcfifo_mixed_widths_component|dcfifo_ngp1:auto_generated ;
+---------------------------------------+-------+------+-------------------------------------------------------------------------------------------+
; Assignment                            ; Value ; From ; To                                                                                        ;
+---------------------------------------+-------+------+-------------------------------------------------------------------------------------------+
; AUTO_SHIFT_REGISTER_RECOGNITION       ; OFF   ; -    ; -                                                                                         ;
; REMOVE_DUPLICATE_REGISTERS            ; OFF   ; -    ; -                                                                                         ;
; SYNCHRONIZER_IDENTIFICATION           ; OFF   ; -    ; -                                                                                         ;
; SYNCHRONIZATION_REGISTER_CHAIN_LENGTH ; 2     ; -    ; -                                                                                         ;
; POWER_UP_LEVEL                        ; LOW   ; -    ; wrptr_g                                                                                   ;
+---------------------------------------+-------+------+-------------------------------------------------------------------------------------------+


+------------------------------------------------------------------------------------------------------------------------------------------------------------------------------+
; Source assignments for Sdram_Control:u7|Sdram_WR_FIFO:u_write2_fifo|dcfifo_mixed_widths:dcfifo_mixed_widths_component|dcfifo_ngp1:auto_generated|a_graycounter_nv6:rdptr_g1p ;
+----------------+-------+------+----------------------------------------------------------------------------------------------------------------------------------------------+
; Assignment     ; Value ; From ; To                                                                                                                                           ;
+----------------+-------+------+----------------------------------------------------------------------------------------------------------------------------------------------+
; POWER_UP_LEVEL ; HIGH  ; -    ; counter5a0                                                                                                                                   ;
; POWER_UP_LEVEL ; HIGH  ; -    ; parity6                                                                                                                                      ;
+----------------+-------+------+----------------------------------------------------------------------------------------------------------------------------------------------+


+------------------------------------------------------------------------------------------------------------------------------------------------------------------------------+
; Source assignments for Sdram_Control:u7|Sdram_WR_FIFO:u_write2_fifo|dcfifo_mixed_widths:dcfifo_mixed_widths_component|dcfifo_ngp1:auto_generated|a_graycounter_jdc:wrptr_g1p ;
+----------------+-------+------+----------------------------------------------------------------------------------------------------------------------------------------------+
; Assignment     ; Value ; From ; To                                                                                                                                           ;
+----------------+-------+------+----------------------------------------------------------------------------------------------------------------------------------------------+
; POWER_UP_LEVEL ; HIGH  ; -    ; counter8a0                                                                                                                                   ;
; POWER_UP_LEVEL ; HIGH  ; -    ; parity9                                                                                                                                      ;
+----------------+-------+------+----------------------------------------------------------------------------------------------------------------------------------------------+


+---------------------------------------------------------------------------------------------------------------------------------------------------------------------------+
; Source assignments for Sdram_Control:u7|Sdram_WR_FIFO:u_write2_fifo|dcfifo_mixed_widths:dcfifo_mixed_widths_component|dcfifo_ngp1:auto_generated|altsyncram_86d1:fifo_ram ;
+---------------------------------+--------------------+------+-------------------------------------------------------------------------------------------------------------+
; Assignment                      ; Value              ; From ; To                                                                                                          ;
+---------------------------------+--------------------+------+-------------------------------------------------------------------------------------------------------------+
; OPTIMIZE_POWER_DURING_SYNTHESIS ; NORMAL_COMPILATION ; -    ; -                                                                                                           ;
+---------------------------------+--------------------+------+-------------------------------------------------------------------------------------------------------------+


+---------------------------------------------------------------------------------------------------------------------------------------------------------------------+
; Source assignments for Sdram_Control:u7|Sdram_WR_FIFO:u_write2_fifo|dcfifo_mixed_widths:dcfifo_mixed_widths_component|dcfifo_ngp1:auto_generated|dffpipe_oe9:rs_brp ;
+---------------------------------+-------+------+--------------------------------------------------------------------------------------------------------------------+
; Assignment                      ; Value ; From ; To                                                                                                                 ;
+---------------------------------+-------+------+--------------------------------------------------------------------------------------------------------------------+
; AUTO_SHIFT_REGISTER_RECOGNITION ; OFF   ; -    ; -                                                                                                                  ;
+---------------------------------+-------+------+--------------------------------------------------------------------------------------------------------------------+


+---------------------------------------------------------------------------------------------------------------------------------------------------------------------+
; Source assignments for Sdram_Control:u7|Sdram_WR_FIFO:u_write2_fifo|dcfifo_mixed_widths:dcfifo_mixed_widths_component|dcfifo_ngp1:auto_generated|dffpipe_oe9:rs_bwp ;
+---------------------------------+-------+------+--------------------------------------------------------------------------------------------------------------------+
; Assignment                      ; Value ; From ; To                                                                                                                 ;
+---------------------------------+-------+------+--------------------------------------------------------------------------------------------------------------------+
; AUTO_SHIFT_REGISTER_RECOGNITION ; OFF   ; -    ; -                                                                                                                  ;
+---------------------------------+-------+------+--------------------------------------------------------------------------------------------------------------------+


+-----------------------------------------------------------------------------------------------------------------------------------------------------------------------------+
; Source assignments for Sdram_Control:u7|Sdram_WR_FIFO:u_write2_fifo|dcfifo_mixed_widths:dcfifo_mixed_widths_component|dcfifo_ngp1:auto_generated|alt_synch_pipe_8pl:rs_dgwp ;
+-----------------------------+------------------------+------+---------------------------------------------------------------------------------------------------------------+
; Assignment                  ; Value                  ; From ; To                                                                                                            ;
+-----------------------------+------------------------+------+---------------------------------------------------------------------------------------------------------------+
; X_ON_VIOLATION_OPTION       ; OFF                    ; -    ; -                                                                                                             ;
; SYNCHRONIZER_IDENTIFICATION ; FORCED_IF_ASYNCHRONOUS ; -    ; -                                                                                                             ;
; PRESERVE_REGISTER           ; ON                     ; -    ; -                                                                                                             ;
; DONT_MERGE_REGISTER         ; ON                     ; -    ; -                                                                                                             ;
; ADV_NETLIST_OPT_ALLOWED     ; NEVER_ALLOW            ; -    ; -                                                                                                             ;
+-----------------------------+------------------------+------+---------------------------------------------------------------------------------------------------------------+


+---------------------------------------------------------------------------------------------------------------------------------------------------------------------------------------------------+
; Source assignments for Sdram_Control:u7|Sdram_WR_FIFO:u_write2_fifo|dcfifo_mixed_widths:dcfifo_mixed_widths_component|dcfifo_ngp1:auto_generated|alt_synch_pipe_8pl:rs_dgwp|dffpipe_pe9:dffpipe13 ;
+---------------------------------+-------+------+--------------------------------------------------------------------------------------------------------------------------------------------------+
; Assignment                      ; Value ; From ; To                                                                                                                                               ;
+---------------------------------+-------+------+--------------------------------------------------------------------------------------------------------------------------------------------------+
; AUTO_SHIFT_REGISTER_RECOGNITION ; OFF   ; -    ; -                                                                                                                                                ;
+---------------------------------+-------+------+--------------------------------------------------------------------------------------------------------------------------------------------------+


+-----------------------------------------------------------------------------------------------------------------------------------------------------------------------------+
; Source assignments for Sdram_Control:u7|Sdram_WR_FIFO:u_write2_fifo|dcfifo_mixed_widths:dcfifo_mixed_widths_component|dcfifo_ngp1:auto_generated|alt_synch_pipe_9pl:ws_dgrp ;
+-----------------------------+------------------------+------+---------------------------------------------------------------------------------------------------------------+
; Assignment                  ; Value                  ; From ; To                                                                                                            ;
+-----------------------------+------------------------+------+---------------------------------------------------------------------------------------------------------------+
; X_ON_VIOLATION_OPTION       ; OFF                    ; -    ; -                                                                                                             ;
; SYNCHRONIZER_IDENTIFICATION ; FORCED_IF_ASYNCHRONOUS ; -    ; -                                                                                                             ;
; PRESERVE_REGISTER           ; ON                     ; -    ; -                                                                                                             ;
; DONT_MERGE_REGISTER         ; ON                     ; -    ; -                                                                                                             ;
; ADV_NETLIST_OPT_ALLOWED     ; NEVER_ALLOW            ; -    ; -                                                                                                             ;
+-----------------------------+------------------------+------+---------------------------------------------------------------------------------------------------------------+


+---------------------------------------------------------------------------------------------------------------------------------------------------------------------------------------------------+
; Source assignments for Sdram_Control:u7|Sdram_WR_FIFO:u_write2_fifo|dcfifo_mixed_widths:dcfifo_mixed_widths_component|dcfifo_ngp1:auto_generated|alt_synch_pipe_9pl:ws_dgrp|dffpipe_qe9:dffpipe16 ;
+---------------------------------+-------+------+--------------------------------------------------------------------------------------------------------------------------------------------------+
; Assignment                      ; Value ; From ; To                                                                                                                                               ;
+---------------------------------+-------+------+--------------------------------------------------------------------------------------------------------------------------------------------------+
; AUTO_SHIFT_REGISTER_RECOGNITION ; OFF   ; -    ; -                                                                                                                                                ;
+---------------------------------+-------+------+--------------------------------------------------------------------------------------------------------------------------------------------------+


+-------------------------------------------------------------------------------------------------------------------------------------------------+
; Source assignments for Sdram_Control:u7|Sdram_RD_FIFO:u_read1_fifo|dcfifo_mixed_widths:dcfifo_mixed_widths_component|dcfifo_ahp1:auto_generated ;
+---------------------------------------+-------+------+------------------------------------------------------------------------------------------+
; Assignment                            ; Value ; From ; To                                                                                       ;
+---------------------------------------+-------+------+------------------------------------------------------------------------------------------+
; AUTO_SHIFT_REGISTER_RECOGNITION       ; OFF   ; -    ; -                                                                                        ;
; REMOVE_DUPLICATE_REGISTERS            ; OFF   ; -    ; -                                                                                        ;
; SYNCHRONIZER_IDENTIFICATION           ; OFF   ; -    ; -                                                                                        ;
; SYNCHRONIZATION_REGISTER_CHAIN_LENGTH ; 2     ; -    ; -                                                                                        ;
; POWER_UP_LEVEL                        ; LOW   ; -    ; wrptr_g                                                                                  ;
+---------------------------------------+-------+------+------------------------------------------------------------------------------------------+


+-----------------------------------------------------------------------------------------------------------------------------------------------------------------------------+
; Source assignments for Sdram_Control:u7|Sdram_RD_FIFO:u_read1_fifo|dcfifo_mixed_widths:dcfifo_mixed_widths_component|dcfifo_ahp1:auto_generated|a_graycounter_nv6:rdptr_g1p ;
+----------------+-------+------+---------------------------------------------------------------------------------------------------------------------------------------------+
; Assignment     ; Value ; From ; To                                                                                                                                          ;
+----------------+-------+------+---------------------------------------------------------------------------------------------------------------------------------------------+
; POWER_UP_LEVEL ; HIGH  ; -    ; counter5a0                                                                                                                                  ;
; POWER_UP_LEVEL ; HIGH  ; -    ; parity6                                                                                                                                     ;
+----------------+-------+------+---------------------------------------------------------------------------------------------------------------------------------------------+


+-----------------------------------------------------------------------------------------------------------------------------------------------------------------------------+
; Source assignments for Sdram_Control:u7|Sdram_RD_FIFO:u_read1_fifo|dcfifo_mixed_widths:dcfifo_mixed_widths_component|dcfifo_ahp1:auto_generated|a_graycounter_jdc:wrptr_g1p ;
+----------------+-------+------+---------------------------------------------------------------------------------------------------------------------------------------------+
; Assignment     ; Value ; From ; To                                                                                                                                          ;
+----------------+-------+------+---------------------------------------------------------------------------------------------------------------------------------------------+
; POWER_UP_LEVEL ; HIGH  ; -    ; counter8a0                                                                                                                                  ;
; POWER_UP_LEVEL ; HIGH  ; -    ; parity9                                                                                                                                     ;
+----------------+-------+------+---------------------------------------------------------------------------------------------------------------------------------------------+


+--------------------------------------------------------------------------------------------------------------------------------------------------------------------------+
; Source assignments for Sdram_Control:u7|Sdram_RD_FIFO:u_read1_fifo|dcfifo_mixed_widths:dcfifo_mixed_widths_component|dcfifo_ahp1:auto_generated|altsyncram_86d1:fifo_ram ;
+---------------------------------+--------------------+------+------------------------------------------------------------------------------------------------------------+
; Assignment                      ; Value              ; From ; To                                                                                                         ;
+---------------------------------+--------------------+------+------------------------------------------------------------------------------------------------------------+
; OPTIMIZE_POWER_DURING_SYNTHESIS ; NORMAL_COMPILATION ; -    ; -                                                                                                          ;
+---------------------------------+--------------------+------+------------------------------------------------------------------------------------------------------------+


+----------------------------------------------------------------------------------------------------------------------------------------------------------------------------+
; Source assignments for Sdram_Control:u7|Sdram_RD_FIFO:u_read1_fifo|dcfifo_mixed_widths:dcfifo_mixed_widths_component|dcfifo_ahp1:auto_generated|alt_synch_pipe_apl:rs_dgwp ;
+-----------------------------+------------------------+------+--------------------------------------------------------------------------------------------------------------+
; Assignment                  ; Value                  ; From ; To                                                                                                           ;
+-----------------------------+------------------------+------+--------------------------------------------------------------------------------------------------------------+
; X_ON_VIOLATION_OPTION       ; OFF                    ; -    ; -                                                                                                            ;
; SYNCHRONIZER_IDENTIFICATION ; FORCED_IF_ASYNCHRONOUS ; -    ; -                                                                                                            ;
; PRESERVE_REGISTER           ; ON                     ; -    ; -                                                                                                            ;
; DONT_MERGE_REGISTER         ; ON                     ; -    ; -                                                                                                            ;
; ADV_NETLIST_OPT_ALLOWED     ; NEVER_ALLOW            ; -    ; -                                                                                                            ;
+-----------------------------+------------------------+------+--------------------------------------------------------------------------------------------------------------+


+-------------------------------------------------------------------------------------------------------------------------------------------------------------------------------------------------+
; Source assignments for Sdram_Control:u7|Sdram_RD_FIFO:u_read1_fifo|dcfifo_mixed_widths:dcfifo_mixed_widths_component|dcfifo_ahp1:auto_generated|alt_synch_pipe_apl:rs_dgwp|dffpipe_re9:dffpipe5 ;
+---------------------------------+-------+------+------------------------------------------------------------------------------------------------------------------------------------------------+
; Assignment                      ; Value ; From ; To                                                                                                                                             ;
+---------------------------------+-------+------+------------------------------------------------------------------------------------------------------------------------------------------------+
; AUTO_SHIFT_REGISTER_RECOGNITION ; OFF   ; -    ; -                                                                                                                                              ;
+---------------------------------+-------+------+------------------------------------------------------------------------------------------------------------------------------------------------+


+--------------------------------------------------------------------------------------------------------------------------------------------------------------------+
; Source assignments for Sdram_Control:u7|Sdram_RD_FIFO:u_read1_fifo|dcfifo_mixed_widths:dcfifo_mixed_widths_component|dcfifo_ahp1:auto_generated|dffpipe_oe9:ws_brp ;
+---------------------------------+-------+------+-------------------------------------------------------------------------------------------------------------------+
; Assignment                      ; Value ; From ; To                                                                                                                ;
+---------------------------------+-------+------+-------------------------------------------------------------------------------------------------------------------+
; AUTO_SHIFT_REGISTER_RECOGNITION ; OFF   ; -    ; -                                                                                                                 ;
+---------------------------------+-------+------+-------------------------------------------------------------------------------------------------------------------+


+--------------------------------------------------------------------------------------------------------------------------------------------------------------------+
; Source assignments for Sdram_Control:u7|Sdram_RD_FIFO:u_read1_fifo|dcfifo_mixed_widths:dcfifo_mixed_widths_component|dcfifo_ahp1:auto_generated|dffpipe_oe9:ws_bwp ;
+---------------------------------+-------+------+-------------------------------------------------------------------------------------------------------------------+
; Assignment                      ; Value ; From ; To                                                                                                                ;
+---------------------------------+-------+------+-------------------------------------------------------------------------------------------------------------------+
; AUTO_SHIFT_REGISTER_RECOGNITION ; OFF   ; -    ; -                                                                                                                 ;
+---------------------------------+-------+------+-------------------------------------------------------------------------------------------------------------------+


+----------------------------------------------------------------------------------------------------------------------------------------------------------------------------+
; Source assignments for Sdram_Control:u7|Sdram_RD_FIFO:u_read1_fifo|dcfifo_mixed_widths:dcfifo_mixed_widths_component|dcfifo_ahp1:auto_generated|alt_synch_pipe_bpl:ws_dgrp ;
+-----------------------------+------------------------+------+--------------------------------------------------------------------------------------------------------------+
; Assignment                  ; Value                  ; From ; To                                                                                                           ;
+-----------------------------+------------------------+------+--------------------------------------------------------------------------------------------------------------+
; X_ON_VIOLATION_OPTION       ; OFF                    ; -    ; -                                                                                                            ;
; SYNCHRONIZER_IDENTIFICATION ; FORCED_IF_ASYNCHRONOUS ; -    ; -                                                                                                            ;
; PRESERVE_REGISTER           ; ON                     ; -    ; -                                                                                                            ;
; DONT_MERGE_REGISTER         ; ON                     ; -    ; -                                                                                                            ;
; ADV_NETLIST_OPT_ALLOWED     ; NEVER_ALLOW            ; -    ; -                                                                                                            ;
+-----------------------------+------------------------+------+--------------------------------------------------------------------------------------------------------------+


+-------------------------------------------------------------------------------------------------------------------------------------------------------------------------------------------------+
; Source assignments for Sdram_Control:u7|Sdram_RD_FIFO:u_read1_fifo|dcfifo_mixed_widths:dcfifo_mixed_widths_component|dcfifo_ahp1:auto_generated|alt_synch_pipe_bpl:ws_dgrp|dffpipe_se9:dffpipe8 ;
+---------------------------------+-------+------+------------------------------------------------------------------------------------------------------------------------------------------------+
; Assignment                      ; Value ; From ; To                                                                                                                                             ;
+---------------------------------+-------+------+------------------------------------------------------------------------------------------------------------------------------------------------+
; AUTO_SHIFT_REGISTER_RECOGNITION ; OFF   ; -    ; -                                                                                                                                              ;
+---------------------------------+-------+------+------------------------------------------------------------------------------------------------------------------------------------------------+


+-------------------------------------------------------------------------------------------------------------------------------------------------+
; Source assignments for Sdram_Control:u7|Sdram_RD_FIFO:u_read2_fifo|dcfifo_mixed_widths:dcfifo_mixed_widths_component|dcfifo_ahp1:auto_generated ;
+---------------------------------------+-------+------+------------------------------------------------------------------------------------------+
; Assignment                            ; Value ; From ; To                                                                                       ;
+---------------------------------------+-------+------+------------------------------------------------------------------------------------------+
; AUTO_SHIFT_REGISTER_RECOGNITION       ; OFF   ; -    ; -                                                                                        ;
; REMOVE_DUPLICATE_REGISTERS            ; OFF   ; -    ; -                                                                                        ;
; SYNCHRONIZER_IDENTIFICATION           ; OFF   ; -    ; -                                                                                        ;
; SYNCHRONIZATION_REGISTER_CHAIN_LENGTH ; 2     ; -    ; -                                                                                        ;
; POWER_UP_LEVEL                        ; LOW   ; -    ; wrptr_g                                                                                  ;
+---------------------------------------+-------+------+------------------------------------------------------------------------------------------+


+-----------------------------------------------------------------------------------------------------------------------------------------------------------------------------+
; Source assignments for Sdram_Control:u7|Sdram_RD_FIFO:u_read2_fifo|dcfifo_mixed_widths:dcfifo_mixed_widths_component|dcfifo_ahp1:auto_generated|a_graycounter_nv6:rdptr_g1p ;
+----------------+-------+------+---------------------------------------------------------------------------------------------------------------------------------------------+
; Assignment     ; Value ; From ; To                                                                                                                                          ;
+----------------+-------+------+---------------------------------------------------------------------------------------------------------------------------------------------+
; POWER_UP_LEVEL ; HIGH  ; -    ; counter5a0                                                                                                                                  ;
; POWER_UP_LEVEL ; HIGH  ; -    ; parity6                                                                                                                                     ;
+----------------+-------+------+---------------------------------------------------------------------------------------------------------------------------------------------+


+-----------------------------------------------------------------------------------------------------------------------------------------------------------------------------+
; Source assignments for Sdram_Control:u7|Sdram_RD_FIFO:u_read2_fifo|dcfifo_mixed_widths:dcfifo_mixed_widths_component|dcfifo_ahp1:auto_generated|a_graycounter_jdc:wrptr_g1p ;
+----------------+-------+------+---------------------------------------------------------------------------------------------------------------------------------------------+
; Assignment     ; Value ; From ; To                                                                                                                                          ;
+----------------+-------+------+---------------------------------------------------------------------------------------------------------------------------------------------+
; POWER_UP_LEVEL ; HIGH  ; -    ; counter8a0                                                                                                                                  ;
; POWER_UP_LEVEL ; HIGH  ; -    ; parity9                                                                                                                                     ;
+----------------+-------+------+---------------------------------------------------------------------------------------------------------------------------------------------+


+--------------------------------------------------------------------------------------------------------------------------------------------------------------------------+
; Source assignments for Sdram_Control:u7|Sdram_RD_FIFO:u_read2_fifo|dcfifo_mixed_widths:dcfifo_mixed_widths_component|dcfifo_ahp1:auto_generated|altsyncram_86d1:fifo_ram ;
+---------------------------------+--------------------+------+------------------------------------------------------------------------------------------------------------+
; Assignment                      ; Value              ; From ; To                                                                                                         ;
+---------------------------------+--------------------+------+------------------------------------------------------------------------------------------------------------+
; OPTIMIZE_POWER_DURING_SYNTHESIS ; NORMAL_COMPILATION ; -    ; -                                                                                                          ;
+---------------------------------+--------------------+------+------------------------------------------------------------------------------------------------------------+


+----------------------------------------------------------------------------------------------------------------------------------------------------------------------------+
; Source assignments for Sdram_Control:u7|Sdram_RD_FIFO:u_read2_fifo|dcfifo_mixed_widths:dcfifo_mixed_widths_component|dcfifo_ahp1:auto_generated|alt_synch_pipe_apl:rs_dgwp ;
+-----------------------------+------------------------+------+--------------------------------------------------------------------------------------------------------------+
; Assignment                  ; Value                  ; From ; To                                                                                                           ;
+-----------------------------+------------------------+------+--------------------------------------------------------------------------------------------------------------+
; X_ON_VIOLATION_OPTION       ; OFF                    ; -    ; -                                                                                                            ;
; SYNCHRONIZER_IDENTIFICATION ; FORCED_IF_ASYNCHRONOUS ; -    ; -                                                                                                            ;
; PRESERVE_REGISTER           ; ON                     ; -    ; -                                                                                                            ;
; DONT_MERGE_REGISTER         ; ON                     ; -    ; -                                                                                                            ;
; ADV_NETLIST_OPT_ALLOWED     ; NEVER_ALLOW            ; -    ; -                                                                                                            ;
+-----------------------------+------------------------+------+--------------------------------------------------------------------------------------------------------------+


+-------------------------------------------------------------------------------------------------------------------------------------------------------------------------------------------------+
; Source assignments for Sdram_Control:u7|Sdram_RD_FIFO:u_read2_fifo|dcfifo_mixed_widths:dcfifo_mixed_widths_component|dcfifo_ahp1:auto_generated|alt_synch_pipe_apl:rs_dgwp|dffpipe_re9:dffpipe5 ;
+---------------------------------+-------+------+------------------------------------------------------------------------------------------------------------------------------------------------+
; Assignment                      ; Value ; From ; To                                                                                                                                             ;
+---------------------------------+-------+------+------------------------------------------------------------------------------------------------------------------------------------------------+
; AUTO_SHIFT_REGISTER_RECOGNITION ; OFF   ; -    ; -                                                                                                                                              ;
+---------------------------------+-------+------+------------------------------------------------------------------------------------------------------------------------------------------------+


+--------------------------------------------------------------------------------------------------------------------------------------------------------------------+
; Source assignments for Sdram_Control:u7|Sdram_RD_FIFO:u_read2_fifo|dcfifo_mixed_widths:dcfifo_mixed_widths_component|dcfifo_ahp1:auto_generated|dffpipe_oe9:ws_brp ;
+---------------------------------+-------+------+-------------------------------------------------------------------------------------------------------------------+
; Assignment                      ; Value ; From ; To                                                                                                                ;
+---------------------------------+-------+------+-------------------------------------------------------------------------------------------------------------------+
; AUTO_SHIFT_REGISTER_RECOGNITION ; OFF   ; -    ; -                                                                                                                 ;
+---------------------------------+-------+------+-------------------------------------------------------------------------------------------------------------------+


+--------------------------------------------------------------------------------------------------------------------------------------------------------------------+
; Source assignments for Sdram_Control:u7|Sdram_RD_FIFO:u_read2_fifo|dcfifo_mixed_widths:dcfifo_mixed_widths_component|dcfifo_ahp1:auto_generated|dffpipe_oe9:ws_bwp ;
+---------------------------------+-------+------+-------------------------------------------------------------------------------------------------------------------+
; Assignment                      ; Value ; From ; To                                                                                                                ;
+---------------------------------+-------+------+-------------------------------------------------------------------------------------------------------------------+
; AUTO_SHIFT_REGISTER_RECOGNITION ; OFF   ; -    ; -                                                                                                                 ;
+---------------------------------+-------+------+-------------------------------------------------------------------------------------------------------------------+


+----------------------------------------------------------------------------------------------------------------------------------------------------------------------------+
; Source assignments for Sdram_Control:u7|Sdram_RD_FIFO:u_read2_fifo|dcfifo_mixed_widths:dcfifo_mixed_widths_component|dcfifo_ahp1:auto_generated|alt_synch_pipe_bpl:ws_dgrp ;
+-----------------------------+------------------------+------+--------------------------------------------------------------------------------------------------------------+
; Assignment                  ; Value                  ; From ; To                                                                                                           ;
+-----------------------------+------------------------+------+--------------------------------------------------------------------------------------------------------------+
; X_ON_VIOLATION_OPTION       ; OFF                    ; -    ; -                                                                                                            ;
; SYNCHRONIZER_IDENTIFICATION ; FORCED_IF_ASYNCHRONOUS ; -    ; -                                                                                                            ;
; PRESERVE_REGISTER           ; ON                     ; -    ; -                                                                                                            ;
; DONT_MERGE_REGISTER         ; ON                     ; -    ; -                                                                                                            ;
; ADV_NETLIST_OPT_ALLOWED     ; NEVER_ALLOW            ; -    ; -                                                                                                            ;
+-----------------------------+------------------------+------+--------------------------------------------------------------------------------------------------------------+


+-------------------------------------------------------------------------------------------------------------------------------------------------------------------------------------------------+
; Source assignments for Sdram_Control:u7|Sdram_RD_FIFO:u_read2_fifo|dcfifo_mixed_widths:dcfifo_mixed_widths_component|dcfifo_ahp1:auto_generated|alt_synch_pipe_bpl:ws_dgrp|dffpipe_se9:dffpipe8 ;
+---------------------------------+-------+------+------------------------------------------------------------------------------------------------------------------------------------------------+
; Assignment                      ; Value ; From ; To                                                                                                                                             ;
+---------------------------------+-------+------+------------------------------------------------------------------------------------------------------------------------------------------------+
; AUTO_SHIFT_REGISTER_RECOGNITION ; OFF   ; -    ; -                                                                                                                                              ;
+---------------------------------+-------+------+------------------------------------------------------------------------------------------------------------------------------------------------+


+-------------------------------------------------------------------------------------------------------------------------------------------------------------------------+
; Source assignments for snake_wrapper:u_game|snake_top:u_snake_top|snake_top_st_body_row_RAM_AUTO_1R1W:st_body_row_U|altsyncram:ram_rtl_0|altsyncram_bt12:auto_generated ;
+---------------------------------+--------------------+------+-----------------------------------------------------------------------------------------------------------+
; Assignment                      ; Value              ; From ; To                                                                                                        ;
+---------------------------------+--------------------+------+-----------------------------------------------------------------------------------------------------------+
; OPTIMIZE_POWER_DURING_SYNTHESIS ; NORMAL_COMPILATION ; -    ; -                                                                                                         ;
+---------------------------------+--------------------+------+-----------------------------------------------------------------------------------------------------------+


+-------------------------------------------------------------------------------------------------------------------------------------------------------------------------+
; Source assignments for snake_wrapper:u_game|snake_top:u_snake_top|snake_top_st_body_row_RAM_AUTO_1R1W:st_body_row_U|altsyncram:ram_rtl_1|altsyncram_bt12:auto_generated ;
+---------------------------------+--------------------+------+-----------------------------------------------------------------------------------------------------------+
; Assignment                      ; Value              ; From ; To                                                                                                        ;
+---------------------------------+--------------------+------+-----------------------------------------------------------------------------------------------------------+
; OPTIMIZE_POWER_DURING_SYNTHESIS ; NORMAL_COMPILATION ; -    ; -                                                                                                         ;
+---------------------------------+--------------------+------+-----------------------------------------------------------------------------------------------------------+


+-------------------------------------------------------------------------------------------------------------------------------------------------------------------------+
; Source assignments for snake_wrapper:u_game|snake_top:u_snake_top|snake_top_st_body_col_RAM_AUTO_1R1W:st_body_col_U|altsyncram:ram_rtl_0|altsyncram_h222:auto_generated ;
+---------------------------------+--------------------+------+-----------------------------------------------------------------------------------------------------------+
; Assignment                      ; Value              ; From ; To                                                                                                        ;
+---------------------------------+--------------------+------+-----------------------------------------------------------------------------------------------------------+
; OPTIMIZE_POWER_DURING_SYNTHESIS ; NORMAL_COMPILATION ; -    ; -                                                                                                         ;
+---------------------------------+--------------------+------+-----------------------------------------------------------------------------------------------------------+


+-------------------------------------------------------------------------------------------------------------------------------------------------------------------------+
; Source assignments for snake_wrapper:u_game|snake_top:u_snake_top|snake_top_st_body_col_RAM_AUTO_1R1W:st_body_col_U|altsyncram:ram_rtl_1|altsyncram_h222:auto_generated ;
+---------------------------------+--------------------+------+-----------------------------------------------------------------------------------------------------------+
; Assignment                      ; Value              ; From ; To                                                                                                        ;
+---------------------------------+--------------------+------+-----------------------------------------------------------------------------------------------------------+
; OPTIMIZE_POWER_DURING_SYNTHESIS ; NORMAL_COMPILATION ; -    ; -                                                                                                         ;
+---------------------------------+--------------------+------+-----------------------------------------------------------------------------------------------------------+


+-----------------------------------------------------------------------------------------------------------------------------------------------------------+
; Source assignments for snake_wrapper:u_game|snake_top:u_snake_top|snake_top_grid_RAM_AUTO_1R1W:grid_U|altsyncram:ram_rtl_0|altsyncram_2f12:auto_generated ;
+---------------------------------+--------------------+------+---------------------------------------------------------------------------------------------+
; Assignment                      ; Value              ; From ; To                                                                                          ;
+---------------------------------+--------------------+------+---------------------------------------------------------------------------------------------+
; OPTIMIZE_POWER_DURING_SYNTHESIS ; NORMAL_COMPILATION ; -    ; -                                                                                           ;
+---------------------------------+--------------------+------+---------------------------------------------------------------------------------------------+


+-------------------------------------------------------------+
; Parameter Settings for User Entity Instance: CCD_Capture:u3 ;
+----------------+-------+------------------------------------+
; Parameter Name ; Value ; Type                               ;
+----------------+-------+------------------------------------+
; COLUMN_WIDTH   ; 1280  ; Signed Integer                     ;
+----------------+-------+------------------------------------+
Note: In order to hide this table in the UI and the text report file, please set the "Show Parameter Settings in Synthesis Report" option in "Analysis and Synthesis Settings -> More Settings" to "Off".


+---------------------------------------------------------------------------------------------------------------+
; Parameter Settings for User Entity Instance: RAW2RGB:u4|Line_Buffer1:u0|altshift_taps:ALTSHIFT_TAPS_component ;
+----------------+-----------------+----------------------------------------------------------------------------+
; Parameter Name ; Value           ; Type                                                                       ;
+----------------+-----------------+----------------------------------------------------------------------------+
; WIDTH_BYTEENA  ; 1               ; Untyped                                                                    ;
; NUMBER_OF_TAPS ; 2               ; Signed Integer                                                             ;
; TAP_DISTANCE   ; 1280            ; Signed Integer                                                             ;
; WIDTH          ; 12              ; Signed Integer                                                             ;
; POWER_UP_STATE ; CLEARED         ; Untyped                                                                    ;
; CBXI_PARAMETER ; shift_taps_lv51 ; Untyped                                                                    ;
+----------------+-----------------+----------------------------------------------------------------------------+
Note: In order to hide this table in the UI and the text report file, please set the "Show Parameter Settings in Synthesis Report" option in "Analysis and Synthesis Settings -> More Settings" to "Off".


+-----------------------------------------------------------------------------------------------------------------+
; Parameter Settings for User Entity Instance: sdram_pll:u6|sdram_pll_0002:sdram_pll_inst|altera_pll:altera_pll_i ;
+--------------------------------------+------------------------+-------------------------------------------------+
; Parameter Name                       ; Value                  ; Type                                            ;
+--------------------------------------+------------------------+-------------------------------------------------+
; reference_clock_frequency            ; 50.0 MHz               ; String                                          ;
; fractional_vco_multiplier            ; false                  ; String                                          ;
; pll_type                             ; General                ; String                                          ;
; pll_subtype                          ; General                ; String                                          ;
; number_of_clocks                     ; 4                      ; Signed Integer                                  ;
; operation_mode                       ; direct                 ; String                                          ;
; deserialization_factor               ; 4                      ; Signed Integer                                  ;
; data_rate                            ; 0                      ; Signed Integer                                  ;
; sim_additional_refclk_cycles_to_lock ; 0                      ; Signed Integer                                  ;
; output_clock_frequency0              ; 100.000000 MHz         ; String                                          ;
; phase_shift0                         ; 0 ps                   ; String                                          ;
; duty_cycle0                          ; 50                     ; Signed Integer                                  ;
; output_clock_frequency1              ; 100.000000 MHz         ; String                                          ;
; phase_shift1                         ; 7500 ps                ; String                                          ;
; duty_cycle1                          ; 50                     ; Signed Integer                                  ;
; output_clock_frequency2              ; 25.000000 MHz          ; String                                          ;
; phase_shift2                         ; 0 ps                   ; String                                          ;
; duty_cycle2                          ; 50                     ; Signed Integer                                  ;
; output_clock_frequency3              ; 25.000000 MHz          ; String                                          ;
; phase_shift3                         ; 0 ps                   ; String                                          ;
; duty_cycle3                          ; 50                     ; Signed Integer                                  ;
; output_clock_frequency4              ; 0 MHz                  ; String                                          ;
; phase_shift4                         ; 0 ps                   ; String                                          ;
; duty_cycle4                          ; 50                     ; Signed Integer                                  ;
; output_clock_frequency5              ; 0 MHz                  ; String                                          ;
; phase_shift5                         ; 0 ps                   ; String                                          ;
; duty_cycle5                          ; 50                     ; Signed Integer                                  ;
; output_clock_frequency6              ; 0 MHz                  ; String                                          ;
; phase_shift6                         ; 0 ps                   ; String                                          ;
; duty_cycle6                          ; 50                     ; Signed Integer                                  ;
; output_clock_frequency7              ; 0 MHz                  ; String                                          ;
; phase_shift7                         ; 0 ps                   ; String                                          ;
; duty_cycle7                          ; 50                     ; Signed Integer                                  ;
; output_clock_frequency8              ; 0 MHz                  ; String                                          ;
; phase_shift8                         ; 0 ps                   ; String                                          ;
; duty_cycle8                          ; 50                     ; Signed Integer                                  ;
; output_clock_frequency9              ; 0 MHz                  ; String                                          ;
; phase_shift9                         ; 0 ps                   ; String                                          ;
; duty_cycle9                          ; 50                     ; Signed Integer                                  ;
; output_clock_frequency10             ; 0 MHz                  ; String                                          ;
; phase_shift10                        ; 0 ps                   ; String                                          ;
; duty_cycle10                         ; 50                     ; Signed Integer                                  ;
; output_clock_frequency11             ; 0 MHz                  ; String                                          ;
; phase_shift11                        ; 0 ps                   ; String                                          ;
; duty_cycle11                         ; 50                     ; Signed Integer                                  ;
; output_clock_frequency12             ; 0 MHz                  ; String                                          ;
; phase_shift12                        ; 0 ps                   ; String                                          ;
; duty_cycle12                         ; 50                     ; Signed Integer                                  ;
; output_clock_frequency13             ; 0 MHz                  ; String                                          ;
; phase_shift13                        ; 0 ps                   ; String                                          ;
; duty_cycle13                         ; 50                     ; Signed Integer                                  ;
; output_clock_frequency14             ; 0 MHz                  ; String                                          ;
; phase_shift14                        ; 0 ps                   ; String                                          ;
; duty_cycle14                         ; 50                     ; Signed Integer                                  ;
; output_clock_frequency15             ; 0 MHz                  ; String                                          ;
; phase_shift15                        ; 0 ps                   ; String                                          ;
; duty_cycle15                         ; 50                     ; Signed Integer                                  ;
; output_clock_frequency16             ; 0 MHz                  ; String                                          ;
; phase_shift16                        ; 0 ps                   ; String                                          ;
; duty_cycle16                         ; 50                     ; Signed Integer                                  ;
; output_clock_frequency17             ; 0 MHz                  ; String                                          ;
; phase_shift17                        ; 0 ps                   ; String                                          ;
; duty_cycle17                         ; 50                     ; Signed Integer                                  ;
; clock_name_0                         ;                        ; String                                          ;
; clock_name_1                         ;                        ; String                                          ;
; clock_name_2                         ;                        ; String                                          ;
; clock_name_3                         ;                        ; String                                          ;
; clock_name_4                         ;                        ; String                                          ;
; clock_name_5                         ;                        ; String                                          ;
; clock_name_6                         ;                        ; String                                          ;
; clock_name_7                         ;                        ; String                                          ;
; clock_name_8                         ;                        ; String                                          ;
; clock_name_global_0                  ; false                  ; String                                          ;
; clock_name_global_1                  ; false                  ; String                                          ;
; clock_name_global_2                  ; false                  ; String                                          ;
; clock_name_global_3                  ; false                  ; String                                          ;
; clock_name_global_4                  ; false                  ; String                                          ;
; clock_name_global_5                  ; false                  ; String                                          ;
; clock_name_global_6                  ; false                  ; String                                          ;
; clock_name_global_7                  ; false                  ; String                                          ;
; clock_name_global_8                  ; false                  ; String                                          ;
; m_cnt_hi_div                         ; 1                      ; Signed Integer                                  ;
; m_cnt_lo_div                         ; 1                      ; Signed Integer                                  ;
; m_cnt_bypass_en                      ; false                  ; String                                          ;
; m_cnt_odd_div_duty_en                ; false                  ; String                                          ;
; n_cnt_hi_div                         ; 1                      ; Signed Integer                                  ;
; n_cnt_lo_div                         ; 1                      ; Signed Integer                                  ;
; n_cnt_bypass_en                      ; false                  ; String                                          ;
; n_cnt_odd_div_duty_en                ; false                  ; String                                          ;
; c_cnt_hi_div0                        ; 1                      ; Signed Integer                                  ;
; c_cnt_lo_div0                        ; 1                      ; Signed Integer                                  ;
; c_cnt_bypass_en0                     ; false                  ; String                                          ;
; c_cnt_in_src0                        ; ph_mux_clk             ; String                                          ;
; c_cnt_odd_div_duty_en0               ; false                  ; String                                          ;
; c_cnt_prst0                          ; 1                      ; Signed Integer                                  ;
; c_cnt_ph_mux_prst0                   ; 0                      ; Signed Integer                                  ;
; c_cnt_hi_div1                        ; 1                      ; Signed Integer                                  ;
; c_cnt_lo_div1                        ; 1                      ; Signed Integer                                  ;
; c_cnt_bypass_en1                     ; false                  ; String                                          ;
; c_cnt_in_src1                        ; ph_mux_clk             ; String                                          ;
; c_cnt_odd_div_duty_en1               ; false                  ; String                                          ;
; c_cnt_prst1                          ; 1                      ; Signed Integer                                  ;
; c_cnt_ph_mux_prst1                   ; 0                      ; Signed Integer                                  ;
; c_cnt_hi_div2                        ; 1                      ; Signed Integer                                  ;
; c_cnt_lo_div2                        ; 1                      ; Signed Integer                                  ;
; c_cnt_bypass_en2                     ; false                  ; String                                          ;
; c_cnt_in_src2                        ; ph_mux_clk             ; String                                          ;
; c_cnt_odd_div_duty_en2               ; false                  ; String                                          ;
; c_cnt_prst2                          ; 1                      ; Signed Integer                                  ;
; c_cnt_ph_mux_prst2                   ; 0                      ; Signed Integer                                  ;
; c_cnt_hi_div3                        ; 1                      ; Signed Integer                                  ;
; c_cnt_lo_div3                        ; 1                      ; Signed Integer                                  ;
; c_cnt_bypass_en3                     ; false                  ; String                                          ;
; c_cnt_in_src3                        ; ph_mux_clk             ; String                                          ;
; c_cnt_odd_div_duty_en3               ; false                  ; String                                          ;
; c_cnt_prst3                          ; 1                      ; Signed Integer                                  ;
; c_cnt_ph_mux_prst3                   ; 0                      ; Signed Integer                                  ;
; c_cnt_hi_div4                        ; 1                      ; Signed Integer                                  ;
; c_cnt_lo_div4                        ; 1                      ; Signed Integer                                  ;
; c_cnt_bypass_en4                     ; false                  ; String                                          ;
; c_cnt_in_src4                        ; ph_mux_clk             ; String                                          ;
; c_cnt_odd_div_duty_en4               ; false                  ; String                                          ;
; c_cnt_prst4                          ; 1                      ; Signed Integer                                  ;
; c_cnt_ph_mux_prst4                   ; 0                      ; Signed Integer                                  ;
; c_cnt_hi_div5                        ; 1                      ; Signed Integer                                  ;
; c_cnt_lo_div5                        ; 1                      ; Signed Integer                                  ;
; c_cnt_bypass_en5                     ; false                  ; String                                          ;
; c_cnt_in_src5                        ; ph_mux_clk             ; String                                          ;
; c_cnt_odd_div_duty_en5               ; false                  ; String                                          ;
; c_cnt_prst5                          ; 1                      ; Signed Integer                                  ;
; c_cnt_ph_mux_prst5                   ; 0                      ; Signed Integer                                  ;
; c_cnt_hi_div6                        ; 1                      ; Signed Integer                                  ;
; c_cnt_lo_div6                        ; 1                      ; Signed Integer                                  ;
; c_cnt_bypass_en6                     ; false                  ; String                                          ;
; c_cnt_in_src6                        ; ph_mux_clk             ; String                                          ;
; c_cnt_odd_div_duty_en6               ; false                  ; String                                          ;
; c_cnt_prst6                          ; 1                      ; Signed Integer                                  ;
; c_cnt_ph_mux_prst6                   ; 0                      ; Signed Integer                                  ;
; c_cnt_hi_div7                        ; 1                      ; Signed Integer                                  ;
; c_cnt_lo_div7                        ; 1                      ; Signed Integer                                  ;
; c_cnt_bypass_en7                     ; false                  ; String                                          ;
; c_cnt_in_src7                        ; ph_mux_clk             ; String                                          ;
; c_cnt_odd_div_duty_en7               ; false                  ; String                                          ;
; c_cnt_prst7                          ; 1                      ; Signed Integer                                  ;
; c_cnt_ph_mux_prst7                   ; 0                      ; Signed Integer                                  ;
; c_cnt_hi_div8                        ; 1                      ; Signed Integer                                  ;
; c_cnt_lo_div8                        ; 1                      ; Signed Integer                                  ;
; c_cnt_bypass_en8                     ; false                  ; String                                          ;
; c_cnt_in_src8                        ; ph_mux_clk             ; String                                          ;
; c_cnt_odd_div_duty_en8               ; false                  ; String                                          ;
; c_cnt_prst8                          ; 1                      ; Signed Integer                                  ;
; c_cnt_ph_mux_prst8                   ; 0                      ; Signed Integer                                  ;
; c_cnt_hi_div9                        ; 1                      ; Signed Integer                                  ;
; c_cnt_lo_div9                        ; 1                      ; Signed Integer                                  ;
; c_cnt_bypass_en9                     ; false                  ; String                                          ;
; c_cnt_in_src9                        ; ph_mux_clk             ; String                                          ;
; c_cnt_odd_div_duty_en9               ; false                  ; String                                          ;
; c_cnt_prst9                          ; 1                      ; Signed Integer                                  ;
; c_cnt_ph_mux_prst9                   ; 0                      ; Signed Integer                                  ;
; c_cnt_hi_div10                       ; 1                      ; Signed Integer                                  ;
; c_cnt_lo_div10                       ; 1                      ; Signed Integer                                  ;
; c_cnt_bypass_en10                    ; false                  ; String                                          ;
; c_cnt_in_src10                       ; ph_mux_clk             ; String                                          ;
; c_cnt_odd_div_duty_en10              ; false                  ; String                                          ;
; c_cnt_prst10                         ; 1                      ; Signed Integer                                  ;
; c_cnt_ph_mux_prst10                  ; 0                      ; Signed Integer                                  ;
; c_cnt_hi_div11                       ; 1                      ; Signed Integer                                  ;
; c_cnt_lo_div11                       ; 1                      ; Signed Integer                                  ;
; c_cnt_bypass_en11                    ; false                  ; String                                          ;
; c_cnt_in_src11                       ; ph_mux_clk             ; String                                          ;
; c_cnt_odd_div_duty_en11              ; false                  ; String                                          ;
; c_cnt_prst11                         ; 1                      ; Signed Integer                                  ;
; c_cnt_ph_mux_prst11                  ; 0                      ; Signed Integer                                  ;
; c_cnt_hi_div12                       ; 1                      ; Signed Integer                                  ;
; c_cnt_lo_div12                       ; 1                      ; Signed Integer                                  ;
; c_cnt_bypass_en12                    ; false                  ; String                                          ;
; c_cnt_in_src12                       ; ph_mux_clk             ; String                                          ;
; c_cnt_odd_div_duty_en12              ; false                  ; String                                          ;
; c_cnt_prst12                         ; 1                      ; Signed Integer                                  ;
; c_cnt_ph_mux_prst12                  ; 0                      ; Signed Integer                                  ;
; c_cnt_hi_div13                       ; 1                      ; Signed Integer                                  ;
; c_cnt_lo_div13                       ; 1                      ; Signed Integer                                  ;
; c_cnt_bypass_en13                    ; false                  ; String                                          ;
; c_cnt_in_src13                       ; ph_mux_clk             ; String                                          ;
; c_cnt_odd_div_duty_en13              ; false                  ; String                                          ;
; c_cnt_prst13                         ; 1                      ; Signed Integer                                  ;
; c_cnt_ph_mux_prst13                  ; 0                      ; Signed Integer                                  ;
; c_cnt_hi_div14                       ; 1                      ; Signed Integer                                  ;
; c_cnt_lo_div14                       ; 1                      ; Signed Integer                                  ;
; c_cnt_bypass_en14                    ; false                  ; String                                          ;
; c_cnt_in_src14                       ; ph_mux_clk             ; String                                          ;
; c_cnt_odd_div_duty_en14              ; false                  ; String                                          ;
; c_cnt_prst14                         ; 1                      ; Signed Integer                                  ;
; c_cnt_ph_mux_prst14                  ; 0                      ; Signed Integer                                  ;
; c_cnt_hi_div15                       ; 1                      ; Signed Integer                                  ;
; c_cnt_lo_div15                       ; 1                      ; Signed Integer                                  ;
; c_cnt_bypass_en15                    ; false                  ; String                                          ;
; c_cnt_in_src15                       ; ph_mux_clk             ; String                                          ;
; c_cnt_odd_div_duty_en15              ; false                  ; String                                          ;
; c_cnt_prst15                         ; 1                      ; Signed Integer                                  ;
; c_cnt_ph_mux_prst15                  ; 0                      ; Signed Integer                                  ;
; c_cnt_hi_div16                       ; 1                      ; Signed Integer                                  ;
; c_cnt_lo_div16                       ; 1                      ; Signed Integer                                  ;
; c_cnt_bypass_en16                    ; false                  ; String                                          ;
; c_cnt_in_src16                       ; ph_mux_clk             ; String                                          ;
; c_cnt_odd_div_duty_en16              ; false                  ; String                                          ;
; c_cnt_prst16                         ; 1                      ; Signed Integer                                  ;
; c_cnt_ph_mux_prst16                  ; 0                      ; Signed Integer                                  ;
; c_cnt_hi_div17                       ; 1                      ; Signed Integer                                  ;
; c_cnt_lo_div17                       ; 1                      ; Signed Integer                                  ;
; c_cnt_bypass_en17                    ; false                  ; String                                          ;
; c_cnt_in_src17                       ; ph_mux_clk             ; String                                          ;
; c_cnt_odd_div_duty_en17              ; false                  ; String                                          ;
; c_cnt_prst17                         ; 1                      ; Signed Integer                                  ;
; c_cnt_ph_mux_prst17                  ; 0                      ; Signed Integer                                  ;
; pll_vco_div                          ; 1                      ; Signed Integer                                  ;
; pll_slf_rst                          ; false                  ; String                                          ;
; pll_bw_sel                           ; low                    ; String                                          ;
; pll_output_clk_frequency             ; 0 MHz                  ; String                                          ;
; pll_cp_current                       ; 0                      ; Signed Integer                                  ;
; pll_bwctrl                           ; 0                      ; Signed Integer                                  ;
; pll_fractional_division              ; 1                      ; Signed Integer                                  ;
; pll_fractional_cout                  ; 24                     ; Signed Integer                                  ;
; pll_dsm_out_sel                      ; 1st_order              ; String                                          ;
; mimic_fbclk_type                     ; gclk                   ; String                                          ;
; pll_fbclk_mux_1                      ; glb                    ; String                                          ;
; pll_fbclk_mux_2                      ; fb_1                   ; String                                          ;
; pll_m_cnt_in_src                     ; ph_mux_clk             ; String                                          ;
; pll_vcoph_div                        ; 1                      ; Signed Integer                                  ;
; refclk1_frequency                    ; 0 MHz                  ; String                                          ;
; pll_clkin_0_src                      ; clk_0                  ; String                                          ;
; pll_clkin_1_src                      ; clk_0                  ; String                                          ;
; pll_clk_loss_sw_en                   ; false                  ; String                                          ;
; pll_auto_clk_sw_en                   ; false                  ; String                                          ;
; pll_manu_clk_sw_en                   ; false                  ; String                                          ;
; pll_clk_sw_dly                       ; 0                      ; Signed Integer                                  ;
; pll_extclk_0_cnt_src                 ; pll_extclk_cnt_src_vss ; String                                          ;
; pll_extclk_1_cnt_src                 ; pll_extclk_cnt_src_vss ; String                                          ;
+--------------------------------------+------------------------+-------------------------------------------------+
Note: In order to hide this table in the UI and the text report file, please set the "Show Parameter Settings in Synthesis Report" option in "Analysis and Synthesis Settings -> More Settings" to "Off".


+---------------------------------------------------------------+
; Parameter Settings for User Entity Instance: Sdram_Control:u7 ;
+----------------+-------+--------------------------------------+
; Parameter Name ; Value ; Type                                 ;
+----------------+-------+--------------------------------------+
; INIT_PER       ; 24000 ; Signed Integer                       ;
; REF_PER        ; 1024  ; Signed Integer                       ;
; SC_CL          ; 3     ; Signed Integer                       ;
; SC_RCD         ; 3     ; Signed Integer                       ;
; SC_RRD         ; 7     ; Signed Integer                       ;
; SC_PM          ; 1     ; Signed Integer                       ;
; SC_BL          ; 1     ; Signed Integer                       ;
; SDR_BL         ; 111   ; Unsigned Binary                      ;
; SDR_BT         ; 0     ; Unsigned Binary                      ;
; SDR_CL         ; 011   ; Unsigned Binary                      ;
+----------------+-------+--------------------------------------+
Note: In order to hide this table in the UI and the text report file, please set the "Show Parameter Settings in Synthesis Report" option in "Analysis and Synthesis Settings -> More Settings" to "Off".


+-----------------------------------------------------------------------------------------------------+
; Parameter Settings for User Entity Instance: Sdram_Control:u7|control_interface:u_control_interface ;
+----------------+-------+----------------------------------------------------------------------------+
; Parameter Name ; Value ; Type                                                                       ;
+----------------+-------+----------------------------------------------------------------------------+
; INIT_PER       ; 24000 ; Signed Integer                                                             ;
; REF_PER        ; 1024  ; Signed Integer                                                             ;
; SC_CL          ; 3     ; Signed Integer                                                             ;
; SC_RCD         ; 3     ; Signed Integer                                                             ;
; SC_RRD         ; 7     ; Signed Integer                                                             ;
; SC_PM          ; 1     ; Signed Integer                                                             ;
; SC_BL          ; 1     ; Signed Integer                                                             ;
; SDR_BL         ; 111   ; Unsigned Binary                                                            ;
; SDR_BT         ; 0     ; Unsigned Binary                                                            ;
; SDR_CL         ; 011   ; Unsigned Binary                                                            ;
+----------------+-------+----------------------------------------------------------------------------+
Note: In order to hide this table in the UI and the text report file, please set the "Show Parameter Settings in Synthesis Report" option in "Analysis and Synthesis Settings -> More Settings" to "Off".


+---------------------------------------------------------------------------------+
; Parameter Settings for User Entity Instance: Sdram_Control:u7|command:u_command ;
+----------------+-------+--------------------------------------------------------+
; Parameter Name ; Value ; Type                                                   ;
+----------------+-------+--------------------------------------------------------+
; INIT_PER       ; 24000 ; Signed Integer                                         ;
; REF_PER        ; 1024  ; Signed Integer                                         ;
; SC_CL          ; 3     ; Signed Integer                                         ;
; SC_RCD         ; 3     ; Signed Integer                                         ;
; SC_RRD         ; 7     ; Signed Integer                                         ;
; SC_PM          ; 1     ; Signed Integer                                         ;
; SC_BL          ; 1     ; Signed Integer                                         ;
; SDR_BL         ; 111   ; Unsigned Binary                                        ;
; SDR_BT         ; 0     ; Unsigned Binary                                        ;
; SDR_CL         ; 011   ; Unsigned Binary                                        ;
+----------------+-------+--------------------------------------------------------+
Note: In order to hide this table in the UI and the text report file, please set the "Show Parameter Settings in Synthesis Report" option in "Analysis and Synthesis Settings -> More Settings" to "Off".


+---------------------------------------------------------------------------------------------+
; Parameter Settings for User Entity Instance: Sdram_Control:u7|sdr_data_path:u_sdr_data_path ;
+----------------+-------+--------------------------------------------------------------------+
; Parameter Name ; Value ; Type                                                               ;
+----------------+-------+--------------------------------------------------------------------+
; INIT_PER       ; 24000 ; Signed Integer                                                     ;
; REF_PER        ; 1024  ; Signed Integer                                                     ;
; SC_CL          ; 3     ; Signed Integer                                                     ;
; SC_RCD         ; 3     ; Signed Integer                                                     ;
; SC_RRD         ; 7     ; Signed Integer                                                     ;
; SC_PM          ; 1     ; Signed Integer                                                     ;
; SC_BL          ; 1     ; Signed Integer                                                     ;
; SDR_BL         ; 111   ; Unsigned Binary                                                    ;
; SDR_BT         ; 0     ; Unsigned Binary                                                    ;
; SDR_CL         ; 011   ; Unsigned Binary                                                    ;
+----------------+-------+--------------------------------------------------------------------+
Note: In order to hide this table in the UI and the text report file, please set the "Show Parameter Settings in Synthesis Report" option in "Analysis and Synthesis Settings -> More Settings" to "Off".


+---------------------------------------------------------------------------------------------------------------------------------------------+
; Parameter Settings for User Entity Instance: Sdram_Control:u7|Sdram_WR_FIFO:u_write1_fifo|dcfifo_mixed_widths:dcfifo_mixed_widths_component ;
+-------------------------------------------+-------------+-----------------------------------------------------------------------------------+
; Parameter Name                            ; Value       ; Type                                                                              ;
+-------------------------------------------+-------------+-----------------------------------------------------------------------------------+
; ACF_DISABLE_EMBEDDED_TIMING_CONSTRAINT    ; FALSE       ; Untyped                                                                           ;
; ACF_DISABLE_MLAB_RAM_USE                  ; FALSE       ; Untyped                                                                           ;
; ADD_RAM_OUTPUT_REGISTER                   ; OFF         ; Untyped                                                                           ;
; ADD_USEDW_MSB_BIT                         ; OFF         ; Untyped                                                                           ;
; CLOCKS_ARE_SYNCHRONIZED                   ; FALSE       ; Untyped                                                                           ;
; DELAY_RDUSEDW                             ; 1           ; Untyped                                                                           ;
; DELAY_WRUSEDW                             ; 1           ; Untyped                                                                           ;
; DISABLE_DCFIFO_EMBEDDED_TIMING_CONSTRAINT ; FALSE       ; Untyped                                                                           ;
; ENABLE_ECC                                ; FALSE       ; Untyped                                                                           ;
; LPM_NUMWORDS                              ; 512         ; Signed Integer                                                                    ;
; LPM_SHOWAHEAD                             ; OFF         ; Untyped                                                                           ;
; LPM_WIDTH                                 ; 16          ; Signed Integer                                                                    ;
; LPM_WIDTH_R                               ; 16          ; Signed Integer                                                                    ;
; LPM_WIDTHU                                ; 9           ; Signed Integer                                                                    ;
; LPM_WIDTHU_R                              ; 9           ; Signed Integer                                                                    ;
; MAXIMIZE_SPEED                            ; 5           ; Untyped                                                                           ;
; OVERFLOW_CHECKING                         ; ON          ; Untyped                                                                           ;
; RAM_BLOCK_TYPE                            ; AUTO        ; Untyped                                                                           ;
; RDSYNC_DELAYPIPE                          ; 4           ; Signed Integer                                                                    ;
; READ_ACLR_SYNCH                           ; OFF         ; Untyped                                                                           ;
; UNDERFLOW_CHECKING                        ; ON          ; Untyped                                                                           ;
; USE_EAB                                   ; ON          ; Untyped                                                                           ;
; WRITE_ACLR_SYNCH                          ; OFF         ; Untyped                                                                           ;
; WRSYNC_DELAYPIPE                          ; 4           ; Signed Integer                                                                    ;
; CBXI_PARAMETER                            ; dcfifo_ngp1 ; Untyped                                                                           ;
+-------------------------------------------+-------------+-----------------------------------------------------------------------------------+
Note: In order to hide this table in the UI and the text report file, please set the "Show Parameter Settings in Synthesis Report" option in "Analysis and Synthesis Settings -> More Settings" to "Off".


+---------------------------------------------------------------------------------------------------------------------------------------------+
; Parameter Settings for User Entity Instance: Sdram_Control:u7|Sdram_WR_FIFO:u_write2_fifo|dcfifo_mixed_widths:dcfifo_mixed_widths_component ;
+-------------------------------------------+-------------+-----------------------------------------------------------------------------------+
; Parameter Name                            ; Value       ; Type                                                                              ;
+-------------------------------------------+-------------+-----------------------------------------------------------------------------------+
; ACF_DISABLE_EMBEDDED_TIMING_CONSTRAINT    ; FALSE       ; Untyped                                                                           ;
; ACF_DISABLE_MLAB_RAM_USE                  ; FALSE       ; Untyped                                                                           ;
; ADD_RAM_OUTPUT_REGISTER                   ; OFF         ; Untyped                                                                           ;
; ADD_USEDW_MSB_BIT                         ; OFF         ; Untyped                                                                           ;
; CLOCKS_ARE_SYNCHRONIZED                   ; FALSE       ; Untyped                                                                           ;
; DELAY_RDUSEDW                             ; 1           ; Untyped                                                                           ;
; DELAY_WRUSEDW                             ; 1           ; Untyped                                                                           ;
; DISABLE_DCFIFO_EMBEDDED_TIMING_CONSTRAINT ; FALSE       ; Untyped                                                                           ;
; ENABLE_ECC                                ; FALSE       ; Untyped                                                                           ;
; LPM_NUMWORDS                              ; 512         ; Signed Integer                                                                    ;
; LPM_SHOWAHEAD                             ; OFF         ; Untyped                                                                           ;
; LPM_WIDTH                                 ; 16          ; Signed Integer                                                                    ;
; LPM_WIDTH_R                               ; 16          ; Signed Integer                                                                    ;
; LPM_WIDTHU                                ; 9           ; Signed Integer                                                                    ;
; LPM_WIDTHU_R                              ; 9           ; Signed Integer                                                                    ;
; MAXIMIZE_SPEED                            ; 5           ; Untyped                                                                           ;
; OVERFLOW_CHECKING                         ; ON          ; Untyped                                                                           ;
; RAM_BLOCK_TYPE                            ; AUTO        ; Untyped                                                                           ;
; RDSYNC_DELAYPIPE                          ; 4           ; Signed Integer                                                                    ;
; READ_ACLR_SYNCH                           ; OFF         ; Untyped                                                                           ;
; UNDERFLOW_CHECKING                        ; ON          ; Untyped                                                                           ;
; USE_EAB                                   ; ON          ; Untyped                                                                           ;
; WRITE_ACLR_SYNCH                          ; OFF         ; Untyped                                                                           ;
; WRSYNC_DELAYPIPE                          ; 4           ; Signed Integer                                                                    ;
; CBXI_PARAMETER                            ; dcfifo_ngp1 ; Untyped                                                                           ;
+-------------------------------------------+-------------+-----------------------------------------------------------------------------------+
Note: In order to hide this table in the UI and the text report file, please set the "Show Parameter Settings in Synthesis Report" option in "Analysis and Synthesis Settings -> More Settings" to "Off".


+--------------------------------------------------------------------------------------------------------------------------------------------+
; Parameter Settings for User Entity Instance: Sdram_Control:u7|Sdram_RD_FIFO:u_read1_fifo|dcfifo_mixed_widths:dcfifo_mixed_widths_component ;
+-------------------------------------------+-------------+----------------------------------------------------------------------------------+
; Parameter Name                            ; Value       ; Type                                                                             ;
+-------------------------------------------+-------------+----------------------------------------------------------------------------------+
; ACF_DISABLE_EMBEDDED_TIMING_CONSTRAINT    ; FALSE       ; Untyped                                                                          ;
; ACF_DISABLE_MLAB_RAM_USE                  ; FALSE       ; Untyped                                                                          ;
; ADD_RAM_OUTPUT_REGISTER                   ; OFF         ; Untyped                                                                          ;
; ADD_USEDW_MSB_BIT                         ; OFF         ; Untyped                                                                          ;
; CLOCKS_ARE_SYNCHRONIZED                   ; FALSE       ; Untyped                                                                          ;
; DELAY_RDUSEDW                             ; 1           ; Untyped                                                                          ;
; DELAY_WRUSEDW                             ; 1           ; Untyped                                                                          ;
; DISABLE_DCFIFO_EMBEDDED_TIMING_CONSTRAINT ; FALSE       ; Untyped                                                                          ;
; ENABLE_ECC                                ; FALSE       ; Untyped                                                                          ;
; LPM_NUMWORDS                              ; 512         ; Signed Integer                                                                   ;
; LPM_SHOWAHEAD                             ; OFF         ; Untyped                                                                          ;
; LPM_WIDTH                                 ; 16          ; Signed Integer                                                                   ;
; LPM_WIDTH_R                               ; 16          ; Signed Integer                                                                   ;
; LPM_WIDTHU                                ; 9           ; Signed Integer                                                                   ;
; LPM_WIDTHU_R                              ; 9           ; Signed Integer                                                                   ;
; MAXIMIZE_SPEED                            ; 5           ; Untyped                                                                          ;
; OVERFLOW_CHECKING                         ; ON          ; Untyped                                                                          ;
; RAM_BLOCK_TYPE                            ; AUTO        ; Untyped                                                                          ;
; RDSYNC_DELAYPIPE                          ; 4           ; Signed Integer                                                                   ;
; READ_ACLR_SYNCH                           ; OFF         ; Untyped                                                                          ;
; UNDERFLOW_CHECKING                        ; ON          ; Untyped                                                                          ;
; USE_EAB                                   ; ON          ; Untyped                                                                          ;
; WRITE_ACLR_SYNCH                          ; OFF         ; Untyped                                                                          ;
; WRSYNC_DELAYPIPE                          ; 4           ; Signed Integer                                                                   ;
; CBXI_PARAMETER                            ; dcfifo_ahp1 ; Untyped                                                                          ;
+-------------------------------------------+-------------+----------------------------------------------------------------------------------+
Note: In order to hide this table in the UI and the text report file, please set the "Show Parameter Settings in Synthesis Report" option in "Analysis and Synthesis Settings -> More Settings" to "Off".


+--------------------------------------------------------------------------------------------------------------------------------------------+
; Parameter Settings for User Entity Instance: Sdram_Control:u7|Sdram_RD_FIFO:u_read2_fifo|dcfifo_mixed_widths:dcfifo_mixed_widths_component ;
+-------------------------------------------+-------------+----------------------------------------------------------------------------------+
; Parameter Name                            ; Value       ; Type                                                                             ;
+-------------------------------------------+-------------+----------------------------------------------------------------------------------+
; ACF_DISABLE_EMBEDDED_TIMING_CONSTRAINT    ; FALSE       ; Untyped                                                                          ;
; ACF_DISABLE_MLAB_RAM_USE                  ; FALSE       ; Untyped                                                                          ;
; ADD_RAM_OUTPUT_REGISTER                   ; OFF         ; Untyped                                                                          ;
; ADD_USEDW_MSB_BIT                         ; OFF         ; Untyped                                                                          ;
; CLOCKS_ARE_SYNCHRONIZED                   ; FALSE       ; Untyped                                                                          ;
; DELAY_RDUSEDW                             ; 1           ; Untyped                                                                          ;
; DELAY_WRUSEDW                             ; 1           ; Untyped                                                                          ;
; DISABLE_DCFIFO_EMBEDDED_TIMING_CONSTRAINT ; FALSE       ; Untyped                                                                          ;
; ENABLE_ECC                                ; FALSE       ; Untyped                                                                          ;
; LPM_NUMWORDS                              ; 512         ; Signed Integer                                                                   ;
; LPM_SHOWAHEAD                             ; OFF         ; Untyped                                                                          ;
; LPM_WIDTH                                 ; 16          ; Signed Integer                                                                   ;
; LPM_WIDTH_R                               ; 16          ; Signed Integer                                                                   ;
; LPM_WIDTHU                                ; 9           ; Signed Integer                                                                   ;
; LPM_WIDTHU_R                              ; 9           ; Signed Integer                                                                   ;
; MAXIMIZE_SPEED                            ; 5           ; Untyped                                                                          ;
; OVERFLOW_CHECKING                         ; ON          ; Untyped                                                                          ;
; RAM_BLOCK_TYPE                            ; AUTO        ; Untyped                                                                          ;
; RDSYNC_DELAYPIPE                          ; 4           ; Signed Integer                                                                   ;
; READ_ACLR_SYNCH                           ; OFF         ; Untyped                                                                          ;
; UNDERFLOW_CHECKING                        ; ON          ; Untyped                                                                          ;
; USE_EAB                                   ; ON          ; Untyped                                                                          ;
; WRITE_ACLR_SYNCH                          ; OFF         ; Untyped                                                                          ;
; WRSYNC_DELAYPIPE                          ; 4           ; Signed Integer                                                                   ;
; CBXI_PARAMETER                            ; dcfifo_ahp1 ; Untyped                                                                          ;
+-------------------------------------------+-------------+----------------------------------------------------------------------------------+
Note: In order to hide this table in the UI and the text report file, please set the "Show Parameter Settings in Synthesis Report" option in "Analysis and Synthesis Settings -> More Settings" to "Off".


+----------------------------------------------------------------+
; Parameter Settings for User Entity Instance: I2C_CCD_Config:u8 ;
+-----------------------+------------------+---------------------+
; Parameter Name        ; Value            ; Type                ;
+-----------------------+------------------+---------------------+
; default_exposure      ; 0000011111000000 ; Unsigned Binary     ;
; exposure_change_value ; 0000000000110010 ; Unsigned Binary     ;
; CLK_Freq              ; 50000000         ; Signed Integer      ;
; I2C_Freq              ; 20000            ; Signed Integer      ;
; LUT_SIZE              ; 25               ; Signed Integer      ;
+-----------------------+------------------+---------------------+
Note: In order to hide this table in the UI and the text report file, please set the "Show Parameter Settings in Synthesis Report" option in "Analysis and Synthesis Settings -> More Settings" to "Off".


+----------------------------------------------------------------+
; Parameter Settings for User Entity Instance: VGA_Controller:u1 ;
+----------------+-------+---------------------------------------+
; Parameter Name ; Value ; Type                                  ;
+----------------+-------+---------------------------------------+
; H_SYNC_CYC     ; 96    ; Signed Integer                        ;
; H_SYNC_BACK    ; 48    ; Signed Integer                        ;
; H_SYNC_ACT     ; 640   ; Signed Integer                        ;
; H_SYNC_FRONT   ; 16    ; Signed Integer                        ;
; H_SYNC_TOTAL   ; 800   ; Signed Integer                        ;
; V_SYNC_CYC     ; 2     ; Signed Integer                        ;
; V_SYNC_BACK    ; 33    ; Signed Integer                        ;
; V_SYNC_ACT     ; 480   ; Signed Integer                        ;
; V_SYNC_FRONT   ; 10    ; Signed Integer                        ;
; V_SYNC_TOTAL   ; 525   ; Signed Integer                        ;
; X_START        ; 144   ; Signed Integer                        ;
; Y_START        ; 35    ; Signed Integer                        ;
+----------------+-------+---------------------------------------+
Note: In order to hide this table in the UI and the text report file, please set the "Show Parameter Settings in Synthesis Report" option in "Analysis and Synthesis Settings -> More Settings" to "Off".


+--------------------------------------------------------------------+
; Parameter Settings for User Entity Instance: color_detect:u_detect ;
+------------------+------------+------------------------------------+
; Parameter Name   ; Value      ; Type                               ;
+------------------+------------+------------------------------------+
; NUM_BLOCK_COLS   ; 20         ; Signed Integer                     ;
; MIN_MATCH_BLOCKS ; 1          ; Signed Integer                     ;
; TOL_R            ; 0001010000 ; Unsigned Binary                    ;
; TOL_G            ; 0001100100 ; Unsigned Binary                    ;
; TOL_B            ; 0001010000 ; Unsigned Binary                    ;
+------------------+------------+------------------------------------+
Note: In order to hide this table in the UI and the text report file, please set the "Show Parameter Settings in Synthesis Report" option in "Analysis and Synthesis Settings -> More Settings" to "Off".


+----------------------------------------------------------------+
; Parameter Settings for User Entity Instance: overlay:u_overlay ;
+----------------+------------+----------------------------------+
; Parameter Name ; Value      ; Type                             ;
+----------------+------------+----------------------------------+
; THICK          ; 0000000010 ; Unsigned Binary                  ;
+----------------+------------+----------------------------------+
Note: In order to hide this table in the UI and the text report file, please set the "Show Parameter Settings in Synthesis Report" option in "Analysis and Synthesis Settings -> More Settings" to "Off".


+-----------------------------------------------------------------------------------------+
; Parameter Settings for User Entity Instance: snake_wrapper:u_game|snake_top:u_snake_top ;
+-------------------+-----------------+---------------------------------------------------+
; Parameter Name    ; Value           ; Type                                              ;
+-------------------+-----------------+---------------------------------------------------+
; ap_ST_fsm_state1  ; 000000000000001 ; Unsigned Binary                                   ;
; ap_ST_fsm_state2  ; 000000000000010 ; Unsigned Binary                                   ;
; ap_ST_fsm_state3  ; 000000000000100 ; Unsigned Binary                                   ;
; ap_ST_fsm_state4  ; 000000000001000 ; Unsigned Binary                                   ;
; ap_ST_fsm_state5  ; 000000000010000 ; Unsigned Binary                                   ;
; ap_ST_fsm_state6  ; 000000000100000 ; Unsigned Binary                                   ;
; ap_ST_fsm_state7  ; 000000001000000 ; Unsigned Binary                                   ;
; ap_ST_fsm_state8  ; 000000010000000 ; Unsigned Binary                                   ;
; ap_ST_fsm_state9  ; 000000100000000 ; Unsigned Binary                                   ;
; ap_ST_fsm_state10 ; 000001000000000 ; Unsigned Binary                                   ;
; ap_ST_fsm_state11 ; 000010000000000 ; Unsigned Binary                                   ;
; ap_ST_fsm_state12 ; 000100000000000 ; Unsigned Binary                                   ;
; ap_ST_fsm_state13 ; 001000000000000 ; Unsigned Binary                                   ;
; ap_ST_fsm_state14 ; 010000000000000 ; Unsigned Binary                                   ;
; ap_ST_fsm_state15 ; 100000000000000 ; Unsigned Binary                                   ;
+-------------------+-----------------+---------------------------------------------------+
Note: In order to hide this table in the UI and the text report file, please set the "Show Parameter Settings in Synthesis Report" option in "Analysis and Synthesis Settings -> More Settings" to "Off".


+-----------------------------------------------------------------------------------------------------------------------------+
; Parameter Settings for User Entity Instance: snake_wrapper:u_game|snake_top:u_snake_top|snake_top_grid_RAM_AUTO_1R1W:grid_U ;
+----------------+-------+----------------------------------------------------------------------------------------------------+
; Parameter Name ; Value ; Type                                                                                               ;
+----------------+-------+----------------------------------------------------------------------------------------------------+
; DataWidth      ; 1     ; Signed Integer                                                                                     ;
; AddressWidth   ; 9     ; Signed Integer                                                                                     ;
; AddressRange   ; 300   ; Signed Integer                                                                                     ;
+----------------+-------+----------------------------------------------------------------------------------------------------+
Note: In order to hide this table in the UI and the text report file, please set the "Show Parameter Settings in Synthesis Report" option in "Analysis and Synthesis Settings -> More Settings" to "Off".


+-------------------------------------------------------------------------------------------------------------------------------------------+
; Parameter Settings for User Entity Instance: snake_wrapper:u_game|snake_top:u_snake_top|snake_top_st_body_col_RAM_AUTO_1R1W:st_body_col_U ;
+----------------+-------+------------------------------------------------------------------------------------------------------------------+
; Parameter Name ; Value ; Type                                                                                                             ;
+----------------+-------+------------------------------------------------------------------------------------------------------------------+
; DataWidth      ; 5     ; Signed Integer                                                                                                   ;
; AddressWidth   ; 9     ; Signed Integer                                                                                                   ;
; AddressRange   ; 300   ; Signed Integer                                                                                                   ;
+----------------+-------+------------------------------------------------------------------------------------------------------------------+
Note: In order to hide this table in the UI and the text report file, please set the "Show Parameter Settings in Synthesis Report" option in "Analysis and Synthesis Settings -> More Settings" to "Off".


+-------------------------------------------------------------------------------------------------------------------------------------------+
; Parameter Settings for User Entity Instance: snake_wrapper:u_game|snake_top:u_snake_top|snake_top_st_body_row_RAM_AUTO_1R1W:st_body_row_U ;
+----------------+-------+------------------------------------------------------------------------------------------------------------------+
; Parameter Name ; Value ; Type                                                                                                             ;
+----------------+-------+------------------------------------------------------------------------------------------------------------------+
; DataWidth      ; 4     ; Signed Integer                                                                                                   ;
; AddressWidth   ; 9     ; Signed Integer                                                                                                   ;
; AddressRange   ; 300   ; Signed Integer                                                                                                   ;
+----------------+-------+------------------------------------------------------------------------------------------------------------------+
Note: In order to hide this table in the UI and the text report file, please set the "Show Parameter Settings in Synthesis Report" option in "Analysis and Synthesis Settings -> More Settings" to "Off".


+--------------------------------------------------------------------------------------------------------------------------------------------------------------------------------------------------------------------+
; Parameter Settings for User Entity Instance: snake_wrapper:u_game|snake_top:u_snake_top|snake_top_snake_top_Pipeline_VITIS_LOOP_73_1_VITIS_LOOP_74_2:grp_snake_top_Pipeline_VITIS_LOOP_73_1_VITIS_LOOP_74_2_fu_488 ;
+------------------+-------+-----------------------------------------------------------------------------------------------------------------------------------------------------------------------------------------+
; Parameter Name   ; Value ; Type                                                                                                                                                                                    ;
+------------------+-------+-----------------------------------------------------------------------------------------------------------------------------------------------------------------------------------------+
; ap_ST_fsm_state1 ; 1     ; Unsigned Binary                                                                                                                                                                         ;
+------------------+-------+-----------------------------------------------------------------------------------------------------------------------------------------------------------------------------------------+
Note: In order to hide this table in the UI and the text report file, please set the "Show Parameter Settings in Synthesis Report" option in "Analysis and Synthesis Settings -> More Settings" to "Off".


+------------------------------------------------------------------------------------------------------------------------------------------------------------------------------------+
; Parameter Settings for User Entity Instance: snake_wrapper:u_game|snake_top:u_snake_top|snake_top_snake_top_Pipeline_VITIS_LOOP_85_3:grp_snake_top_Pipeline_VITIS_LOOP_85_3_fu_494 ;
+------------------+-------+---------------------------------------------------------------------------------------------------------------------------------------------------------+
; Parameter Name   ; Value ; Type                                                                                                                                                    ;
+------------------+-------+---------------------------------------------------------------------------------------------------------------------------------------------------------+
; ap_ST_fsm_state1 ; 1     ; Unsigned Binary                                                                                                                                         ;
+------------------+-------+---------------------------------------------------------------------------------------------------------------------------------------------------------+
Note: In order to hide this table in the UI and the text report file, please set the "Show Parameter Settings in Synthesis Report" option in "Analysis and Synthesis Settings -> More Settings" to "Off".


+------------------------------------------------------------------------------------------------------------------------------------------------------------------------------------+
; Parameter Settings for User Entity Instance: snake_wrapper:u_game|snake_top:u_snake_top|snake_top_snake_top_Pipeline_VITIS_LOOP_94_4:grp_snake_top_Pipeline_VITIS_LOOP_94_4_fu_504 ;
+------------------+-------+---------------------------------------------------------------------------------------------------------------------------------------------------------+
; Parameter Name   ; Value ; Type                                                                                                                                                    ;
+------------------+-------+---------------------------------------------------------------------------------------------------------------------------------------------------------+
; ap_ST_fsm_state1 ; 1     ; Unsigned Binary                                                                                                                                         ;
+------------------+-------+---------------------------------------------------------------------------------------------------------------------------------------------------------+
Note: In order to hide this table in the UI and the text report file, please set the "Show Parameter Settings in Synthesis Report" option in "Analysis and Synthesis Settings -> More Settings" to "Off".


+------------------------------------------------------------------------------------------------------------------------------------------------------------------------------------+
; Parameter Settings for User Entity Instance: snake_wrapper:u_game|snake_top:u_snake_top|snake_top_snake_top_Pipeline_VITIS_LOOP_27_1:grp_snake_top_Pipeline_VITIS_LOOP_27_1_fu_512 ;
+----------------------+-------+-----------------------------------------------------------------------------------------------------------------------------------------------------+
; Parameter Name       ; Value ; Type                                                                                                                                                ;
+----------------------+-------+-----------------------------------------------------------------------------------------------------------------------------------------------------+
; ap_ST_fsm_pp0_stage0 ; 1     ; Unsigned Binary                                                                                                                                     ;
+----------------------+-------+-----------------------------------------------------------------------------------------------------------------------------------------------------+
Note: In order to hide this table in the UI and the text report file, please set the "Show Parameter Settings in Synthesis Report" option in "Analysis and Synthesis Settings -> More Settings" to "Off".


+--------------------------------------------------------------------------------------------------------------------------------------------------------------------------------------+
; Parameter Settings for User Entity Instance: snake_wrapper:u_game|snake_top:u_snake_top|snake_top_snake_top_Pipeline_VITIS_LOOP_214_5:grp_snake_top_Pipeline_VITIS_LOOP_214_5_fu_521 ;
+----------------------+-------+-------------------------------------------------------------------------------------------------------------------------------------------------------+
; Parameter Name       ; Value ; Type                                                                                                                                                  ;
+----------------------+-------+-------------------------------------------------------------------------------------------------------------------------------------------------------+
; ap_ST_fsm_pp0_stage0 ; 1     ; Unsigned Binary                                                                                                                                       ;
+----------------------+-------+-------------------------------------------------------------------------------------------------------------------------------------------------------+
Note: In order to hide this table in the UI and the text report file, please set the "Show Parameter Settings in Synthesis Report" option in "Analysis and Synthesis Settings -> More Settings" to "Off".


+--------------------------------------------------------------------------------------------------------------------------------------------------------------------------------------+
; Parameter Settings for User Entity Instance: snake_wrapper:u_game|snake_top:u_snake_top|snake_top_snake_top_Pipeline_VITIS_LOOP_27_11:grp_snake_top_Pipeline_VITIS_LOOP_27_11_fu_531 ;
+----------------------+-------+-------------------------------------------------------------------------------------------------------------------------------------------------------+
; Parameter Name       ; Value ; Type                                                                                                                                                  ;
+----------------------+-------+-------------------------------------------------------------------------------------------------------------------------------------------------------+
; ap_ST_fsm_pp0_stage0 ; 1     ; Unsigned Binary                                                                                                                                       ;
+----------------------+-------+-------------------------------------------------------------------------------------------------------------------------------------------------------+
Note: In order to hide this table in the UI and the text report file, please set the "Show Parameter Settings in Synthesis Report" option in "Analysis and Synthesis Settings -> More Settings" to "Off".


+--------------------------------------------------------------------------------------------------------------------------------------------------------------------+
; Parameter Settings for Inferred Entity Instance: snake_wrapper:u_game|snake_top:u_snake_top|snake_top_st_body_row_RAM_AUTO_1R1W:st_body_row_U|altsyncram:ram_rtl_0 ;
+------------------------------------+-----------------------------------------------------------------------------+-------------------------------------------------+
; Parameter Name                     ; Value                                                                       ; Type                                            ;
+------------------------------------+-----------------------------------------------------------------------------+-------------------------------------------------+
; BYTE_SIZE_BLOCK                    ; 8                                                                           ; Untyped                                         ;
; AUTO_CARRY_CHAINS                  ; ON                                                                          ; AUTO_CARRY                                      ;
; IGNORE_CARRY_BUFFERS               ; OFF                                                                         ; IGNORE_CARRY                                    ;
; AUTO_CASCADE_CHAINS                ; ON                                                                          ; AUTO_CASCADE                                    ;
; IGNORE_CASCADE_BUFFERS             ; OFF                                                                         ; IGNORE_CASCADE                                  ;
; WIDTH_BYTEENA                      ; 1                                                                           ; Untyped                                         ;
; OPERATION_MODE                     ; DUAL_PORT                                                                   ; Untyped                                         ;
; WIDTH_A                            ; 4                                                                           ; Untyped                                         ;
; WIDTHAD_A                          ; 9                                                                           ; Untyped                                         ;
; NUMWORDS_A                         ; 300                                                                         ; Untyped                                         ;
; OUTDATA_REG_A                      ; UNREGISTERED                                                                ; Untyped                                         ;
; ADDRESS_ACLR_A                     ; NONE                                                                        ; Untyped                                         ;
; OUTDATA_ACLR_A                     ; NONE                                                                        ; Untyped                                         ;
; WRCONTROL_ACLR_A                   ; NONE                                                                        ; Untyped                                         ;
; INDATA_ACLR_A                      ; NONE                                                                        ; Untyped                                         ;
; BYTEENA_ACLR_A                     ; NONE                                                                        ; Untyped                                         ;
; WIDTH_B                            ; 4                                                                           ; Untyped                                         ;
; WIDTHAD_B                          ; 9                                                                           ; Untyped                                         ;
; NUMWORDS_B                         ; 300                                                                         ; Untyped                                         ;
; INDATA_REG_B                       ; CLOCK1                                                                      ; Untyped                                         ;
; WRCONTROL_WRADDRESS_REG_B          ; CLOCK1                                                                      ; Untyped                                         ;
; RDCONTROL_REG_B                    ; CLOCK0                                                                      ; Untyped                                         ;
; ADDRESS_REG_B                      ; CLOCK0                                                                      ; Untyped                                         ;
; OUTDATA_REG_B                      ; UNREGISTERED                                                                ; Untyped                                         ;
; BYTEENA_REG_B                      ; CLOCK1                                                                      ; Untyped                                         ;
; INDATA_ACLR_B                      ; NONE                                                                        ; Untyped                                         ;
; WRCONTROL_ACLR_B                   ; NONE                                                                        ; Untyped                                         ;
; ADDRESS_ACLR_B                     ; NONE                                                                        ; Untyped                                         ;
; OUTDATA_ACLR_B                     ; NONE                                                                        ; Untyped                                         ;
; RDCONTROL_ACLR_B                   ; NONE                                                                        ; Untyped                                         ;
; BYTEENA_ACLR_B                     ; NONE                                                                        ; Untyped                                         ;
; WIDTH_BYTEENA_A                    ; 1                                                                           ; Untyped                                         ;
; WIDTH_BYTEENA_B                    ; 1                                                                           ; Untyped                                         ;
; RAM_BLOCK_TYPE                     ; AUTO                                                                        ; Untyped                                         ;
; BYTE_SIZE                          ; 8                                                                           ; Untyped                                         ;
; READ_DURING_WRITE_MODE_MIXED_PORTS ; OLD_DATA                                                                    ; Untyped                                         ;
; READ_DURING_WRITE_MODE_PORT_A      ; NEW_DATA_NO_NBE_READ                                                        ; Untyped                                         ;
; READ_DURING_WRITE_MODE_PORT_B      ; NEW_DATA_NO_NBE_READ                                                        ; Untyped                                         ;
; INIT_FILE                          ; db/DE1_SoC_CAMERA.ram0_snake_top_st_body_row_RAM_AUTO_1R1W_15988510.hdl.mif ; Untyped                                         ;
; INIT_FILE_LAYOUT                   ; PORT_A                                                                      ; Untyped                                         ;
; MAXIMUM_DEPTH                      ; 0                                                                           ; Untyped                                         ;
; CLOCK_ENABLE_INPUT_A               ; NORMAL                                                                      ; Untyped                                         ;
; CLOCK_ENABLE_INPUT_B               ; NORMAL                                                                      ; Untyped                                         ;
; CLOCK_ENABLE_OUTPUT_A              ; NORMAL                                                                      ; Untyped                                         ;
; CLOCK_ENABLE_OUTPUT_B              ; NORMAL                                                                      ; Untyped                                         ;
; CLOCK_ENABLE_CORE_A                ; USE_INPUT_CLKEN                                                             ; Untyped                                         ;
; CLOCK_ENABLE_CORE_B                ; USE_INPUT_CLKEN                                                             ; Untyped                                         ;
; ENABLE_ECC                         ; FALSE                                                                       ; Untyped                                         ;
; ECC_PIPELINE_STAGE_ENABLED         ; FALSE                                                                       ; Untyped                                         ;
; WIDTH_ECCSTATUS                    ; 3                                                                           ; Untyped                                         ;
; DEVICE_FAMILY                      ; Cyclone V                                                                   ; Untyped                                         ;
; CBXI_PARAMETER                     ; altsyncram_bt12                                                             ; Untyped                                         ;
+------------------------------------+-----------------------------------------------------------------------------+-------------------------------------------------+
Note: In order to hide this table in the UI and the text report file, please set the "Show Parameter Settings in Synthesis Report" option in "Analysis and Synthesis Settings -> More Settings" to "Off".


+--------------------------------------------------------------------------------------------------------------------------------------------------------------------+
; Parameter Settings for Inferred Entity Instance: snake_wrapper:u_game|snake_top:u_snake_top|snake_top_st_body_row_RAM_AUTO_1R1W:st_body_row_U|altsyncram:ram_rtl_1 ;
+------------------------------------+-----------------------------------------------------------------------------+-------------------------------------------------+
; Parameter Name                     ; Value                                                                       ; Type                                            ;
+------------------------------------+-----------------------------------------------------------------------------+-------------------------------------------------+
; BYTE_SIZE_BLOCK                    ; 8                                                                           ; Untyped                                         ;
; AUTO_CARRY_CHAINS                  ; ON                                                                          ; AUTO_CARRY                                      ;
; IGNORE_CARRY_BUFFERS               ; OFF                                                                         ; IGNORE_CARRY                                    ;
; AUTO_CASCADE_CHAINS                ; ON                                                                          ; AUTO_CASCADE                                    ;
; IGNORE_CASCADE_BUFFERS             ; OFF                                                                         ; IGNORE_CASCADE                                  ;
; WIDTH_BYTEENA                      ; 1                                                                           ; Untyped                                         ;
; OPERATION_MODE                     ; DUAL_PORT                                                                   ; Untyped                                         ;
; WIDTH_A                            ; 4                                                                           ; Untyped                                         ;
; WIDTHAD_A                          ; 9                                                                           ; Untyped                                         ;
; NUMWORDS_A                         ; 300                                                                         ; Untyped                                         ;
; OUTDATA_REG_A                      ; UNREGISTERED                                                                ; Untyped                                         ;
; ADDRESS_ACLR_A                     ; NONE                                                                        ; Untyped                                         ;
; OUTDATA_ACLR_A                     ; NONE                                                                        ; Untyped                                         ;
; WRCONTROL_ACLR_A                   ; NONE                                                                        ; Untyped                                         ;
; INDATA_ACLR_A                      ; NONE                                                                        ; Untyped                                         ;
; BYTEENA_ACLR_A                     ; NONE                                                                        ; Untyped                                         ;
; WIDTH_B                            ; 4                                                                           ; Untyped                                         ;
; WIDTHAD_B                          ; 9                                                                           ; Untyped                                         ;
; NUMWORDS_B                         ; 300                                                                         ; Untyped                                         ;
; INDATA_REG_B                       ; CLOCK1                                                                      ; Untyped                                         ;
; WRCONTROL_WRADDRESS_REG_B          ; CLOCK1                                                                      ; Untyped                                         ;
; RDCONTROL_REG_B                    ; CLOCK0                                                                      ; Untyped                                         ;
; ADDRESS_REG_B                      ; CLOCK0                                                                      ; Untyped                                         ;
; OUTDATA_REG_B                      ; UNREGISTERED                                                                ; Untyped                                         ;
; BYTEENA_REG_B                      ; CLOCK1                                                                      ; Untyped                                         ;
; INDATA_ACLR_B                      ; NONE                                                                        ; Untyped                                         ;
; WRCONTROL_ACLR_B                   ; NONE                                                                        ; Untyped                                         ;
; ADDRESS_ACLR_B                     ; NONE                                                                        ; Untyped                                         ;
; OUTDATA_ACLR_B                     ; NONE                                                                        ; Untyped                                         ;
; RDCONTROL_ACLR_B                   ; NONE                                                                        ; Untyped                                         ;
; BYTEENA_ACLR_B                     ; NONE                                                                        ; Untyped                                         ;
; WIDTH_BYTEENA_A                    ; 1                                                                           ; Untyped                                         ;
; WIDTH_BYTEENA_B                    ; 1                                                                           ; Untyped                                         ;
; RAM_BLOCK_TYPE                     ; AUTO                                                                        ; Untyped                                         ;
; BYTE_SIZE                          ; 8                                                                           ; Untyped                                         ;
; READ_DURING_WRITE_MODE_MIXED_PORTS ; OLD_DATA                                                                    ; Untyped                                         ;
; READ_DURING_WRITE_MODE_PORT_A      ; NEW_DATA_NO_NBE_READ                                                        ; Untyped                                         ;
; READ_DURING_WRITE_MODE_PORT_B      ; NEW_DATA_NO_NBE_READ                                                        ; Untyped                                         ;
; INIT_FILE                          ; db/DE1_SoC_CAMERA.ram0_snake_top_st_body_row_RAM_AUTO_1R1W_15988510.hdl.mif ; Untyped                                         ;
; INIT_FILE_LAYOUT                   ; PORT_A                                                                      ; Untyped                                         ;
; MAXIMUM_DEPTH                      ; 0                                                                           ; Untyped                                         ;
; CLOCK_ENABLE_INPUT_A               ; NORMAL                                                                      ; Untyped                                         ;
; CLOCK_ENABLE_INPUT_B               ; NORMAL                                                                      ; Untyped                                         ;
; CLOCK_ENABLE_OUTPUT_A              ; NORMAL                                                                      ; Untyped                                         ;
; CLOCK_ENABLE_OUTPUT_B              ; NORMAL                                                                      ; Untyped                                         ;
; CLOCK_ENABLE_CORE_A                ; USE_INPUT_CLKEN                                                             ; Untyped                                         ;
; CLOCK_ENABLE_CORE_B                ; USE_INPUT_CLKEN                                                             ; Untyped                                         ;
; ENABLE_ECC                         ; FALSE                                                                       ; Untyped                                         ;
; ECC_PIPELINE_STAGE_ENABLED         ; FALSE                                                                       ; Untyped                                         ;
; WIDTH_ECCSTATUS                    ; 3                                                                           ; Untyped                                         ;
; DEVICE_FAMILY                      ; Cyclone V                                                                   ; Untyped                                         ;
; CBXI_PARAMETER                     ; altsyncram_bt12                                                             ; Untyped                                         ;
+------------------------------------+-----------------------------------------------------------------------------+-------------------------------------------------+
Note: In order to hide this table in the UI and the text report file, please set the "Show Parameter Settings in Synthesis Report" option in "Analysis and Synthesis Settings -> More Settings" to "Off".


+--------------------------------------------------------------------------------------------------------------------------------------------------------------------+
; Parameter Settings for Inferred Entity Instance: snake_wrapper:u_game|snake_top:u_snake_top|snake_top_st_body_col_RAM_AUTO_1R1W:st_body_col_U|altsyncram:ram_rtl_0 ;
+------------------------------------+-----------------------------------------------------------------------------+-------------------------------------------------+
; Parameter Name                     ; Value                                                                       ; Type                                            ;
+------------------------------------+-----------------------------------------------------------------------------+-------------------------------------------------+
; BYTE_SIZE_BLOCK                    ; 8                                                                           ; Untyped                                         ;
; AUTO_CARRY_CHAINS                  ; ON                                                                          ; AUTO_CARRY                                      ;
; IGNORE_CARRY_BUFFERS               ; OFF                                                                         ; IGNORE_CARRY                                    ;
; AUTO_CASCADE_CHAINS                ; ON                                                                          ; AUTO_CASCADE                                    ;
; IGNORE_CASCADE_BUFFERS             ; OFF                                                                         ; IGNORE_CASCADE                                  ;
; WIDTH_BYTEENA                      ; 1                                                                           ; Untyped                                         ;
; OPERATION_MODE                     ; DUAL_PORT                                                                   ; Untyped                                         ;
; WIDTH_A                            ; 5                                                                           ; Untyped                                         ;
; WIDTHAD_A                          ; 9                                                                           ; Untyped                                         ;
; NUMWORDS_A                         ; 300                                                                         ; Untyped                                         ;
; OUTDATA_REG_A                      ; UNREGISTERED                                                                ; Untyped                                         ;
; ADDRESS_ACLR_A                     ; NONE                                                                        ; Untyped                                         ;
; OUTDATA_ACLR_A                     ; NONE                                                                        ; Untyped                                         ;
; WRCONTROL_ACLR_A                   ; NONE                                                                        ; Untyped                                         ;
; INDATA_ACLR_A                      ; NONE                                                                        ; Untyped                                         ;
; BYTEENA_ACLR_A                     ; NONE                                                                        ; Untyped                                         ;
; WIDTH_B                            ; 5                                                                           ; Untyped                                         ;
; WIDTHAD_B                          ; 9                                                                           ; Untyped                                         ;
; NUMWORDS_B                         ; 300                                                                         ; Untyped                                         ;
; INDATA_REG_B                       ; CLOCK1                                                                      ; Untyped                                         ;
; WRCONTROL_WRADDRESS_REG_B          ; CLOCK1                                                                      ; Untyped                                         ;
; RDCONTROL_REG_B                    ; CLOCK0                                                                      ; Untyped                                         ;
; ADDRESS_REG_B                      ; CLOCK0                                                                      ; Untyped                                         ;
; OUTDATA_REG_B                      ; UNREGISTERED                                                                ; Untyped                                         ;
; BYTEENA_REG_B                      ; CLOCK1                                                                      ; Untyped                                         ;
; INDATA_ACLR_B                      ; NONE                                                                        ; Untyped                                         ;
; WRCONTROL_ACLR_B                   ; NONE                                                                        ; Untyped                                         ;
; ADDRESS_ACLR_B                     ; NONE                                                                        ; Untyped                                         ;
; OUTDATA_ACLR_B                     ; NONE                                                                        ; Untyped                                         ;
; RDCONTROL_ACLR_B                   ; NONE                                                                        ; Untyped                                         ;
; BYTEENA_ACLR_B                     ; NONE                                                                        ; Untyped                                         ;
; WIDTH_BYTEENA_A                    ; 1                                                                           ; Untyped                                         ;
; WIDTH_BYTEENA_B                    ; 1                                                                           ; Untyped                                         ;
; RAM_BLOCK_TYPE                     ; AUTO                                                                        ; Untyped                                         ;
; BYTE_SIZE                          ; 8                                                                           ; Untyped                                         ;
; READ_DURING_WRITE_MODE_MIXED_PORTS ; OLD_DATA                                                                    ; Untyped                                         ;
; READ_DURING_WRITE_MODE_PORT_A      ; NEW_DATA_NO_NBE_READ                                                        ; Untyped                                         ;
; READ_DURING_WRITE_MODE_PORT_B      ; NEW_DATA_NO_NBE_READ                                                        ; Untyped                                         ;
; INIT_FILE                          ; db/DE1_SoC_CAMERA.ram0_snake_top_st_body_col_RAM_AUTO_1R1W_792d7aad.hdl.mif ; Untyped                                         ;
; INIT_FILE_LAYOUT                   ; PORT_A                                                                      ; Untyped                                         ;
; MAXIMUM_DEPTH                      ; 0                                                                           ; Untyped                                         ;
; CLOCK_ENABLE_INPUT_A               ; NORMAL                                                                      ; Untyped                                         ;
; CLOCK_ENABLE_INPUT_B               ; NORMAL                                                                      ; Untyped                                         ;
; CLOCK_ENABLE_OUTPUT_A              ; NORMAL                                                                      ; Untyped                                         ;
; CLOCK_ENABLE_OUTPUT_B              ; NORMAL                                                                      ; Untyped                                         ;
; CLOCK_ENABLE_CORE_A                ; USE_INPUT_CLKEN                                                             ; Untyped                                         ;
; CLOCK_ENABLE_CORE_B                ; USE_INPUT_CLKEN                                                             ; Untyped                                         ;
; ENABLE_ECC                         ; FALSE                                                                       ; Untyped                                         ;
; ECC_PIPELINE_STAGE_ENABLED         ; FALSE                                                                       ; Untyped                                         ;
; WIDTH_ECCSTATUS                    ; 3                                                                           ; Untyped                                         ;
; DEVICE_FAMILY                      ; Cyclone V                                                                   ; Untyped                                         ;
; CBXI_PARAMETER                     ; altsyncram_h222                                                             ; Untyped                                         ;
+------------------------------------+-----------------------------------------------------------------------------+-------------------------------------------------+
Note: In order to hide this table in the UI and the text report file, please set the "Show Parameter Settings in Synthesis Report" option in "Analysis and Synthesis Settings -> More Settings" to "Off".


+--------------------------------------------------------------------------------------------------------------------------------------------------------------------+
; Parameter Settings for Inferred Entity Instance: snake_wrapper:u_game|snake_top:u_snake_top|snake_top_st_body_col_RAM_AUTO_1R1W:st_body_col_U|altsyncram:ram_rtl_1 ;
+------------------------------------+-----------------------------------------------------------------------------+-------------------------------------------------+
; Parameter Name                     ; Value                                                                       ; Type                                            ;
+------------------------------------+-----------------------------------------------------------------------------+-------------------------------------------------+
; BYTE_SIZE_BLOCK                    ; 8                                                                           ; Untyped                                         ;
; AUTO_CARRY_CHAINS                  ; ON                                                                          ; AUTO_CARRY                                      ;
; IGNORE_CARRY_BUFFERS               ; OFF                                                                         ; IGNORE_CARRY                                    ;
; AUTO_CASCADE_CHAINS                ; ON                                                                          ; AUTO_CASCADE                                    ;
; IGNORE_CASCADE_BUFFERS             ; OFF                                                                         ; IGNORE_CASCADE                                  ;
; WIDTH_BYTEENA                      ; 1                                                                           ; Untyped                                         ;
; OPERATION_MODE                     ; DUAL_PORT                                                                   ; Untyped                                         ;
; WIDTH_A                            ; 5                                                                           ; Untyped                                         ;
; WIDTHAD_A                          ; 9                                                                           ; Untyped                                         ;
; NUMWORDS_A                         ; 300                                                                         ; Untyped                                         ;
; OUTDATA_REG_A                      ; UNREGISTERED                                                                ; Untyped                                         ;
; ADDRESS_ACLR_A                     ; NONE                                                                        ; Untyped                                         ;
; OUTDATA_ACLR_A                     ; NONE                                                                        ; Untyped                                         ;
; WRCONTROL_ACLR_A                   ; NONE                                                                        ; Untyped                                         ;
; INDATA_ACLR_A                      ; NONE                                                                        ; Untyped                                         ;
; BYTEENA_ACLR_A                     ; NONE                                                                        ; Untyped                                         ;
; WIDTH_B                            ; 5                                                                           ; Untyped                                         ;
; WIDTHAD_B                          ; 9                                                                           ; Untyped                                         ;
; NUMWORDS_B                         ; 300                                                                         ; Untyped                                         ;
; INDATA_REG_B                       ; CLOCK1                                                                      ; Untyped                                         ;
; WRCONTROL_WRADDRESS_REG_B          ; CLOCK1                                                                      ; Untyped                                         ;
; RDCONTROL_REG_B                    ; CLOCK0                                                                      ; Untyped                                         ;
; ADDRESS_REG_B                      ; CLOCK0                                                                      ; Untyped                                         ;
; OUTDATA_REG_B                      ; UNREGISTERED                                                                ; Untyped                                         ;
; BYTEENA_REG_B                      ; CLOCK1                                                                      ; Untyped                                         ;
; INDATA_ACLR_B                      ; NONE                                                                        ; Untyped                                         ;
; WRCONTROL_ACLR_B                   ; NONE                                                                        ; Untyped                                         ;
; ADDRESS_ACLR_B                     ; NONE                                                                        ; Untyped                                         ;
; OUTDATA_ACLR_B                     ; NONE                                                                        ; Untyped                                         ;
; RDCONTROL_ACLR_B                   ; NONE                                                                        ; Untyped                                         ;
; BYTEENA_ACLR_B                     ; NONE                                                                        ; Untyped                                         ;
; WIDTH_BYTEENA_A                    ; 1                                                                           ; Untyped                                         ;
; WIDTH_BYTEENA_B                    ; 1                                                                           ; Untyped                                         ;
; RAM_BLOCK_TYPE                     ; AUTO                                                                        ; Untyped                                         ;
; BYTE_SIZE                          ; 8                                                                           ; Untyped                                         ;
; READ_DURING_WRITE_MODE_MIXED_PORTS ; OLD_DATA                                                                    ; Untyped                                         ;
; READ_DURING_WRITE_MODE_PORT_A      ; NEW_DATA_NO_NBE_READ                                                        ; Untyped                                         ;
; READ_DURING_WRITE_MODE_PORT_B      ; NEW_DATA_NO_NBE_READ                                                        ; Untyped                                         ;
; INIT_FILE                          ; db/DE1_SoC_CAMERA.ram0_snake_top_st_body_col_RAM_AUTO_1R1W_792d7aad.hdl.mif ; Untyped                                         ;
; INIT_FILE_LAYOUT                   ; PORT_A                                                                      ; Untyped                                         ;
; MAXIMUM_DEPTH                      ; 0                                                                           ; Untyped                                         ;
; CLOCK_ENABLE_INPUT_A               ; NORMAL                                                                      ; Untyped                                         ;
; CLOCK_ENABLE_INPUT_B               ; NORMAL                                                                      ; Untyped                                         ;
; CLOCK_ENABLE_OUTPUT_A              ; NORMAL                                                                      ; Untyped                                         ;
; CLOCK_ENABLE_OUTPUT_B              ; NORMAL                                                                      ; Untyped                                         ;
; CLOCK_ENABLE_CORE_A                ; USE_INPUT_CLKEN                                                             ; Untyped                                         ;
; CLOCK_ENABLE_CORE_B                ; USE_INPUT_CLKEN                                                             ; Untyped                                         ;
; ENABLE_ECC                         ; FALSE                                                                       ; Untyped                                         ;
; ECC_PIPELINE_STAGE_ENABLED         ; FALSE                                                                       ; Untyped                                         ;
; WIDTH_ECCSTATUS                    ; 3                                                                           ; Untyped                                         ;
; DEVICE_FAMILY                      ; Cyclone V                                                                   ; Untyped                                         ;
; CBXI_PARAMETER                     ; altsyncram_h222                                                             ; Untyped                                         ;
+------------------------------------+-----------------------------------------------------------------------------+-------------------------------------------------+
Note: In order to hide this table in the UI and the text report file, please set the "Show Parameter Settings in Synthesis Report" option in "Analysis and Synthesis Settings -> More Settings" to "Off".


+------------------------------------------------------------------------------------------------------------------------------------------------------+
; Parameter Settings for Inferred Entity Instance: snake_wrapper:u_game|snake_top:u_snake_top|snake_top_grid_RAM_AUTO_1R1W:grid_U|altsyncram:ram_rtl_0 ;
+------------------------------------+----------------------------------------------------------------------+------------------------------------------+
; Parameter Name                     ; Value                                                                ; Type                                     ;
+------------------------------------+----------------------------------------------------------------------+------------------------------------------+
; BYTE_SIZE_BLOCK                    ; 8                                                                    ; Untyped                                  ;
; AUTO_CARRY_CHAINS                  ; ON                                                                   ; AUTO_CARRY                               ;
; IGNORE_CARRY_BUFFERS               ; OFF                                                                  ; IGNORE_CARRY                             ;
; AUTO_CASCADE_CHAINS                ; ON                                                                   ; AUTO_CASCADE                             ;
; IGNORE_CASCADE_BUFFERS             ; OFF                                                                  ; IGNORE_CASCADE                           ;
; WIDTH_BYTEENA                      ; 1                                                                    ; Untyped                                  ;
; OPERATION_MODE                     ; DUAL_PORT                                                            ; Untyped                                  ;
; WIDTH_A                            ; 1                                                                    ; Untyped                                  ;
; WIDTHAD_A                          ; 9                                                                    ; Untyped                                  ;
; NUMWORDS_A                         ; 300                                                                  ; Untyped                                  ;
; OUTDATA_REG_A                      ; UNREGISTERED                                                         ; Untyped                                  ;
; ADDRESS_ACLR_A                     ; NONE                                                                 ; Untyped                                  ;
; OUTDATA_ACLR_A                     ; NONE                                                                 ; Untyped                                  ;
; WRCONTROL_ACLR_A                   ; NONE                                                                 ; Untyped                                  ;
; INDATA_ACLR_A                      ; NONE                                                                 ; Untyped                                  ;
; BYTEENA_ACLR_A                     ; NONE                                                                 ; Untyped                                  ;
; WIDTH_B                            ; 1                                                                    ; Untyped                                  ;
; WIDTHAD_B                          ; 9                                                                    ; Untyped                                  ;
; NUMWORDS_B                         ; 300                                                                  ; Untyped                                  ;
; INDATA_REG_B                       ; CLOCK1                                                               ; Untyped                                  ;
; WRCONTROL_WRADDRESS_REG_B          ; CLOCK1                                                               ; Untyped                                  ;
; RDCONTROL_REG_B                    ; CLOCK0                                                               ; Untyped                                  ;
; ADDRESS_REG_B                      ; CLOCK0                                                               ; Untyped                                  ;
; OUTDATA_REG_B                      ; UNREGISTERED                                                         ; Untyped                                  ;
; BYTEENA_REG_B                      ; CLOCK1                                                               ; Untyped                                  ;
; INDATA_ACLR_B                      ; NONE                                                                 ; Untyped                                  ;
; WRCONTROL_ACLR_B                   ; NONE                                                                 ; Untyped                                  ;
; ADDRESS_ACLR_B                     ; NONE                                                                 ; Untyped                                  ;
; OUTDATA_ACLR_B                     ; NONE                                                                 ; Untyped                                  ;
; RDCONTROL_ACLR_B                   ; NONE                                                                 ; Untyped                                  ;
; BYTEENA_ACLR_B                     ; NONE                                                                 ; Untyped                                  ;
; WIDTH_BYTEENA_A                    ; 1                                                                    ; Untyped                                  ;
; WIDTH_BYTEENA_B                    ; 1                                                                    ; Untyped                                  ;
; RAM_BLOCK_TYPE                     ; AUTO                                                                 ; Untyped                                  ;
; BYTE_SIZE                          ; 8                                                                    ; Untyped                                  ;
; READ_DURING_WRITE_MODE_MIXED_PORTS ; OLD_DATA                                                             ; Untyped                                  ;
; READ_DURING_WRITE_MODE_PORT_A      ; NEW_DATA_NO_NBE_READ                                                 ; Untyped                                  ;
; READ_DURING_WRITE_MODE_PORT_B      ; NEW_DATA_NO_NBE_READ                                                 ; Untyped                                  ;
; INIT_FILE                          ; db/DE1_SoC_CAMERA.ram0_snake_top_grid_RAM_AUTO_1R1W_caeba5bd.hdl.mif ; Untyped                                  ;
; INIT_FILE_LAYOUT                   ; PORT_A                                                               ; Untyped                                  ;
; MAXIMUM_DEPTH                      ; 0                                                                    ; Untyped                                  ;
; CLOCK_ENABLE_INPUT_A               ; NORMAL                                                               ; Untyped                                  ;
; CLOCK_ENABLE_INPUT_B               ; NORMAL                                                               ; Untyped                                  ;
; CLOCK_ENABLE_OUTPUT_A              ; NORMAL                                                               ; Untyped                                  ;
; CLOCK_ENABLE_OUTPUT_B              ; NORMAL                                                               ; Untyped                                  ;
; CLOCK_ENABLE_CORE_A                ; USE_INPUT_CLKEN                                                      ; Untyped                                  ;
; CLOCK_ENABLE_CORE_B                ; USE_INPUT_CLKEN                                                      ; Untyped                                  ;
; ENABLE_ECC                         ; FALSE                                                                ; Untyped                                  ;
; ECC_PIPELINE_STAGE_ENABLED         ; FALSE                                                                ; Untyped                                  ;
; WIDTH_ECCSTATUS                    ; 3                                                                    ; Untyped                                  ;
; DEVICE_FAMILY                      ; Cyclone V                                                            ; Untyped                                  ;
; CBXI_PARAMETER                     ; altsyncram_2f12                                                      ; Untyped                                  ;
+------------------------------------+----------------------------------------------------------------------+------------------------------------------+
Note: In order to hide this table in the UI and the text report file, please set the "Show Parameter Settings in Synthesis Report" option in "Analysis and Synthesis Settings -> More Settings" to "Off".


+----------------------------------------------------------------------------------------+
; Parameter Settings for Inferred Entity Instance: color_detect:u_detect|lpm_divide:Div0 ;
+------------------------+----------------+----------------------------------------------+
; Parameter Name         ; Value          ; Type                                         ;
+------------------------+----------------+----------------------------------------------+
; LPM_WIDTHN             ; 16             ; Untyped                                      ;
; LPM_WIDTHD             ; 8              ; Untyped                                      ;
; LPM_NREPRESENTATION    ; UNSIGNED       ; Untyped                                      ;
; LPM_DREPRESENTATION    ; UNSIGNED       ; Untyped                                      ;
; LPM_PIPELINE           ; 0              ; Untyped                                      ;
; LPM_REMAINDERPOSITIVE  ; TRUE           ; Untyped                                      ;
; MAXIMIZE_SPEED         ; 5              ; Untyped                                      ;
; CBXI_PARAMETER         ; lpm_divide_obm ; Untyped                                      ;
; CARRY_CHAIN            ; MANUAL         ; Untyped                                      ;
; OPTIMIZE_FOR_SPEED     ; 5              ; Untyped                                      ;
; AUTO_CARRY_CHAINS      ; ON             ; AUTO_CARRY                                   ;
; IGNORE_CARRY_BUFFERS   ; OFF            ; IGNORE_CARRY                                 ;
; AUTO_CASCADE_CHAINS    ; ON             ; AUTO_CASCADE                                 ;
; IGNORE_CASCADE_BUFFERS ; OFF            ; IGNORE_CASCADE                               ;
+------------------------+----------------+----------------------------------------------+
Note: In order to hide this table in the UI and the text report file, please set the "Show Parameter Settings in Synthesis Report" option in "Analysis and Synthesis Settings -> More Settings" to "Off".


+----------------------------------------------------------------------------------------+
; Parameter Settings for Inferred Entity Instance: color_detect:u_detect|lpm_divide:Div1 ;
+------------------------+----------------+----------------------------------------------+
; Parameter Name         ; Value          ; Type                                         ;
+------------------------+----------------+----------------------------------------------+
; LPM_WIDTHN             ; 16             ; Untyped                                      ;
; LPM_WIDTHD             ; 8              ; Untyped                                      ;
; LPM_NREPRESENTATION    ; UNSIGNED       ; Untyped                                      ;
; LPM_DREPRESENTATION    ; UNSIGNED       ; Untyped                                      ;
; LPM_PIPELINE           ; 0              ; Untyped                                      ;
; LPM_REMAINDERPOSITIVE  ; TRUE           ; Untyped                                      ;
; MAXIMIZE_SPEED         ; 5              ; Untyped                                      ;
; CBXI_PARAMETER         ; lpm_divide_obm ; Untyped                                      ;
; CARRY_CHAIN            ; MANUAL         ; Untyped                                      ;
; OPTIMIZE_FOR_SPEED     ; 5              ; Untyped                                      ;
; AUTO_CARRY_CHAINS      ; ON             ; AUTO_CARRY                                   ;
; IGNORE_CARRY_BUFFERS   ; OFF            ; IGNORE_CARRY                                 ;
; AUTO_CASCADE_CHAINS    ; ON             ; AUTO_CASCADE                                 ;
; IGNORE_CASCADE_BUFFERS ; OFF            ; IGNORE_CASCADE                               ;
+------------------------+----------------+----------------------------------------------+
Note: In order to hide this table in the UI and the text report file, please set the "Show Parameter Settings in Synthesis Report" option in "Analysis and Synthesis Settings -> More Settings" to "Off".


+-----------------------------------------------------------------------------------------------+
; altshift_taps Parameter Settings by Entity Instance                                           ;
+----------------------------+------------------------------------------------------------------+
; Name                       ; Value                                                            ;
+----------------------------+------------------------------------------------------------------+
; Number of entity instances ; 1                                                                ;
; Entity Instance            ; RAW2RGB:u4|Line_Buffer1:u0|altshift_taps:ALTSHIFT_TAPS_component ;
;     -- NUMBER_OF_TAPS      ; 2                                                                ;
;     -- TAP_DISTANCE        ; 1280                                                             ;
;     -- WIDTH               ; 12                                                               ;
+----------------------------+------------------------------------------------------------------+


+---------------------------------------------------------------------------------------------------------------------------------------------------------------+
; altsyncram Parameter Settings by Entity Instance                                                                                                              ;
+-------------------------------------------+-------------------------------------------------------------------------------------------------------------------+
; Name                                      ; Value                                                                                                             ;
+-------------------------------------------+-------------------------------------------------------------------------------------------------------------------+
; Number of entity instances                ; 5                                                                                                                 ;
; Entity Instance                           ; snake_wrapper:u_game|snake_top:u_snake_top|snake_top_st_body_row_RAM_AUTO_1R1W:st_body_row_U|altsyncram:ram_rtl_0 ;
;     -- OPERATION_MODE                     ; DUAL_PORT                                                                                                         ;
;     -- WIDTH_A                            ; 4                                                                                                                 ;
;     -- NUMWORDS_A                         ; 300                                                                                                               ;
;     -- OUTDATA_REG_A                      ; UNREGISTERED                                                                                                      ;
;     -- WIDTH_B                            ; 4                                                                                                                 ;
;     -- NUMWORDS_B                         ; 300                                                                                                               ;
;     -- ADDRESS_REG_B                      ; CLOCK0                                                                                                            ;
;     -- OUTDATA_REG_B                      ; UNREGISTERED                                                                                                      ;
;     -- RAM_BLOCK_TYPE                     ; AUTO                                                                                                              ;
;     -- READ_DURING_WRITE_MODE_MIXED_PORTS ; OLD_DATA                                                                                                          ;
; Entity Instance                           ; snake_wrapper:u_game|snake_top:u_snake_top|snake_top_st_body_row_RAM_AUTO_1R1W:st_body_row_U|altsyncram:ram_rtl_1 ;
;     -- OPERATION_MODE                     ; DUAL_PORT                                                                                                         ;
;     -- WIDTH_A                            ; 4                                                                                                                 ;
;     -- NUMWORDS_A                         ; 300                                                                                                               ;
;     -- OUTDATA_REG_A                      ; UNREGISTERED                                                                                                      ;
;     -- WIDTH_B                            ; 4                                                                                                                 ;
;     -- NUMWORDS_B                         ; 300                                                                                                               ;
;     -- ADDRESS_REG_B                      ; CLOCK0                                                                                                            ;
;     -- OUTDATA_REG_B                      ; UNREGISTERED                                                                                                      ;
;     -- RAM_BLOCK_TYPE                     ; AUTO                                                                                                              ;
;     -- READ_DURING_WRITE_MODE_MIXED_PORTS ; OLD_DATA                                                                                                          ;
; Entity Instance                           ; snake_wrapper:u_game|snake_top:u_snake_top|snake_top_st_body_col_RAM_AUTO_1R1W:st_body_col_U|altsyncram:ram_rtl_0 ;
;     -- OPERATION_MODE                     ; DUAL_PORT                                                                                                         ;
;     -- WIDTH_A                            ; 5                                                                                                                 ;
;     -- NUMWORDS_A                         ; 300                                                                                                               ;
;     -- OUTDATA_REG_A                      ; UNREGISTERED                                                                                                      ;
;     -- WIDTH_B                            ; 5                                                                                                                 ;
;     -- NUMWORDS_B                         ; 300                                                                                                               ;
;     -- ADDRESS_REG_B                      ; CLOCK0                                                                                                            ;
;     -- OUTDATA_REG_B                      ; UNREGISTERED                                                                                                      ;
;     -- RAM_BLOCK_TYPE                     ; AUTO                                                                                                              ;
;     -- READ_DURING_WRITE_MODE_MIXED_PORTS ; OLD_DATA                                                                                                          ;
; Entity Instance                           ; snake_wrapper:u_game|snake_top:u_snake_top|snake_top_st_body_col_RAM_AUTO_1R1W:st_body_col_U|altsyncram:ram_rtl_1 ;
;     -- OPERATION_MODE                     ; DUAL_PORT                                                                                                         ;
;     -- WIDTH_A                            ; 5                                                                                                                 ;
;     -- NUMWORDS_A                         ; 300                                                                                                               ;
;     -- OUTDATA_REG_A                      ; UNREGISTERED                                                                                                      ;
;     -- WIDTH_B                            ; 5                                                                                                                 ;
;     -- NUMWORDS_B                         ; 300                                                                                                               ;
;     -- ADDRESS_REG_B                      ; CLOCK0                                                                                                            ;
;     -- OUTDATA_REG_B                      ; UNREGISTERED                                                                                                      ;
;     -- RAM_BLOCK_TYPE                     ; AUTO                                                                                                              ;
;     -- READ_DURING_WRITE_MODE_MIXED_PORTS ; OLD_DATA                                                                                                          ;
; Entity Instance                           ; snake_wrapper:u_game|snake_top:u_snake_top|snake_top_grid_RAM_AUTO_1R1W:grid_U|altsyncram:ram_rtl_0               ;
;     -- OPERATION_MODE                     ; DUAL_PORT                                                                                                         ;
;     -- WIDTH_A                            ; 1                                                                                                                 ;
;     -- NUMWORDS_A                         ; 300                                                                                                               ;
;     -- OUTDATA_REG_A                      ; UNREGISTERED                                                                                                      ;
;     -- WIDTH_B                            ; 1                                                                                                                 ;
;     -- NUMWORDS_B                         ; 300                                                                                                               ;
;     -- ADDRESS_REG_B                      ; CLOCK0                                                                                                            ;
;     -- OUTDATA_REG_B                      ; UNREGISTERED                                                                                                      ;
;     -- RAM_BLOCK_TYPE                     ; AUTO                                                                                                              ;
;     -- READ_DURING_WRITE_MODE_MIXED_PORTS ; OLD_DATA                                                                                                          ;
+-------------------------------------------+-------------------------------------------------------------------------------------------------------------------+


+---------------------------------------------------------------------------------------------------------------------------------------------------------------------+
; Port Connectivity Checks: "snake_wrapper:u_game|snake_top:u_snake_top|snake_top_snake_top_Pipeline_VITIS_LOOP_27_11:grp_snake_top_Pipeline_VITIS_LOOP_27_11_fu_531" ;
+---------+--------+----------+---------------------------------------------------------------------------------------------------------------------------------------+
; Port    ; Type   ; Severity ; Details                                                                                                                               ;
+---------+--------+----------+---------------------------------------------------------------------------------------------------------------------------------------+
; ap_idle ; Output ; Info     ; Connected to dangling logic. Logic that only feeds a dangling port will be removed.                                                   ;
+---------+--------+----------+---------------------------------------------------------------------------------------------------------------------------------------+


+---------------------------------------------------------------------------------------------------------------------------------------------------------------------+
; Port Connectivity Checks: "snake_wrapper:u_game|snake_top:u_snake_top|snake_top_snake_top_Pipeline_VITIS_LOOP_214_5:grp_snake_top_Pipeline_VITIS_LOOP_214_5_fu_521" ;
+---------+--------+----------+---------------------------------------------------------------------------------------------------------------------------------------+
; Port    ; Type   ; Severity ; Details                                                                                                                               ;
+---------+--------+----------+---------------------------------------------------------------------------------------------------------------------------------------+
; ap_idle ; Output ; Info     ; Connected to dangling logic. Logic that only feeds a dangling port will be removed.                                                   ;
+---------+--------+----------+---------------------------------------------------------------------------------------------------------------------------------------+


+-------------------------------------------------------------------------------------------------------------------------------------------------------------------+
; Port Connectivity Checks: "snake_wrapper:u_game|snake_top:u_snake_top|snake_top_snake_top_Pipeline_VITIS_LOOP_27_1:grp_snake_top_Pipeline_VITIS_LOOP_27_1_fu_512" ;
+---------+--------+----------+-------------------------------------------------------------------------------------------------------------------------------------+
; Port    ; Type   ; Severity ; Details                                                                                                                             ;
+---------+--------+----------+-------------------------------------------------------------------------------------------------------------------------------------+
; ap_idle ; Output ; Info     ; Connected to dangling logic. Logic that only feeds a dangling port will be removed.                                                 ;
+---------+--------+----------+-------------------------------------------------------------------------------------------------------------------------------------+


+-------------------------------------------------------------------------------------------------------------------------------------------------------------------+
; Port Connectivity Checks: "snake_wrapper:u_game|snake_top:u_snake_top|snake_top_snake_top_Pipeline_VITIS_LOOP_94_4:grp_snake_top_Pipeline_VITIS_LOOP_94_4_fu_504" ;
+---------+--------+----------+-------------------------------------------------------------------------------------------------------------------------------------+
; Port    ; Type   ; Severity ; Details                                                                                                                             ;
+---------+--------+----------+-------------------------------------------------------------------------------------------------------------------------------------+
; ap_idle ; Output ; Info     ; Connected to dangling logic. Logic that only feeds a dangling port will be removed.                                                 ;
+---------+--------+----------+-------------------------------------------------------------------------------------------------------------------------------------+


+-------------------------------------------------------------------------------------------------------------------------------------------------------------------+
; Port Connectivity Checks: "snake_wrapper:u_game|snake_top:u_snake_top|snake_top_snake_top_Pipeline_VITIS_LOOP_85_3:grp_snake_top_Pipeline_VITIS_LOOP_85_3_fu_494" ;
+---------+--------+----------+-------------------------------------------------------------------------------------------------------------------------------------+
; Port    ; Type   ; Severity ; Details                                                                                                                             ;
+---------+--------+----------+-------------------------------------------------------------------------------------------------------------------------------------+
; ap_idle ; Output ; Info     ; Connected to dangling logic. Logic that only feeds a dangling port will be removed.                                                 ;
+---------+--------+----------+-------------------------------------------------------------------------------------------------------------------------------------+


+---------------------------------------------------------------------------------------------------------------------------------------------------------------------------------------------------+
; Port Connectivity Checks: "snake_wrapper:u_game|snake_top:u_snake_top|snake_top_snake_top_Pipeline_VITIS_LOOP_73_1_VITIS_LOOP_74_2:grp_snake_top_Pipeline_VITIS_LOOP_73_1_VITIS_LOOP_74_2_fu_488" ;
+---------+--------+----------+---------------------------------------------------------------------------------------------------------------------------------------------------------------------+
; Port    ; Type   ; Severity ; Details                                                                                                                                                             ;
+---------+--------+----------+---------------------------------------------------------------------------------------------------------------------------------------------------------------------+
; ap_idle ; Output ; Info     ; Connected to dangling logic. Logic that only feeds a dangling port will be removed.                                                                                 ;
+---------+--------+----------+---------------------------------------------------------------------------------------------------------------------------------------------------------------------+


+------------------------------------------------------------------------------------------------------------------------+
; Port Connectivity Checks: "snake_wrapper:u_game|snake_top:u_snake_top"                                                 ;
+--------------+--------+----------+-------------------------------------------------------------------------------------+
; Port         ; Type   ; Severity ; Details                                                                             ;
+--------------+--------+----------+-------------------------------------------------------------------------------------+
; ap_start     ; Input  ; Info     ; Stuck at VCC                                                                        ;
; ap_done      ; Output ; Info     ; Explicitly unconnected                                                              ;
; ap_idle      ; Output ; Info     ; Explicitly unconnected                                                              ;
; ap_ready     ; Output ; Info     ; Explicitly unconnected                                                              ;
; R_out_ap_vld ; Output ; Info     ; Connected to dangling logic. Logic that only feeds a dangling port will be removed. ;
; G_out_ap_vld ; Output ; Info     ; Connected to dangling logic. Logic that only feeds a dangling port will be removed. ;
; B_out_ap_vld ; Output ; Info     ; Connected to dangling logic. Logic that only feeds a dangling port will be removed. ;
+--------------+--------+----------+-------------------------------------------------------------------------------------+


+-----------------------------------------------------------------------------------------------------------------------+
; Port Connectivity Checks: "snake_wrapper:u_game"                                                                      ;
+-------------+--------+----------+-------------------------------------------------------------------------------------+
; Port        ; Type   ; Severity ; Details                                                                             ;
+-------------+--------+----------+-------------------------------------------------------------------------------------+
; R_out[1..0] ; Output ; Info     ; Connected to dangling logic. Logic that only feeds a dangling port will be removed. ;
; G_out[1..0] ; Output ; Info     ; Connected to dangling logic. Logic that only feeds a dangling port will be removed. ;
; B_out[1..0] ; Output ; Info     ; Connected to dangling logic. Logic that only feeds a dangling port will be removed. ;
+-------------+--------+----------+-------------------------------------------------------------------------------------+


+-----------------------------------------------------------------------------------------------------------------------+
; Port Connectivity Checks: "overlay:u_overlay"                                                                         ;
+-------------+--------+----------+-------------------------------------------------------------------------------------+
; Port        ; Type   ; Severity ; Details                                                                             ;
+-------------+--------+----------+-------------------------------------------------------------------------------------+
; R_out[1..0] ; Output ; Info     ; Connected to dangling logic. Logic that only feeds a dangling port will be removed. ;
; G_out[1..0] ; Output ; Info     ; Connected to dangling logic. Logic that only feeds a dangling port will be removed. ;
; B_out[1..0] ; Output ; Info     ; Connected to dangling logic. Logic that only feeds a dangling port will be removed. ;
+-------------+--------+----------+-------------------------------------------------------------------------------------+


+------------------------------------------------------------------------------------------------------------------------------+
; Port Connectivity Checks: "color_detect:u_detect"                                                                            ;
+--------------------+--------+----------+-------------------------------------------------------------------------------------+
; Port               ; Type   ; Severity ; Details                                                                             ;
+--------------------+--------+----------+-------------------------------------------------------------------------------------+
; center_avgR[1..0]  ; Output ; Info     ; Connected to dangling logic. Logic that only feeds a dangling port will be removed. ;
; center_avgG[1..0]  ; Output ; Info     ; Connected to dangling logic. Logic that only feeds a dangling port will be removed. ;
; center_avgB[1..0]  ; Output ; Info     ; Connected to dangling logic. Logic that only feeds a dangling port will be removed. ;
; cal_sample_R[1..0] ; Output ; Info     ; Connected to dangling logic. Logic that only feeds a dangling port will be removed. ;
; cal_sample_G[1..0] ; Output ; Info     ; Connected to dangling logic. Logic that only feeds a dangling port will be removed. ;
; cal_sample_B[1..0] ; Output ; Info     ; Connected to dangling logic. Logic that only feeds a dangling port will be removed. ;
+--------------------+--------+----------+-------------------------------------------------------------------------------------+


+------------------------------------------------------------------------------------------------------------------------------------------------------------------------+
; Port Connectivity Checks: "I2C_CCD_Config:u8|I2C_Controller:u0"                                                                                                        ;
+------+-------+----------+----------------------------------------------------------------------------------------------------------------------------------------------+
; Port ; Type  ; Severity ; Details                                                                                                                                      ;
+------+-------+----------+----------------------------------------------------------------------------------------------------------------------------------------------+
; W_R  ; Input ; Warning  ; Declared by entity but not connected by instance. If a default value exists, it will be used.  Otherwise, the port will be connected to GND. ;
+------+-------+----------+----------------------------------------------------------------------------------------------------------------------------------------------+


+----------------------------------------------------------------------------------------------------------------------------------------------------------+
; Port Connectivity Checks: "Sdram_Control:u7|Sdram_RD_FIFO:u_read2_fifo"                                                                                  ;
+---------+--------+----------+----------------------------------------------------------------------------------------------------------------------------+
; Port    ; Type   ; Severity ; Details                                                                                                                    ;
+---------+--------+----------+----------------------------------------------------------------------------------------------------------------------------+
; wrusedw ; Output ; Warning  ; Output or bidir port (9 bits) is wider than the port expression (8 bits) it drives; bit(s) "wrusedw[8..8]" have no fanouts ;
+---------+--------+----------+----------------------------------------------------------------------------------------------------------------------------+


+----------------------------------------------------------------------------------------------------------------------------------------------------------+
; Port Connectivity Checks: "Sdram_Control:u7|Sdram_RD_FIFO:u_read1_fifo"                                                                                  ;
+---------+--------+----------+----------------------------------------------------------------------------------------------------------------------------+
; Port    ; Type   ; Severity ; Details                                                                                                                    ;
+---------+--------+----------+----------------------------------------------------------------------------------------------------------------------------+
; wrusedw ; Output ; Warning  ; Output or bidir port (9 bits) is wider than the port expression (8 bits) it drives; bit(s) "wrusedw[8..8]" have no fanouts ;
+---------+--------+----------+----------------------------------------------------------------------------------------------------------------------------+


+----------------------------------------------------------------------------------------------------------------------------------------------------------+
; Port Connectivity Checks: "Sdram_Control:u7|Sdram_WR_FIFO:u_write2_fifo"                                                                                 ;
+---------+--------+----------+----------------------------------------------------------------------------------------------------------------------------+
; Port    ; Type   ; Severity ; Details                                                                                                                    ;
+---------+--------+----------+----------------------------------------------------------------------------------------------------------------------------+
; rdusedw ; Output ; Warning  ; Output or bidir port (9 bits) is wider than the port expression (8 bits) it drives; bit(s) "rdusedw[8..8]" have no fanouts ;
+---------+--------+----------+----------------------------------------------------------------------------------------------------------------------------+


+----------------------------------------------------------------------------------------------------------------------------------------------------------+
; Port Connectivity Checks: "Sdram_Control:u7|Sdram_WR_FIFO:u_write1_fifo"                                                                                 ;
+---------+--------+----------+----------------------------------------------------------------------------------------------------------------------------+
; Port    ; Type   ; Severity ; Details                                                                                                                    ;
+---------+--------+----------+----------------------------------------------------------------------------------------------------------------------------+
; rdusedw ; Output ; Warning  ; Output or bidir port (9 bits) is wider than the port expression (8 bits) it drives; bit(s) "rdusedw[8..8]" have no fanouts ;
+---------+--------+----------+----------------------------------------------------------------------------------------------------------------------------+


+----------------------------------------------------------------------------------------------------------------+
; Port Connectivity Checks: "Sdram_Control:u7|sdr_data_path:u_sdr_data_path"                                     ;
+------+--------+----------+-------------------------------------------------------------------------------------+
; Port ; Type   ; Severity ; Details                                                                             ;
+------+--------+----------+-------------------------------------------------------------------------------------+
; DM   ; Input  ; Info     ; Stuck at GND                                                                        ;
; DQM  ; Output ; Info     ; Connected to dangling logic. Logic that only feeds a dangling port will be removed. ;
+------+--------+----------+-------------------------------------------------------------------------------------+


+----------------------------------------------------------------------------------------------------------------------------------------------------------------------------+
; Port Connectivity Checks: "Sdram_Control:u7|control_interface:u_control_interface"                                                                                         ;
+----------+-------+----------+----------------------------------------------------------------------------------------------------------------------------------------------+
; Port     ; Type  ; Severity ; Details                                                                                                                                      ;
+----------+-------+----------+----------------------------------------------------------------------------------------------------------------------------------------------+
; CMD      ; Input ; Warning  ; Input port expression (2 bits) is smaller than the input port (3 bits) it drives.  Extra input bit(s) "CMD[2..2]" will be connected to GND.  ;
; INIT_ACK ; Input ; Warning  ; Declared by entity but not connected by instance. If a default value exists, it will be used.  Otherwise, the port will be connected to GND. ;
+----------+-------+----------+----------------------------------------------------------------------------------------------------------------------------------------------+


+-------------------------------------------------------------------------------------------------------------------------------------------------------------------------------------------------------------------------------+
; Port Connectivity Checks: "Sdram_Control:u7"                                                                                                                                                                                  ;
+----------------------+--------+----------+------------------------------------------------------------------------------------------------------------------------------------------------------------------------------------+
; Port                 ; Type   ; Severity ; Details                                                                                                                                                                            ;
+----------------------+--------+----------+------------------------------------------------------------------------------------------------------------------------------------------------------------------------------------+
; WR1_DATA[15]         ; Input  ; Info     ; Stuck at GND                                                                                                                                                                       ;
; WR1_ADDR             ; Input  ; Warning  ; Input port expression (32 bits) is wider than the input port (23 bits) it drives.  The 9 most-significant bit(s) in the expression will be dangling if they have no other fanouts. ;
; WR1_ADDR[22..0]      ; Input  ; Info     ; Stuck at GND                                                                                                                                                                       ;
; WR1_MAX_ADDR         ; Input  ; Warning  ; Input port expression (32 bits) is wider than the input port (23 bits) it drives.  The 9 most-significant bit(s) in the expression will be dangling if they have no other fanouts. ;
; WR1_MAX_ADDR[13..12] ; Input  ; Info     ; Stuck at VCC                                                                                                                                                                       ;
; WR1_MAX_ADDR[22..19] ; Input  ; Info     ; Stuck at GND                                                                                                                                                                       ;
; WR1_MAX_ADDR[17..16] ; Input  ; Info     ; Stuck at GND                                                                                                                                                                       ;
; WR1_MAX_ADDR[11..0]  ; Input  ; Info     ; Stuck at GND                                                                                                                                                                       ;
; WR1_MAX_ADDR[18]     ; Input  ; Info     ; Stuck at VCC                                                                                                                                                                       ;
; WR1_MAX_ADDR[15]     ; Input  ; Info     ; Stuck at VCC                                                                                                                                                                       ;
; WR1_MAX_ADDR[14]     ; Input  ; Info     ; Stuck at GND                                                                                                                                                                       ;
; WR1_LENGTH[3..0]     ; Input  ; Info     ; Stuck at GND                                                                                                                                                                       ;
; WR1_LENGTH[7]        ; Input  ; Info     ; Stuck at GND                                                                                                                                                                       ;
; WR1_LENGTH[6]        ; Input  ; Info     ; Stuck at VCC                                                                                                                                                                       ;
; WR1_LENGTH[5]        ; Input  ; Info     ; Stuck at GND                                                                                                                                                                       ;
; WR1_LENGTH[4]        ; Input  ; Info     ; Stuck at VCC                                                                                                                                                                       ;
; WR2_DATA[15]         ; Input  ; Info     ; Stuck at GND                                                                                                                                                                       ;
; WR2_ADDR[22..21]     ; Input  ; Info     ; Stuck at GND                                                                                                                                                                       ;
; WR2_ADDR[19..0]      ; Input  ; Info     ; Stuck at GND                                                                                                                                                                       ;
; WR2_ADDR[20]         ; Input  ; Info     ; Stuck at VCC                                                                                                                                                                       ;
; WR2_MAX_ADDR         ; Input  ; Warning  ; Input port expression (32 bits) is wider than the input port (23 bits) it drives.  The 9 most-significant bit(s) in the expression will be dangling if they have no other fanouts. ;
; WR2_MAX_ADDR[13..12] ; Input  ; Info     ; Stuck at VCC                                                                                                                                                                       ;
; WR2_MAX_ADDR[22..21] ; Input  ; Info     ; Stuck at GND                                                                                                                                                                       ;
; WR2_MAX_ADDR[17..16] ; Input  ; Info     ; Stuck at GND                                                                                                                                                                       ;
; WR2_MAX_ADDR[11..0]  ; Input  ; Info     ; Stuck at GND                                                                                                                                                                       ;
; WR2_MAX_ADDR[20]     ; Input  ; Info     ; Stuck at VCC                                                                                                                                                                       ;
; WR2_MAX_ADDR[19]     ; Input  ; Info     ; Stuck at GND                                                                                                                                                                       ;
; WR2_MAX_ADDR[18]     ; Input  ; Info     ; Stuck at VCC                                                                                                                                                                       ;
; WR2_MAX_ADDR[15]     ; Input  ; Info     ; Stuck at VCC                                                                                                                                                                       ;
; WR2_MAX_ADDR[14]     ; Input  ; Info     ; Stuck at GND                                                                                                                                                                       ;
; WR2_LENGTH[3..0]     ; Input  ; Info     ; Stuck at GND                                                                                                                                                                       ;
; WR2_LENGTH[7]        ; Input  ; Info     ; Stuck at GND                                                                                                                                                                       ;
; WR2_LENGTH[6]        ; Input  ; Info     ; Stuck at VCC                                                                                                                                                                       ;
; WR2_LENGTH[5]        ; Input  ; Info     ; Stuck at GND                                                                                                                                                                       ;
; WR2_LENGTH[4]        ; Input  ; Info     ; Stuck at VCC                                                                                                                                                                       ;
; RD1_DATA[15]         ; Output ; Info     ; Connected to dangling logic. Logic that only feeds a dangling port will be removed.                                                                                                ;
; RD1_ADDR             ; Input  ; Warning  ; Input port expression (32 bits) is wider than the input port (23 bits) it drives.  The 9 most-significant bit(s) in the expression will be dangling if they have no other fanouts. ;
; RD1_ADDR[22..0]      ; Input  ; Info     ; Stuck at GND                                                                                                                                                                       ;
; RD1_MAX_ADDR         ; Input  ; Warning  ; Input port expression (32 bits) is wider than the input port (23 bits) it drives.  The 9 most-significant bit(s) in the expression will be dangling if they have no other fanouts. ;
; RD1_MAX_ADDR[13..12] ; Input  ; Info     ; Stuck at VCC                                                                                                                                                                       ;
; RD1_MAX_ADDR[22..19] ; Input  ; Info     ; Stuck at GND                                                                                                                                                                       ;
; RD1_MAX_ADDR[17..16] ; Input  ; Info     ; Stuck at GND                                                                                                                                                                       ;
; RD1_MAX_ADDR[11..0]  ; Input  ; Info     ; Stuck at GND                                                                                                                                                                       ;
; RD1_MAX_ADDR[18]     ; Input  ; Info     ; Stuck at VCC                                                                                                                                                                       ;
; RD1_MAX_ADDR[15]     ; Input  ; Info     ; Stuck at VCC                                                                                                                                                                       ;
; RD1_MAX_ADDR[14]     ; Input  ; Info     ; Stuck at GND                                                                                                                                                                       ;
; RD1_LENGTH[3..0]     ; Input  ; Info     ; Stuck at GND                                                                                                                                                                       ;
; RD1_LENGTH[7]        ; Input  ; Info     ; Stuck at GND                                                                                                                                                                       ;
; RD1_LENGTH[6]        ; Input  ; Info     ; Stuck at VCC                                                                                                                                                                       ;
; RD1_LENGTH[5]        ; Input  ; Info     ; Stuck at GND                                                                                                                                                                       ;
; RD1_LENGTH[4]        ; Input  ; Info     ; Stuck at VCC                                                                                                                                                                       ;
; RD2_DATA[15]         ; Output ; Info     ; Connected to dangling logic. Logic that only feeds a dangling port will be removed.                                                                                                ;
; RD2_ADDR[22..21]     ; Input  ; Info     ; Stuck at GND                                                                                                                                                                       ;
; RD2_ADDR[19..0]      ; Input  ; Info     ; Stuck at GND                                                                                                                                                                       ;
; RD2_ADDR[20]         ; Input  ; Info     ; Stuck at VCC                                                                                                                                                                       ;
; RD2_MAX_ADDR         ; Input  ; Warning  ; Input port expression (32 bits) is wider than the input port (23 bits) it drives.  The 9 most-significant bit(s) in the expression will be dangling if they have no other fanouts. ;
; RD2_MAX_ADDR[13..12] ; Input  ; Info     ; Stuck at VCC                                                                                                                                                                       ;
; RD2_MAX_ADDR[22..21] ; Input  ; Info     ; Stuck at GND                                                                                                                                                                       ;
; RD2_MAX_ADDR[17..16] ; Input  ; Info     ; Stuck at GND                                                                                                                                                                       ;
; RD2_MAX_ADDR[11..0]  ; Input  ; Info     ; Stuck at GND                                                                                                                                                                       ;
; RD2_MAX_ADDR[20]     ; Input  ; Info     ; Stuck at VCC                                                                                                                                                                       ;
; RD2_MAX_ADDR[19]     ; Input  ; Info     ; Stuck at GND                                                                                                                                                                       ;
; RD2_MAX_ADDR[18]     ; Input  ; Info     ; Stuck at VCC                                                                                                                                                                       ;
; RD2_MAX_ADDR[15]     ; Input  ; Info     ; Stuck at VCC                                                                                                                                                                       ;
; RD2_MAX_ADDR[14]     ; Input  ; Info     ; Stuck at GND                                                                                                                                                                       ;
; RD2_LENGTH[3..0]     ; Input  ; Info     ; Stuck at GND                                                                                                                                                                       ;
; RD2_LENGTH[7]        ; Input  ; Info     ; Stuck at GND                                                                                                                                                                       ;
; RD2_LENGTH[6]        ; Input  ; Info     ; Stuck at VCC                                                                                                                                                                       ;
; RD2_LENGTH[5]        ; Input  ; Info     ; Stuck at GND                                                                                                                                                                       ;
; RD2_LENGTH[4]        ; Input  ; Info     ; Stuck at VCC                                                                                                                                                                       ;
; SA                   ; Output ; Warning  ; Output or bidir port (12 bits) is smaller than the port expression (13 bits) it drives.  The 1 most-significant bit(s) in the port expression will be connected to GND.            ;
; CS_N                 ; Output ; Warning  ; Output or bidir port (2 bits) is wider than the port expression (1 bits) it drives; bit(s) "CS_N[1..1]" have no fanouts                                                            ;
+----------------------+--------+----------+------------------------------------------------------------------------------------------------------------------------------------------------------------------------------------+


+------------------------------------------+
; Port Connectivity Checks: "sdram_pll:u6" ;
+------+-------+----------+----------------+
; Port ; Type  ; Severity ; Details        ;
+------+-------+----------+----------------+
; rst  ; Input ; Info     ; Stuck at GND   ;
+------+-------+----------+----------------+


+-----------------------------------------------------------------------------------------------------------------------------------------+
; Port Connectivity Checks: "RAW2RGB:u4|Line_Buffer1:u0"                                                                                  ;
+----------+--------+----------+----------------------------------------------------------------------------------------------------------+
; Port     ; Type   ; Severity ; Details                                                                                                  ;
+----------+--------+----------+----------------------------------------------------------------------------------------------------------+
; shiftout ; Output ; Warning  ; Declared by entity but not connected by instance. Logic that only feeds a dangling port will be removed. ;
+----------+--------+----------+----------------------------------------------------------------------------------------------------------+


+-----------------------------------------------------------------------------------------------------------------------------------------------------------------------------------------------------------------------+
; Port Connectivity Checks: "RAW2RGB:u4"                                                                                                                                                                                ;
+--------------+--------+----------+------------------------------------------------------------------------------------------------------------------------------------------------------------------------------------+
; Port         ; Type   ; Severity ; Details                                                                                                                                                                            ;
+--------------+--------+----------+------------------------------------------------------------------------------------------------------------------------------------------------------------------------------------+
; oRed[1..0]   ; Output ; Info     ; Connected to dangling logic. Logic that only feeds a dangling port will be removed.                                                                                                ;
; oGreen[1..0] ; Output ; Info     ; Connected to dangling logic. Logic that only feeds a dangling port will be removed.                                                                                                ;
; oBlue[1..0]  ; Output ; Info     ; Connected to dangling logic. Logic that only feeds a dangling port will be removed.                                                                                                ;
; iX_Cont      ; Input  ; Warning  ; Input port expression (16 bits) is wider than the input port (11 bits) it drives.  The 5 most-significant bit(s) in the expression will be dangling if they have no other fanouts. ;
; iY_Cont      ; Input  ; Warning  ; Input port expression (16 bits) is wider than the input port (11 bits) it drives.  The 5 most-significant bit(s) in the expression will be dangling if they have no other fanouts. ;
+--------------+--------+----------+------------------------------------------------------------------------------------------------------------------------------------------------------------------------------------+


+---------------------------------------------------------------------------------------------------------------------------+
; Port Connectivity Checks: "CCD_Capture:u3"                                                                                ;
+-----------------+--------+----------+-------------------------------------------------------------------------------------+
; Port            ; Type   ; Severity ; Details                                                                             ;
+-----------------+--------+----------+-------------------------------------------------------------------------------------+
; oX_Cont[15..11] ; Output ; Info     ; Connected to dangling logic. Logic that only feeds a dangling port will be removed. ;
; oY_Cont[15..11] ; Output ; Info     ; Connected to dangling logic. Logic that only feeds a dangling port will be removed. ;
; oFrame_Cont     ; Output ; Info     ; Connected to dangling logic. Logic that only feeds a dangling port will be removed. ;
+-----------------+--------+----------+-------------------------------------------------------------------------------------+


+-----------------------------------------------------+
; Post-Synthesis Netlist Statistics for Top Partition ;
+-----------------------+-----------------------------+
; Type                  ; Count                       ;
+-----------------------+-----------------------------+
; arriav_ff             ; 2768                        ;
;     CLR               ; 484                         ;
;     CLR SCLR          ; 148                         ;
;     CLR SLD           ; 1                           ;
;     ENA               ; 196                         ;
;     ENA CLR           ; 275                         ;
;     ENA CLR SCLR      ; 1398                        ;
;     ENA SCLR          ; 20                          ;
;     ENA SLD           ; 89                          ;
;     SCLR              ; 40                          ;
;     SCLR SLD          ; 2                           ;
;     SLD               ; 13                          ;
;     plain             ; 102                         ;
; arriav_io_obuf        ; 62                          ;
; arriav_lcell_comb     ; 3039                        ;
;     arith             ; 800                         ;
;         0 data inputs ; 51                          ;
;         1 data inputs ; 373                         ;
;         2 data inputs ; 65                          ;
;         3 data inputs ; 65                          ;
;         4 data inputs ; 108                         ;
;         5 data inputs ; 138                         ;
;     extend            ; 14                          ;
;         7 data inputs ; 14                          ;
;     normal            ; 2115                        ;
;         0 data inputs ; 2                           ;
;         1 data inputs ; 54                          ;
;         2 data inputs ; 412                         ;
;         3 data inputs ; 254                         ;
;         4 data inputs ; 326                         ;
;         5 data inputs ; 315                         ;
;         6 data inputs ; 752                         ;
;     shared            ; 110                         ;
;         0 data inputs ; 6                           ;
;         2 data inputs ; 98                          ;
;         4 data inputs ; 6                           ;
; boundary_port         ; 226                         ;
; generic_pll           ; 4                           ;
; stratixv_ram_block    ; 105                         ;
;                       ;                             ;
; Max LUT depth         ; 32.80                       ;
; Average LUT depth     ; 7.48                        ;
+-----------------------+-----------------------------+


+-------------------------------+
; Elapsed Time Per Partition    ;
+----------------+--------------+
; Partition Name ; Elapsed Time ;
+----------------+--------------+
; Top            ; 00:00:05     ;
+----------------+--------------+


+-------------------------------+
; Analysis & Synthesis Messages ;
+-------------------------------+
Info: *******************************************************************
Info: Running Quartus Prime Analysis & Synthesis
    Info: Version 25.1std.0 Build 1129 10/21/2025 SC Lite Edition
    Info: Processing started: Sat Mar 21 17:14:41 2026
Info: Command: quartus_map --read_settings_files=on --write_settings_files=off DE1_SoC_CAMERA -c DE1_SoC_CAMERA
Warning (18236): Number of processors has not been specified which may cause overloading on shared machines.  Set the global assignment NUM_PARALLEL_PROCESSORS in your QSF to an appropriate value for best performance.
Info (20030): Parallel compilation is enabled and will use 12 of the 12 processors detected
Warning (10335): Unrecognized synthesis attribute "DowngradeIPIdentifiedWarnings" at ../snake_hls/snakeVerilog/snake_top_st_body_row_RAM_AUTO_1R1W.v(7) File: C:/Users/amers/Desktop/ECE554/capstone/snake_hls/snakeVerilog/snake_top_st_body_row_RAM_AUTO_1R1W.v Line: 7
Warning (10335): Unrecognized synthesis attribute "ram_style" at ../snake_hls/snakeVerilog/snake_top_st_body_row_RAM_AUTO_1R1W.v(30) File: C:/Users/amers/Desktop/ECE554/capstone/snake_hls/snakeVerilog/snake_top_st_body_row_RAM_AUTO_1R1W.v Line: 30
Info (12021): Found 1 design units, including 1 entities, in source file /users/amers/desktop/ece554/capstone/snake_hls/snakeverilog/snake_top_st_body_row_ram_auto_1r1w.v
    Info (12023): Found entity 1: snake_top_st_body_row_RAM_AUTO_1R1W File: C:/Users/amers/Desktop/ECE554/capstone/snake_hls/snakeVerilog/snake_top_st_body_row_RAM_AUTO_1R1W.v Line: 7
Warning (10335): Unrecognized synthesis attribute "DowngradeIPIdentifiedWarnings" at ../snake_hls/snakeVerilog/snake_top_st_body_col_RAM_AUTO_1R1W.v(7) File: C:/Users/amers/Desktop/ECE554/capstone/snake_hls/snakeVerilog/snake_top_st_body_col_RAM_AUTO_1R1W.v Line: 7
Warning (10335): Unrecognized synthesis attribute "ram_style" at ../snake_hls/snakeVerilog/snake_top_st_body_col_RAM_AUTO_1R1W.v(30) File: C:/Users/amers/Desktop/ECE554/capstone/snake_hls/snakeVerilog/snake_top_st_body_col_RAM_AUTO_1R1W.v Line: 30
Info (12021): Found 1 design units, including 1 entities, in source file /users/amers/desktop/ece554/capstone/snake_hls/snakeverilog/snake_top_st_body_col_ram_auto_1r1w.v
    Info (12023): Found entity 1: snake_top_st_body_col_RAM_AUTO_1R1W File: C:/Users/amers/Desktop/ECE554/capstone/snake_hls/snakeVerilog/snake_top_st_body_col_RAM_AUTO_1R1W.v Line: 7
Warning (10335): Unrecognized synthesis attribute "DowngradeIPIdentifiedWarnings" at ../snake_hls/snakeVerilog/snake_top_snake_top_Pipeline_VITIS_LOOP_214_5.v(9) File: C:/Users/amers/Desktop/ECE554/capstone/snake_hls/snakeVerilog/snake_top_snake_top_Pipeline_VITIS_LOOP_214_5.v Line: 9
Info (12021): Found 1 design units, including 1 entities, in source file /users/amers/desktop/ece554/capstone/snake_hls/snakeverilog/snake_top_snake_top_pipeline_vitis_loop_214_5.v
    Info (12023): Found entity 1: snake_top_snake_top_Pipeline_VITIS_LOOP_214_5 File: C:/Users/amers/Desktop/ECE554/capstone/snake_hls/snakeVerilog/snake_top_snake_top_Pipeline_VITIS_LOOP_214_5.v Line: 10
Warning (10335): Unrecognized synthesis attribute "DowngradeIPIdentifiedWarnings" at ../snake_hls/snakeVerilog/snake_top_snake_top_Pipeline_VITIS_LOOP_94_4.v(9) File: C:/Users/amers/Desktop/ECE554/capstone/snake_hls/snakeVerilog/snake_top_snake_top_Pipeline_VITIS_LOOP_94_4.v Line: 9
Info (12021): Found 1 design units, including 1 entities, in source file /users/amers/desktop/ece554/capstone/snake_hls/snakeverilog/snake_top_snake_top_pipeline_vitis_loop_94_4.v
    Info (12023): Found entity 1: snake_top_snake_top_Pipeline_VITIS_LOOP_94_4 File: C:/Users/amers/Desktop/ECE554/capstone/snake_hls/snakeVerilog/snake_top_snake_top_Pipeline_VITIS_LOOP_94_4.v Line: 10
Warning (10335): Unrecognized synthesis attribute "DowngradeIPIdentifiedWarnings" at ../snake_hls/snakeVerilog/snake_top_snake_top_Pipeline_VITIS_LOOP_85_3.v(9) File: C:/Users/amers/Desktop/ECE554/capstone/snake_hls/snakeVerilog/snake_top_snake_top_Pipeline_VITIS_LOOP_85_3.v Line: 9
Info (12021): Found 1 design units, including 1 entities, in source file /users/amers/desktop/ece554/capstone/snake_hls/snakeverilog/snake_top_snake_top_pipeline_vitis_loop_85_3.v
    Info (12023): Found entity 1: snake_top_snake_top_Pipeline_VITIS_LOOP_85_3 File: C:/Users/amers/Desktop/ECE554/capstone/snake_hls/snakeVerilog/snake_top_snake_top_Pipeline_VITIS_LOOP_85_3.v Line: 10
Warning (10335): Unrecognized synthesis attribute "DowngradeIPIdentifiedWarnings" at ../snake_hls/snakeVerilog/snake_top_snake_top_Pipeline_VITIS_LOOP_73_1_VITIS_LOOP_74_2.v(9) File: C:/Users/amers/Desktop/ECE554/capstone/snake_hls/snakeVerilog/snake_top_snake_top_Pipeline_VITIS_LOOP_73_1_VITIS_LOOP_74_2.v Line: 9
Info (12021): Found 1 design units, including 1 entities, in source file /users/amers/desktop/ece554/capstone/snake_hls/snakeverilog/snake_top_snake_top_pipeline_vitis_loop_73_1_vitis_loop_74_2.v
    Info (12023): Found entity 1: snake_top_snake_top_Pipeline_VITIS_LOOP_73_1_VITIS_LOOP_74_2 File: C:/Users/amers/Desktop/ECE554/capstone/snake_hls/snakeVerilog/snake_top_snake_top_Pipeline_VITIS_LOOP_73_1_VITIS_LOOP_74_2.v Line: 10
Warning (10335): Unrecognized synthesis attribute "DowngradeIPIdentifiedWarnings" at ../snake_hls/snakeVerilog/snake_top_snake_top_Pipeline_VITIS_LOOP_27_11.v(9) File: C:/Users/amers/Desktop/ECE554/capstone/snake_hls/snakeVerilog/snake_top_snake_top_Pipeline_VITIS_LOOP_27_11.v Line: 9
Info (12021): Found 1 design units, including 1 entities, in source file /users/amers/desktop/ece554/capstone/snake_hls/snakeverilog/snake_top_snake_top_pipeline_vitis_loop_27_11.v
    Info (12023): Found entity 1: snake_top_snake_top_Pipeline_VITIS_LOOP_27_11 File: C:/Users/amers/Desktop/ECE554/capstone/snake_hls/snakeVerilog/snake_top_snake_top_Pipeline_VITIS_LOOP_27_11.v Line: 10
Warning (10335): Unrecognized synthesis attribute "DowngradeIPIdentifiedWarnings" at ../snake_hls/snakeVerilog/snake_top_snake_top_Pipeline_VITIS_LOOP_27_1.v(9) File: C:/Users/amers/Desktop/ECE554/capstone/snake_hls/snakeVerilog/snake_top_snake_top_Pipeline_VITIS_LOOP_27_1.v Line: 9
Info (12021): Found 1 design units, including 1 entities, in source file /users/amers/desktop/ece554/capstone/snake_hls/snakeverilog/snake_top_snake_top_pipeline_vitis_loop_27_1.v
    Info (12023): Found entity 1: snake_top_snake_top_Pipeline_VITIS_LOOP_27_1 File: C:/Users/amers/Desktop/ECE554/capstone/snake_hls/snakeVerilog/snake_top_snake_top_Pipeline_VITIS_LOOP_27_1.v Line: 10
Warning (10335): Unrecognized synthesis attribute "DowngradeIPIdentifiedWarnings" at ../snake_hls/snakeVerilog/snake_top_grid_RAM_AUTO_1R1W.v(7) File: C:/Users/amers/Desktop/ECE554/capstone/snake_hls/snakeVerilog/snake_top_grid_RAM_AUTO_1R1W.v Line: 7
Warning (10335): Unrecognized synthesis attribute "ram_style" at ../snake_hls/snakeVerilog/snake_top_grid_RAM_AUTO_1R1W.v(25) File: C:/Users/amers/Desktop/ECE554/capstone/snake_hls/snakeVerilog/snake_top_grid_RAM_AUTO_1R1W.v Line: 25
Info (12021): Found 1 design units, including 1 entities, in source file /users/amers/desktop/ece554/capstone/snake_hls/snakeverilog/snake_top_grid_ram_auto_1r1w.v
    Info (12023): Found entity 1: snake_top_grid_RAM_AUTO_1R1W File: C:/Users/amers/Desktop/ECE554/capstone/snake_hls/snakeVerilog/snake_top_grid_RAM_AUTO_1R1W.v Line: 7
Warning (10335): Unrecognized synthesis attribute "DowngradeIPIdentifiedWarnings" at ../snake_hls/snakeVerilog/snake_top_flow_control_loop_pipe_sequential_init.v(11) File: C:/Users/amers/Desktop/ECE554/capstone/snake_hls/snakeVerilog/snake_top_flow_control_loop_pipe_sequential_init.v Line: 11
Info (12021): Found 1 design units, including 1 entities, in source file /users/amers/desktop/ece554/capstone/snake_hls/snakeverilog/snake_top_flow_control_loop_pipe_sequential_init.v
    Info (12023): Found entity 1: snake_top_flow_control_loop_pipe_sequential_init File: C:/Users/amers/Desktop/ECE554/capstone/snake_hls/snakeVerilog/snake_top_flow_control_loop_pipe_sequential_init.v Line: 12
Warning (10335): Unrecognized synthesis attribute "CORE_GENERATION_INFO" at ../snake_hls/snakeVerilog/snake_top.v(9) File: C:/Users/amers/Desktop/ECE554/capstone/snake_hls/snakeVerilog/snake_top.v Line: 9
Warning (10335): Unrecognized synthesis attribute "DowngradeIPIdentifiedWarnings" at ../snake_hls/snakeVerilog/snake_top.v(11) File: C:/Users/amers/Desktop/ECE554/capstone/snake_hls/snakeVerilog/snake_top.v Line: 11
Info (12021): Found 1 design units, including 1 entities, in source file /users/amers/desktop/ece554/capstone/snake_hls/snakeverilog/snake_top.v
    Info (12023): Found entity 1: snake_top File: C:/Users/amers/Desktop/ECE554/capstone/snake_hls/snakeVerilog/snake_top.v Line: 12
Info (12021): Found 1 design units, including 1 entities, in source file snake_wrapper.sv
    Info (12023): Found entity 1: snake_wrapper File: C:/Users/amers/Desktop/ECE554/capstone/image_proc/snake_wrapper.sv Line: 1
Info (12021): Found 1 design units, including 1 entities, in source file v/line_buffer1.v
    Info (12023): Found entity 1: Line_Buffer1 File: C:/Users/amers/Desktop/ECE554/capstone/image_proc/v/Line_Buffer1.v Line: 39
Info (12021): Found 1 design units, including 1 entities, in source file color_detect.v
    Info (12023): Found entity 1: color_detect File: C:/Users/amers/Desktop/ECE554/capstone/image_proc/color_detect.v Line: 1
Info (12021): Found 1 design units, including 1 entities, in source file overlay.v
    Info (12023): Found entity 1: overlay File: C:/Users/amers/Desktop/ECE554/capstone/image_proc/overlay.v Line: 1
Info (12021): Found 1 design units, including 1 entities, in source file de1_soc_camera.v
    Info (12023): Found entity 1: DE1_SoC_CAMERA File: C:/Users/amers/Desktop/ECE554/capstone/image_proc/DE1_SoC_CAMERA.v Line: 49
Info (12021): Found 1 design units, including 1 entities, in source file v/vga_controller.v
    Info (12023): Found entity 1: VGA_Controller File: C:/Users/amers/Desktop/ECE554/capstone/image_proc/v/VGA_Controller.v Line: 43
Info (12021): Found 1 design units, including 1 entities, in source file v/seg7_lut.v
    Info (12023): Found entity 1: SEG7_LUT File: C:/Users/amers/Desktop/ECE554/capstone/image_proc/v/SEG7_LUT.v Line: 43
Info (12021): Found 1 design units, including 1 entities, in source file v/reset_delay.v
    Info (12023): Found entity 1: Reset_Delay File: C:/Users/amers/Desktop/ECE554/capstone/image_proc/v/Reset_Delay.v Line: 43
Info (12021): Found 1 design units, including 1 entities, in source file v/raw2rgb.v
    Info (12023): Found entity 1: RAW2RGB File: C:/Users/amers/Desktop/ECE554/capstone/image_proc/v/RAW2RGB.v Line: 43
Info (12021): Found 1 design units, including 1 entities, in source file v/i2c_controller.v
    Info (12023): Found entity 1: I2C_Controller File: C:/Users/amers/Desktop/ECE554/capstone/image_proc/v/I2C_Controller.v Line: 42
Info (12021): Found 1 design units, including 1 entities, in source file v/i2c_ccd_config.v
    Info (12023): Found entity 1: I2C_CCD_Config File: C:/Users/amers/Desktop/ECE554/capstone/image_proc/v/I2C_CCD_Config.v Line: 1
Info (12021): Found 1 design units, including 1 entities, in source file v/ccd_capture.v
    Info (12023): Found entity 1: CCD_Capture File: C:/Users/amers/Desktop/ECE554/capstone/image_proc/v/CCD_Capture.v Line: 43
Info (12021): Found 1 design units, including 1 entities, in source file sdram_control/sdram_control.v
    Info (12023): Found entity 1: Sdram_Control File: C:/Users/amers/Desktop/ECE554/capstone/image_proc/Sdram_Control/Sdram_Control.v Line: 37
Warning (10229): Verilog HDL Expression warning at sdr_data_path.v(68): truncated literal to match 1 bits File: C:/Users/amers/Desktop/ECE554/capstone/image_proc/Sdram_Control/sdr_data_path.v Line: 68
Info (12021): Found 1 design units, including 1 entities, in source file sdram_control/sdr_data_path.v
    Info (12023): Found entity 1: sdr_data_path File: C:/Users/amers/Desktop/ECE554/capstone/image_proc/Sdram_Control/sdr_data_path.v Line: 43
Info (12021): Found 1 design units, including 1 entities, in source file sdram_control/control_interface.v
    Info (12023): Found entity 1: control_interface File: C:/Users/amers/Desktop/ECE554/capstone/image_proc/Sdram_Control/control_interface.v Line: 43
Info (12021): Found 1 design units, including 1 entities, in source file sdram_control/command.v
    Info (12023): Found entity 1: command File: C:/Users/amers/Desktop/ECE554/capstone/image_proc/Sdram_Control/command.v Line: 43
Info (12021): Found 1 design units, including 1 entities, in source file v/seg7_lut_6.v
    Info (12023): Found entity 1: SEG7_LUT_6 File: C:/Users/amers/Desktop/ECE554/capstone/image_proc/v/SEG7_LUT_6.v Line: 43
Info (12021): Found 1 design units, including 1 entities, in source file v/sdram_pll.v
    Info (12023): Found entity 1: sdram_pll File: C:/Users/amers/Desktop/ECE554/capstone/image_proc/v/sdram_pll.v Line: 8
Info (12021): Found 1 design units, including 1 entities, in source file v/sdram_pll/sdram_pll_0002.v
    Info (12023): Found entity 1: sdram_pll_0002 File: C:/Users/amers/Desktop/ECE554/capstone/image_proc/v/sdram_pll/sdram_pll_0002.v Line: 2
Info (12021): Found 1 design units, including 1 entities, in source file sdram_control/sdram_rd_fifo.v
    Info (12023): Found entity 1: Sdram_RD_FIFO File: C:/Users/amers/Desktop/ECE554/capstone/image_proc/Sdram_Control/Sdram_RD_FIFO.v Line: 39
Info (12021): Found 1 design units, including 1 entities, in source file sdram_control/sdram_wr_fifo.v
    Info (12023): Found entity 1: Sdram_WR_FIFO File: C:/Users/amers/Desktop/ECE554/capstone/image_proc/Sdram_Control/Sdram_WR_FIFO.v Line: 39
Info (12127): Elaborating entity "DE1_SoC_CAMERA" for the top level hierarchy
Warning (10034): Output port "ADC_DIN" at DE1_SoC_CAMERA.v(53) has no driver File: C:/Users/amers/Desktop/ECE554/capstone/image_proc/DE1_SoC_CAMERA.v Line: 53
Warning (10034): Output port "ADC_SCLK" at DE1_SoC_CAMERA.v(55) has no driver File: C:/Users/amers/Desktop/ECE554/capstone/image_proc/DE1_SoC_CAMERA.v Line: 55
Warning (10034): Output port "AUD_DACDAT" at DE1_SoC_CAMERA.v(61) has no driver File: C:/Users/amers/Desktop/ECE554/capstone/image_proc/DE1_SoC_CAMERA.v Line: 61
Warning (10034): Output port "AUD_XCK" at DE1_SoC_CAMERA.v(63) has no driver File: C:/Users/amers/Desktop/ECE554/capstone/image_proc/DE1_SoC_CAMERA.v Line: 63
Warning (10034): Output port "FAN_CTRL" at DE1_SoC_CAMERA.v(91) has no driver File: C:/Users/amers/Desktop/ECE554/capstone/image_proc/DE1_SoC_CAMERA.v Line: 91
Warning (10034): Output port "FPGA_I2C_SCLK" at DE1_SoC_CAMERA.v(94) has no driver File: C:/Users/amers/Desktop/ECE554/capstone/image_proc/DE1_SoC_CAMERA.v Line: 94
Warning (10034): Output port "IRDA_TXD" at DE1_SoC_CAMERA.v(110) has no driver File: C:/Users/amers/Desktop/ECE554/capstone/image_proc/DE1_SoC_CAMERA.v Line: 110
Warning (10034): Output port "TD_RESET_N" at DE1_SoC_CAMERA.v(131) has no driver File: C:/Users/amers/Desktop/ECE554/capstone/image_proc/DE1_SoC_CAMERA.v Line: 131
Info (12128): Elaborating entity "Reset_Delay" for hierarchy "Reset_Delay:u2" File: C:/Users/amers/Desktop/ECE554/capstone/image_proc/DE1_SoC_CAMERA.v Line: 262
Info (12128): Elaborating entity "CCD_Capture" for hierarchy "CCD_Capture:u3" File: C:/Users/amers/Desktop/ECE554/capstone/image_proc/DE1_SoC_CAMERA.v Line: 281
Warning (10036): Verilog HDL or VHDL warning at CCD_Capture.v(164): object "ifval_fedge" assigned a value but never read File: C:/Users/amers/Desktop/ECE554/capstone/image_proc/v/CCD_Capture.v Line: 164
Warning (10036): Verilog HDL or VHDL warning at CCD_Capture.v(165): object "y_cnt_d" assigned a value but never read File: C:/Users/amers/Desktop/ECE554/capstone/image_proc/v/CCD_Capture.v Line: 165
Warning (10230): Verilog HDL assignment warning at CCD_Capture.v(125): truncated value with size 32 to match size of target (16) File: C:/Users/amers/Desktop/ECE554/capstone/image_proc/v/CCD_Capture.v Line: 125
Warning (10230): Verilog HDL assignment warning at CCD_Capture.v(129): truncated value with size 32 to match size of target (16) File: C:/Users/amers/Desktop/ECE554/capstone/image_proc/v/CCD_Capture.v Line: 129
Warning (10230): Verilog HDL assignment warning at CCD_Capture.v(185): truncated value with size 32 to match size of target (1) File: C:/Users/amers/Desktop/ECE554/capstone/image_proc/v/CCD_Capture.v Line: 185
Info (12128): Elaborating entity "RAW2RGB" for hierarchy "RAW2RGB:u4" File: C:/Users/amers/Desktop/ECE554/capstone/image_proc/DE1_SoC_CAMERA.v Line: 298
Info (12128): Elaborating entity "Line_Buffer1" for hierarchy "RAW2RGB:u4|Line_Buffer1:u0" File: C:/Users/amers/Desktop/ECE554/capstone/image_proc/v/RAW2RGB.v Line: 83
Info (12128): Elaborating entity "altshift_taps" for hierarchy "RAW2RGB:u4|Line_Buffer1:u0|altshift_taps:ALTSHIFT_TAPS_component" File: C:/Users/amers/Desktop/ECE554/capstone/image_proc/v/Line_Buffer1.v Line: 79
Info (12130): Elaborated megafunction instantiation "RAW2RGB:u4|Line_Buffer1:u0|altshift_taps:ALTSHIFT_TAPS_component" File: C:/Users/amers/Desktop/ECE554/capstone/image_proc/v/Line_Buffer1.v Line: 79
Info (12133): Instantiated megafunction "RAW2RGB:u4|Line_Buffer1:u0|altshift_taps:ALTSHIFT_TAPS_component" with the following parameter: File: C:/Users/amers/Desktop/ECE554/capstone/image_proc/v/Line_Buffer1.v Line: 79
    Info (12134): Parameter "intended_device_family" = "Cyclone V"
    Info (12134): Parameter "lpm_hint" = "RAM_BLOCK_TYPE=M10K"
    Info (12134): Parameter "lpm_type" = "altshift_taps"
    Info (12134): Parameter "number_of_taps" = "2"
    Info (12134): Parameter "tap_distance" = "1280"
    Info (12134): Parameter "width" = "12"
Info (12021): Found 1 design units, including 1 entities, in source file db/shift_taps_lv51.tdf
    Info (12023): Found entity 1: shift_taps_lv51 File: C:/Users/amers/Desktop/ECE554/capstone/image_proc/db/shift_taps_lv51.tdf Line: 27
Info (12128): Elaborating entity "shift_taps_lv51" for hierarchy "RAW2RGB:u4|Line_Buffer1:u0|altshift_taps:ALTSHIFT_TAPS_component|shift_taps_lv51:auto_generated" File: c:/altera_lite/25.1std/quartus/libraries/megafunctions/altshift_taps.tdf Line: 104
Info (12021): Found 1 design units, including 1 entities, in source file db/altsyncram_jug1.tdf
    Info (12023): Found entity 1: altsyncram_jug1 File: C:/Users/amers/Desktop/ECE554/capstone/image_proc/db/altsyncram_jug1.tdf Line: 28
Info (12128): Elaborating entity "altsyncram_jug1" for hierarchy "RAW2RGB:u4|Line_Buffer1:u0|altshift_taps:ALTSHIFT_TAPS_component|shift_taps_lv51:auto_generated|altsyncram_jug1:altsyncram2" File: C:/Users/amers/Desktop/ECE554/capstone/image_proc/db/shift_taps_lv51.tdf Line: 36
Info (12021): Found 1 design units, including 1 entities, in source file db/cntr_7of.tdf
    Info (12023): Found entity 1: cntr_7of File: C:/Users/amers/Desktop/ECE554/capstone/image_proc/db/cntr_7of.tdf Line: 28
Info (12128): Elaborating entity "cntr_7of" for hierarchy "RAW2RGB:u4|Line_Buffer1:u0|altshift_taps:ALTSHIFT_TAPS_component|shift_taps_lv51:auto_generated|cntr_7of:cntr1" File: C:/Users/amers/Desktop/ECE554/capstone/image_proc/db/shift_taps_lv51.tdf Line: 37
Info (12021): Found 1 design units, including 1 entities, in source file db/cmpr_qac.tdf
    Info (12023): Found entity 1: cmpr_qac File: C:/Users/amers/Desktop/ECE554/capstone/image_proc/db/cmpr_qac.tdf Line: 23
Info (12128): Elaborating entity "cmpr_qac" for hierarchy "RAW2RGB:u4|Line_Buffer1:u0|altshift_taps:ALTSHIFT_TAPS_component|shift_taps_lv51:auto_generated|cntr_7of:cntr1|cmpr_qac:cmpr4" File: C:/Users/amers/Desktop/ECE554/capstone/image_proc/db/cntr_7of.tdf Line: 36
Info (12128): Elaborating entity "SEG7_LUT_6" for hierarchy "SEG7_LUT_6:u5" File: C:/Users/amers/Desktop/ECE554/capstone/image_proc/DE1_SoC_CAMERA.v Line: 322
Info (12128): Elaborating entity "SEG7_LUT" for hierarchy "SEG7_LUT_6:u5|SEG7_LUT:u0" File: C:/Users/amers/Desktop/ECE554/capstone/image_proc/v/SEG7_LUT_6.v Line: 47
Info (12128): Elaborating entity "sdram_pll" for hierarchy "sdram_pll:u6" File: C:/Users/amers/Desktop/ECE554/capstone/image_proc/DE1_SoC_CAMERA.v Line: 335
Info (12128): Elaborating entity "sdram_pll_0002" for hierarchy "sdram_pll:u6|sdram_pll_0002:sdram_pll_inst" File: C:/Users/amers/Desktop/ECE554/capstone/image_proc/v/sdram_pll.v Line: 25
Info (12128): Elaborating entity "altera_pll" for hierarchy "sdram_pll:u6|sdram_pll_0002:sdram_pll_inst|altera_pll:altera_pll_i" File: C:/Users/amers/Desktop/ECE554/capstone/image_proc/v/sdram_pll/sdram_pll_0002.v Line: 94
Info (10008): Verilog HDL or VHDL information: EDA Netlist Writer cannot regroup multidimensional array "wire_to_nowhere_64" into its bus
Info (12130): Elaborated megafunction instantiation "sdram_pll:u6|sdram_pll_0002:sdram_pll_inst|altera_pll:altera_pll_i" File: C:/Users/amers/Desktop/ECE554/capstone/image_proc/v/sdram_pll/sdram_pll_0002.v Line: 94
Info (12133): Instantiated megafunction "sdram_pll:u6|sdram_pll_0002:sdram_pll_inst|altera_pll:altera_pll_i" with the following parameter: File: C:/Users/amers/Desktop/ECE554/capstone/image_proc/v/sdram_pll/sdram_pll_0002.v Line: 94
    Info (12134): Parameter "fractional_vco_multiplier" = "false"
    Info (12134): Parameter "reference_clock_frequency" = "50.0 MHz"
    Info (12134): Parameter "operation_mode" = "direct"
    Info (12134): Parameter "number_of_clocks" = "4"
    Info (12134): Parameter "output_clock_frequency0" = "100.000000 MHz"
    Info (12134): Parameter "phase_shift0" = "0 ps"
    Info (12134): Parameter "duty_cycle0" = "50"
    Info (12134): Parameter "output_clock_frequency1" = "100.000000 MHz"
    Info (12134): Parameter "phase_shift1" = "7500 ps"
    Info (12134): Parameter "duty_cycle1" = "50"
    Info (12134): Parameter "output_clock_frequency2" = "25.000000 MHz"
    Info (12134): Parameter "phase_shift2" = "0 ps"
    Info (12134): Parameter "duty_cycle2" = "50"
    Info (12134): Parameter "output_clock_frequency3" = "25.000000 MHz"
    Info (12134): Parameter "phase_shift3" = "0 ps"
    Info (12134): Parameter "duty_cycle3" = "50"
    Info (12134): Parameter "output_clock_frequency4" = "0 MHz"
    Info (12134): Parameter "phase_shift4" = "0 ps"
    Info (12134): Parameter "duty_cycle4" = "50"
    Info (12134): Parameter "output_clock_frequency5" = "0 MHz"
    Info (12134): Parameter "phase_shift5" = "0 ps"
    Info (12134): Parameter "duty_cycle5" = "50"
    Info (12134): Parameter "output_clock_frequency6" = "0 MHz"
    Info (12134): Parameter "phase_shift6" = "0 ps"
    Info (12134): Parameter "duty_cycle6" = "50"
    Info (12134): Parameter "output_clock_frequency7" = "0 MHz"
    Info (12134): Parameter "phase_shift7" = "0 ps"
    Info (12134): Parameter "duty_cycle7" = "50"
    Info (12134): Parameter "output_clock_frequency8" = "0 MHz"
    Info (12134): Parameter "phase_shift8" = "0 ps"
    Info (12134): Parameter "duty_cycle8" = "50"
    Info (12134): Parameter "output_clock_frequency9" = "0 MHz"
    Info (12134): Parameter "phase_shift9" = "0 ps"
    Info (12134): Parameter "duty_cycle9" = "50"
    Info (12134): Parameter "output_clock_frequency10" = "0 MHz"
    Info (12134): Parameter "phase_shift10" = "0 ps"
    Info (12134): Parameter "duty_cycle10" = "50"
    Info (12134): Parameter "output_clock_frequency11" = "0 MHz"
    Info (12134): Parameter "phase_shift11" = "0 ps"
    Info (12134): Parameter "duty_cycle11" = "50"
    Info (12134): Parameter "output_clock_frequency12" = "0 MHz"
    Info (12134): Parameter "phase_shift12" = "0 ps"
    Info (12134): Parameter "duty_cycle12" = "50"
    Info (12134): Parameter "output_clock_frequency13" = "0 MHz"
    Info (12134): Parameter "phase_shift13" = "0 ps"
    Info (12134): Parameter "duty_cycle13" = "50"
    Info (12134): Parameter "output_clock_frequency14" = "0 MHz"
    Info (12134): Parameter "phase_shift14" = "0 ps"
    Info (12134): Parameter "duty_cycle14" = "50"
    Info (12134): Parameter "output_clock_frequency15" = "0 MHz"
    Info (12134): Parameter "phase_shift15" = "0 ps"
    Info (12134): Parameter "duty_cycle15" = "50"
    Info (12134): Parameter "output_clock_frequency16" = "0 MHz"
    Info (12134): Parameter "phase_shift16" = "0 ps"
    Info (12134): Parameter "duty_cycle16" = "50"
    Info (12134): Parameter "output_clock_frequency17" = "0 MHz"
    Info (12134): Parameter "phase_shift17" = "0 ps"
    Info (12134): Parameter "duty_cycle17" = "50"
    Info (12134): Parameter "pll_type" = "General"
    Info (12134): Parameter "pll_subtype" = "General"
Info (12128): Elaborating entity "Sdram_Control" for hierarchy "Sdram_Control:u7" File: C:/Users/amers/Desktop/ECE554/capstone/image_proc/DE1_SoC_CAMERA.v Line: 386
Warning (10230): Verilog HDL assignment warning at Sdram_Control.v(385): truncated value with size 32 to match size of target (10) File: C:/Users/amers/Desktop/ECE554/capstone/image_proc/Sdram_Control/Sdram_Control.v Line: 385
Warning (10240): Verilog HDL Always Construct warning at Sdram_Control.v(423): inferring latch(es) for variable "rWR1_MAX_ADDR", which holds its previous value in one or more paths through the always construct File: C:/Users/amers/Desktop/ECE554/capstone/image_proc/Sdram_Control/Sdram_Control.v Line: 423
Warning (10240): Verilog HDL Always Construct warning at Sdram_Control.v(423): inferring latch(es) for variable "rWR2_MAX_ADDR", which holds its previous value in one or more paths through the always construct File: C:/Users/amers/Desktop/ECE554/capstone/image_proc/Sdram_Control/Sdram_Control.v Line: 423
Warning (10240): Verilog HDL Always Construct warning at Sdram_Control.v(423): inferring latch(es) for variable "rRD1_MAX_ADDR", which holds its previous value in one or more paths through the always construct File: C:/Users/amers/Desktop/ECE554/capstone/image_proc/Sdram_Control/Sdram_Control.v Line: 423
Warning (10240): Verilog HDL Always Construct warning at Sdram_Control.v(423): inferring latch(es) for variable "rRD2_MAX_ADDR", which holds its previous value in one or more paths through the always construct File: C:/Users/amers/Desktop/ECE554/capstone/image_proc/Sdram_Control/Sdram_Control.v Line: 423
Warning (10240): Verilog HDL Always Construct warning at Sdram_Control.v(423): inferring latch(es) for variable "rWR1_LENGTH", which holds its previous value in one or more paths through the always construct File: C:/Users/amers/Desktop/ECE554/capstone/image_proc/Sdram_Control/Sdram_Control.v Line: 423
Warning (10240): Verilog HDL Always Construct warning at Sdram_Control.v(423): inferring latch(es) for variable "rWR2_LENGTH", which holds its previous value in one or more paths through the always construct File: C:/Users/amers/Desktop/ECE554/capstone/image_proc/Sdram_Control/Sdram_Control.v Line: 423
Warning (10240): Verilog HDL Always Construct warning at Sdram_Control.v(423): inferring latch(es) for variable "rRD1_LENGTH", which holds its previous value in one or more paths through the always construct File: C:/Users/amers/Desktop/ECE554/capstone/image_proc/Sdram_Control/Sdram_Control.v Line: 423
Warning (10240): Verilog HDL Always Construct warning at Sdram_Control.v(423): inferring latch(es) for variable "rRD2_LENGTH", which holds its previous value in one or more paths through the always construct File: C:/Users/amers/Desktop/ECE554/capstone/image_proc/Sdram_Control/Sdram_Control.v Line: 423
Info (10041): Inferred latch for "rRD2_LENGTH[0]" at Sdram_Control.v(423) File: C:/Users/amers/Desktop/ECE554/capstone/image_proc/Sdram_Control/Sdram_Control.v Line: 423
Info (10041): Inferred latch for "rRD2_LENGTH[1]" at Sdram_Control.v(423) File: C:/Users/amers/Desktop/ECE554/capstone/image_proc/Sdram_Control/Sdram_Control.v Line: 423
Info (10041): Inferred latch for "rRD2_LENGTH[2]" at Sdram_Control.v(423) File: C:/Users/amers/Desktop/ECE554/capstone/image_proc/Sdram_Control/Sdram_Control.v Line: 423
Info (10041): Inferred latch for "rRD2_LENGTH[3]" at Sdram_Control.v(423) File: C:/Users/amers/Desktop/ECE554/capstone/image_proc/Sdram_Control/Sdram_Control.v Line: 423
Info (10041): Inferred latch for "rRD2_LENGTH[4]" at Sdram_Control.v(423) File: C:/Users/amers/Desktop/ECE554/capstone/image_proc/Sdram_Control/Sdram_Control.v Line: 423
Info (10041): Inferred latch for "rRD2_LENGTH[5]" at Sdram_Control.v(423) File: C:/Users/amers/Desktop/ECE554/capstone/image_proc/Sdram_Control/Sdram_Control.v Line: 423
Info (10041): Inferred latch for "rRD2_LENGTH[6]" at Sdram_Control.v(423) File: C:/Users/amers/Desktop/ECE554/capstone/image_proc/Sdram_Control/Sdram_Control.v Line: 423
Info (10041): Inferred latch for "rRD2_LENGTH[7]" at Sdram_Control.v(423) File: C:/Users/amers/Desktop/ECE554/capstone/image_proc/Sdram_Control/Sdram_Control.v Line: 423
Info (10041): Inferred latch for "rRD1_LENGTH[0]" at Sdram_Control.v(423) File: C:/Users/amers/Desktop/ECE554/capstone/image_proc/Sdram_Control/Sdram_Control.v Line: 423
Info (10041): Inferred latch for "rRD1_LENGTH[1]" at Sdram_Control.v(423) File: C:/Users/amers/Desktop/ECE554/capstone/image_proc/Sdram_Control/Sdram_Control.v Line: 423
Info (10041): Inferred latch for "rRD1_LENGTH[2]" at Sdram_Control.v(423) File: C:/Users/amers/Desktop/ECE554/capstone/image_proc/Sdram_Control/Sdram_Control.v Line: 423
Info (10041): Inferred latch for "rRD1_LENGTH[3]" at Sdram_Control.v(423) File: C:/Users/amers/Desktop/ECE554/capstone/image_proc/Sdram_Control/Sdram_Control.v Line: 423
Info (10041): Inferred latch for "rRD1_LENGTH[4]" at Sdram_Control.v(423) File: C:/Users/amers/Desktop/ECE554/capstone/image_proc/Sdram_Control/Sdram_Control.v Line: 423
Info (10041): Inferred latch for "rRD1_LENGTH[5]" at Sdram_Control.v(423) File: C:/Users/amers/Desktop/ECE554/capstone/image_proc/Sdram_Control/Sdram_Control.v Line: 423
Info (10041): Inferred latch for "rRD1_LENGTH[6]" at Sdram_Control.v(423) File: C:/Users/amers/Desktop/ECE554/capstone/image_proc/Sdram_Control/Sdram_Control.v Line: 423
Info (10041): Inferred latch for "rRD1_LENGTH[7]" at Sdram_Control.v(423) File: C:/Users/amers/Desktop/ECE554/capstone/image_proc/Sdram_Control/Sdram_Control.v Line: 423
Info (10041): Inferred latch for "rWR2_LENGTH[0]" at Sdram_Control.v(423) File: C:/Users/amers/Desktop/ECE554/capstone/image_proc/Sdram_Control/Sdram_Control.v Line: 423
Info (10041): Inferred latch for "rWR2_LENGTH[1]" at Sdram_Control.v(423) File: C:/Users/amers/Desktop/ECE554/capstone/image_proc/Sdram_Control/Sdram_Control.v Line: 423
Info (10041): Inferred latch for "rWR2_LENGTH[2]" at Sdram_Control.v(423) File: C:/Users/amers/Desktop/ECE554/capstone/image_proc/Sdram_Control/Sdram_Control.v Line: 423
Info (10041): Inferred latch for "rWR2_LENGTH[3]" at Sdram_Control.v(423) File: C:/Users/amers/Desktop/ECE554/capstone/image_proc/Sdram_Control/Sdram_Control.v Line: 423
Info (10041): Inferred latch for "rWR2_LENGTH[4]" at Sdram_Control.v(423) File: C:/Users/amers/Desktop/ECE554/capstone/image_proc/Sdram_Control/Sdram_Control.v Line: 423
Info (10041): Inferred latch for "rWR2_LENGTH[5]" at Sdram_Control.v(423) File: C:/Users/amers/Desktop/ECE554/capstone/image_proc/Sdram_Control/Sdram_Control.v Line: 423
Info (10041): Inferred latch for "rWR2_LENGTH[6]" at Sdram_Control.v(423) File: C:/Users/amers/Desktop/ECE554/capstone/image_proc/Sdram_Control/Sdram_Control.v Line: 423
Info (10041): Inferred latch for "rWR2_LENGTH[7]" at Sdram_Control.v(423) File: C:/Users/amers/Desktop/ECE554/capstone/image_proc/Sdram_Control/Sdram_Control.v Line: 423
Info (10041): Inferred latch for "rWR1_LENGTH[0]" at Sdram_Control.v(423) File: C:/Users/amers/Desktop/ECE554/capstone/image_proc/Sdram_Control/Sdram_Control.v Line: 423
Info (10041): Inferred latch for "rWR1_LENGTH[1]" at Sdram_Control.v(423) File: C:/Users/amers/Desktop/ECE554/capstone/image_proc/Sdram_Control/Sdram_Control.v Line: 423
Info (10041): Inferred latch for "rWR1_LENGTH[2]" at Sdram_Control.v(423) File: C:/Users/amers/Desktop/ECE554/capstone/image_proc/Sdram_Control/Sdram_Control.v Line: 423
Info (10041): Inferred latch for "rWR1_LENGTH[3]" at Sdram_Control.v(423) File: C:/Users/amers/Desktop/ECE554/capstone/image_proc/Sdram_Control/Sdram_Control.v Line: 423
Info (10041): Inferred latch for "rWR1_LENGTH[4]" at Sdram_Control.v(423) File: C:/Users/amers/Desktop/ECE554/capstone/image_proc/Sdram_Control/Sdram_Control.v Line: 423
Info (10041): Inferred latch for "rWR1_LENGTH[5]" at Sdram_Control.v(423) File: C:/Users/amers/Desktop/ECE554/capstone/image_proc/Sdram_Control/Sdram_Control.v Line: 423
Info (10041): Inferred latch for "rWR1_LENGTH[6]" at Sdram_Control.v(423) File: C:/Users/amers/Desktop/ECE554/capstone/image_proc/Sdram_Control/Sdram_Control.v Line: 423
Info (10041): Inferred latch for "rWR1_LENGTH[7]" at Sdram_Control.v(423) File: C:/Users/amers/Desktop/ECE554/capstone/image_proc/Sdram_Control/Sdram_Control.v Line: 423
Info (10041): Inferred latch for "rRD2_MAX_ADDR[0]" at Sdram_Control.v(423) File: C:/Users/amers/Desktop/ECE554/capstone/image_proc/Sdram_Control/Sdram_Control.v Line: 423
Info (10041): Inferred latch for "rRD2_MAX_ADDR[1]" at Sdram_Control.v(423) File: C:/Users/amers/Desktop/ECE554/capstone/image_proc/Sdram_Control/Sdram_Control.v Line: 423
Info (10041): Inferred latch for "rRD2_MAX_ADDR[2]" at Sdram_Control.v(423) File: C:/Users/amers/Desktop/ECE554/capstone/image_proc/Sdram_Control/Sdram_Control.v Line: 423
Info (10041): Inferred latch for "rRD2_MAX_ADDR[3]" at Sdram_Control.v(423) File: C:/Users/amers/Desktop/ECE554/capstone/image_proc/Sdram_Control/Sdram_Control.v Line: 423
Info (10041): Inferred latch for "rRD2_MAX_ADDR[4]" at Sdram_Control.v(423) File: C:/Users/amers/Desktop/ECE554/capstone/image_proc/Sdram_Control/Sdram_Control.v Line: 423
Info (10041): Inferred latch for "rRD2_MAX_ADDR[5]" at Sdram_Control.v(423) File: C:/Users/amers/Desktop/ECE554/capstone/image_proc/Sdram_Control/Sdram_Control.v Line: 423
Info (10041): Inferred latch for "rRD2_MAX_ADDR[6]" at Sdram_Control.v(423) File: C:/Users/amers/Desktop/ECE554/capstone/image_proc/Sdram_Control/Sdram_Control.v Line: 423
Info (10041): Inferred latch for "rRD2_MAX_ADDR[7]" at Sdram_Control.v(423) File: C:/Users/amers/Desktop/ECE554/capstone/image_proc/Sdram_Control/Sdram_Control.v Line: 423
Info (10041): Inferred latch for "rRD2_MAX_ADDR[8]" at Sdram_Control.v(423) File: C:/Users/amers/Desktop/ECE554/capstone/image_proc/Sdram_Control/Sdram_Control.v Line: 423
Info (10041): Inferred latch for "rRD2_MAX_ADDR[9]" at Sdram_Control.v(423) File: C:/Users/amers/Desktop/ECE554/capstone/image_proc/Sdram_Control/Sdram_Control.v Line: 423
Info (10041): Inferred latch for "rRD2_MAX_ADDR[10]" at Sdram_Control.v(423) File: C:/Users/amers/Desktop/ECE554/capstone/image_proc/Sdram_Control/Sdram_Control.v Line: 423
Info (10041): Inferred latch for "rRD2_MAX_ADDR[11]" at Sdram_Control.v(423) File: C:/Users/amers/Desktop/ECE554/capstone/image_proc/Sdram_Control/Sdram_Control.v Line: 423
Info (10041): Inferred latch for "rRD2_MAX_ADDR[12]" at Sdram_Control.v(423) File: C:/Users/amers/Desktop/ECE554/capstone/image_proc/Sdram_Control/Sdram_Control.v Line: 423
Info (10041): Inferred latch for "rRD2_MAX_ADDR[13]" at Sdram_Control.v(423) File: C:/Users/amers/Desktop/ECE554/capstone/image_proc/Sdram_Control/Sdram_Control.v Line: 423
Info (10041): Inferred latch for "rRD2_MAX_ADDR[14]" at Sdram_Control.v(423) File: C:/Users/amers/Desktop/ECE554/capstone/image_proc/Sdram_Control/Sdram_Control.v Line: 423
Info (10041): Inferred latch for "rRD2_MAX_ADDR[15]" at Sdram_Control.v(423) File: C:/Users/amers/Desktop/ECE554/capstone/image_proc/Sdram_Control/Sdram_Control.v Line: 423
Info (10041): Inferred latch for "rRD2_MAX_ADDR[16]" at Sdram_Control.v(423) File: C:/Users/amers/Desktop/ECE554/capstone/image_proc/Sdram_Control/Sdram_Control.v Line: 423
Info (10041): Inferred latch for "rRD2_MAX_ADDR[17]" at Sdram_Control.v(423) File: C:/Users/amers/Desktop/ECE554/capstone/image_proc/Sdram_Control/Sdram_Control.v Line: 423
Info (10041): Inferred latch for "rRD2_MAX_ADDR[18]" at Sdram_Control.v(423) File: C:/Users/amers/Desktop/ECE554/capstone/image_proc/Sdram_Control/Sdram_Control.v Line: 423
Info (10041): Inferred latch for "rRD2_MAX_ADDR[19]" at Sdram_Control.v(423) File: C:/Users/amers/Desktop/ECE554/capstone/image_proc/Sdram_Control/Sdram_Control.v Line: 423
Info (10041): Inferred latch for "rRD2_MAX_ADDR[20]" at Sdram_Control.v(423) File: C:/Users/amers/Desktop/ECE554/capstone/image_proc/Sdram_Control/Sdram_Control.v Line: 423
Info (10041): Inferred latch for "rRD2_MAX_ADDR[21]" at Sdram_Control.v(423) File: C:/Users/amers/Desktop/ECE554/capstone/image_proc/Sdram_Control/Sdram_Control.v Line: 423
Info (10041): Inferred latch for "rRD2_MAX_ADDR[22]" at Sdram_Control.v(423) File: C:/Users/amers/Desktop/ECE554/capstone/image_proc/Sdram_Control/Sdram_Control.v Line: 423
Info (10041): Inferred latch for "rRD1_MAX_ADDR[0]" at Sdram_Control.v(423) File: C:/Users/amers/Desktop/ECE554/capstone/image_proc/Sdram_Control/Sdram_Control.v Line: 423
Info (10041): Inferred latch for "rRD1_MAX_ADDR[1]" at Sdram_Control.v(423) File: C:/Users/amers/Desktop/ECE554/capstone/image_proc/Sdram_Control/Sdram_Control.v Line: 423
Info (10041): Inferred latch for "rRD1_MAX_ADDR[2]" at Sdram_Control.v(423) File: C:/Users/amers/Desktop/ECE554/capstone/image_proc/Sdram_Control/Sdram_Control.v Line: 423
Info (10041): Inferred latch for "rRD1_MAX_ADDR[3]" at Sdram_Control.v(423) File: C:/Users/amers/Desktop/ECE554/capstone/image_proc/Sdram_Control/Sdram_Control.v Line: 423
Info (10041): Inferred latch for "rRD1_MAX_ADDR[4]" at Sdram_Control.v(423) File: C:/Users/amers/Desktop/ECE554/capstone/image_proc/Sdram_Control/Sdram_Control.v Line: 423
Info (10041): Inferred latch for "rRD1_MAX_ADDR[5]" at Sdram_Control.v(423) File: C:/Users/amers/Desktop/ECE554/capstone/image_proc/Sdram_Control/Sdram_Control.v Line: 423
Info (10041): Inferred latch for "rRD1_MAX_ADDR[6]" at Sdram_Control.v(423) File: C:/Users/amers/Desktop/ECE554/capstone/image_proc/Sdram_Control/Sdram_Control.v Line: 423
Info (10041): Inferred latch for "rRD1_MAX_ADDR[7]" at Sdram_Control.v(423) File: C:/Users/amers/Desktop/ECE554/capstone/image_proc/Sdram_Control/Sdram_Control.v Line: 423
Info (10041): Inferred latch for "rRD1_MAX_ADDR[8]" at Sdram_Control.v(423) File: C:/Users/amers/Desktop/ECE554/capstone/image_proc/Sdram_Control/Sdram_Control.v Line: 423
Info (10041): Inferred latch for "rRD1_MAX_ADDR[9]" at Sdram_Control.v(423) File: C:/Users/amers/Desktop/ECE554/capstone/image_proc/Sdram_Control/Sdram_Control.v Line: 423
Info (10041): Inferred latch for "rRD1_MAX_ADDR[10]" at Sdram_Control.v(423) File: C:/Users/amers/Desktop/ECE554/capstone/image_proc/Sdram_Control/Sdram_Control.v Line: 423
Info (10041): Inferred latch for "rRD1_MAX_ADDR[11]" at Sdram_Control.v(423) File: C:/Users/amers/Desktop/ECE554/capstone/image_proc/Sdram_Control/Sdram_Control.v Line: 423
Info (10041): Inferred latch for "rRD1_MAX_ADDR[12]" at Sdram_Control.v(423) File: C:/Users/amers/Desktop/ECE554/capstone/image_proc/Sdram_Control/Sdram_Control.v Line: 423
Info (10041): Inferred latch for "rRD1_MAX_ADDR[13]" at Sdram_Control.v(423) File: C:/Users/amers/Desktop/ECE554/capstone/image_proc/Sdram_Control/Sdram_Control.v Line: 423
Info (10041): Inferred latch for "rRD1_MAX_ADDR[14]" at Sdram_Control.v(423) File: C:/Users/amers/Desktop/ECE554/capstone/image_proc/Sdram_Control/Sdram_Control.v Line: 423
Info (10041): Inferred latch for "rRD1_MAX_ADDR[15]" at Sdram_Control.v(423) File: C:/Users/amers/Desktop/ECE554/capstone/image_proc/Sdram_Control/Sdram_Control.v Line: 423
Info (10041): Inferred latch for "rRD1_MAX_ADDR[16]" at Sdram_Control.v(423) File: C:/Users/amers/Desktop/ECE554/capstone/image_proc/Sdram_Control/Sdram_Control.v Line: 423
Info (10041): Inferred latch for "rRD1_MAX_ADDR[17]" at Sdram_Control.v(423) File: C:/Users/amers/Desktop/ECE554/capstone/image_proc/Sdram_Control/Sdram_Control.v Line: 423
Info (10041): Inferred latch for "rRD1_MAX_ADDR[18]" at Sdram_Control.v(423) File: C:/Users/amers/Desktop/ECE554/capstone/image_proc/Sdram_Control/Sdram_Control.v Line: 423
Info (10041): Inferred latch for "rRD1_MAX_ADDR[19]" at Sdram_Control.v(423) File: C:/Users/amers/Desktop/ECE554/capstone/image_proc/Sdram_Control/Sdram_Control.v Line: 423
Info (10041): Inferred latch for "rRD1_MAX_ADDR[20]" at Sdram_Control.v(423) File: C:/Users/amers/Desktop/ECE554/capstone/image_proc/Sdram_Control/Sdram_Control.v Line: 423
Info (10041): Inferred latch for "rRD1_MAX_ADDR[21]" at Sdram_Control.v(423) File: C:/Users/amers/Desktop/ECE554/capstone/image_proc/Sdram_Control/Sdram_Control.v Line: 423
Info (10041): Inferred latch for "rRD1_MAX_ADDR[22]" at Sdram_Control.v(423) File: C:/Users/amers/Desktop/ECE554/capstone/image_proc/Sdram_Control/Sdram_Control.v Line: 423
Info (10041): Inferred latch for "rWR2_MAX_ADDR[0]" at Sdram_Control.v(423) File: C:/Users/amers/Desktop/ECE554/capstone/image_proc/Sdram_Control/Sdram_Control.v Line: 423
Info (10041): Inferred latch for "rWR2_MAX_ADDR[1]" at Sdram_Control.v(423) File: C:/Users/amers/Desktop/ECE554/capstone/image_proc/Sdram_Control/Sdram_Control.v Line: 423
Info (10041): Inferred latch for "rWR2_MAX_ADDR[2]" at Sdram_Control.v(423) File: C:/Users/amers/Desktop/ECE554/capstone/image_proc/Sdram_Control/Sdram_Control.v Line: 423
Info (10041): Inferred latch for "rWR2_MAX_ADDR[3]" at Sdram_Control.v(423) File: C:/Users/amers/Desktop/ECE554/capstone/image_proc/Sdram_Control/Sdram_Control.v Line: 423
Info (10041): Inferred latch for "rWR2_MAX_ADDR[4]" at Sdram_Control.v(423) File: C:/Users/amers/Desktop/ECE554/capstone/image_proc/Sdram_Control/Sdram_Control.v Line: 423
Info (10041): Inferred latch for "rWR2_MAX_ADDR[5]" at Sdram_Control.v(423) File: C:/Users/amers/Desktop/ECE554/capstone/image_proc/Sdram_Control/Sdram_Control.v Line: 423
Info (10041): Inferred latch for "rWR2_MAX_ADDR[6]" at Sdram_Control.v(423) File: C:/Users/amers/Desktop/ECE554/capstone/image_proc/Sdram_Control/Sdram_Control.v Line: 423
Info (10041): Inferred latch for "rWR2_MAX_ADDR[7]" at Sdram_Control.v(423) File: C:/Users/amers/Desktop/ECE554/capstone/image_proc/Sdram_Control/Sdram_Control.v Line: 423
Info (10041): Inferred latch for "rWR2_MAX_ADDR[8]" at Sdram_Control.v(423) File: C:/Users/amers/Desktop/ECE554/capstone/image_proc/Sdram_Control/Sdram_Control.v Line: 423
Info (10041): Inferred latch for "rWR2_MAX_ADDR[9]" at Sdram_Control.v(423) File: C:/Users/amers/Desktop/ECE554/capstone/image_proc/Sdram_Control/Sdram_Control.v Line: 423
Info (10041): Inferred latch for "rWR2_MAX_ADDR[10]" at Sdram_Control.v(423) File: C:/Users/amers/Desktop/ECE554/capstone/image_proc/Sdram_Control/Sdram_Control.v Line: 423
Info (10041): Inferred latch for "rWR2_MAX_ADDR[11]" at Sdram_Control.v(423) File: C:/Users/amers/Desktop/ECE554/capstone/image_proc/Sdram_Control/Sdram_Control.v Line: 423
Info (10041): Inferred latch for "rWR2_MAX_ADDR[12]" at Sdram_Control.v(423) File: C:/Users/amers/Desktop/ECE554/capstone/image_proc/Sdram_Control/Sdram_Control.v Line: 423
Info (10041): Inferred latch for "rWR2_MAX_ADDR[13]" at Sdram_Control.v(423) File: C:/Users/amers/Desktop/ECE554/capstone/image_proc/Sdram_Control/Sdram_Control.v Line: 423
Info (10041): Inferred latch for "rWR2_MAX_ADDR[14]" at Sdram_Control.v(423) File: C:/Users/amers/Desktop/ECE554/capstone/image_proc/Sdram_Control/Sdram_Control.v Line: 423
Info (10041): Inferred latch for "rWR2_MAX_ADDR[15]" at Sdram_Control.v(423) File: C:/Users/amers/Desktop/ECE554/capstone/image_proc/Sdram_Control/Sdram_Control.v Line: 423
Info (10041): Inferred latch for "rWR2_MAX_ADDR[16]" at Sdram_Control.v(423) File: C:/Users/amers/Desktop/ECE554/capstone/image_proc/Sdram_Control/Sdram_Control.v Line: 423
Info (10041): Inferred latch for "rWR2_MAX_ADDR[17]" at Sdram_Control.v(423) File: C:/Users/amers/Desktop/ECE554/capstone/image_proc/Sdram_Control/Sdram_Control.v Line: 423
Info (10041): Inferred latch for "rWR2_MAX_ADDR[18]" at Sdram_Control.v(423) File: C:/Users/amers/Desktop/ECE554/capstone/image_proc/Sdram_Control/Sdram_Control.v Line: 423
Info (10041): Inferred latch for "rWR2_MAX_ADDR[19]" at Sdram_Control.v(423) File: C:/Users/amers/Desktop/ECE554/capstone/image_proc/Sdram_Control/Sdram_Control.v Line: 423
Info (10041): Inferred latch for "rWR2_MAX_ADDR[20]" at Sdram_Control.v(423) File: C:/Users/amers/Desktop/ECE554/capstone/image_proc/Sdram_Control/Sdram_Control.v Line: 423
Info (10041): Inferred latch for "rWR2_MAX_ADDR[21]" at Sdram_Control.v(423) File: C:/Users/amers/Desktop/ECE554/capstone/image_proc/Sdram_Control/Sdram_Control.v Line: 423
Info (10041): Inferred latch for "rWR2_MAX_ADDR[22]" at Sdram_Control.v(423) File: C:/Users/amers/Desktop/ECE554/capstone/image_proc/Sdram_Control/Sdram_Control.v Line: 423
Info (10041): Inferred latch for "rWR1_MAX_ADDR[0]" at Sdram_Control.v(423) File: C:/Users/amers/Desktop/ECE554/capstone/image_proc/Sdram_Control/Sdram_Control.v Line: 423
Info (10041): Inferred latch for "rWR1_MAX_ADDR[1]" at Sdram_Control.v(423) File: C:/Users/amers/Desktop/ECE554/capstone/image_proc/Sdram_Control/Sdram_Control.v Line: 423
Info (10041): Inferred latch for "rWR1_MAX_ADDR[2]" at Sdram_Control.v(423) File: C:/Users/amers/Desktop/ECE554/capstone/image_proc/Sdram_Control/Sdram_Control.v Line: 423
Info (10041): Inferred latch for "rWR1_MAX_ADDR[3]" at Sdram_Control.v(423) File: C:/Users/amers/Desktop/ECE554/capstone/image_proc/Sdram_Control/Sdram_Control.v Line: 423
Info (10041): Inferred latch for "rWR1_MAX_ADDR[4]" at Sdram_Control.v(423) File: C:/Users/amers/Desktop/ECE554/capstone/image_proc/Sdram_Control/Sdram_Control.v Line: 423
Info (10041): Inferred latch for "rWR1_MAX_ADDR[5]" at Sdram_Control.v(423) File: C:/Users/amers/Desktop/ECE554/capstone/image_proc/Sdram_Control/Sdram_Control.v Line: 423
Info (10041): Inferred latch for "rWR1_MAX_ADDR[6]" at Sdram_Control.v(423) File: C:/Users/amers/Desktop/ECE554/capstone/image_proc/Sdram_Control/Sdram_Control.v Line: 423
Info (10041): Inferred latch for "rWR1_MAX_ADDR[7]" at Sdram_Control.v(423) File: C:/Users/amers/Desktop/ECE554/capstone/image_proc/Sdram_Control/Sdram_Control.v Line: 423
Info (10041): Inferred latch for "rWR1_MAX_ADDR[8]" at Sdram_Control.v(423) File: C:/Users/amers/Desktop/ECE554/capstone/image_proc/Sdram_Control/Sdram_Control.v Line: 423
Info (10041): Inferred latch for "rWR1_MAX_ADDR[9]" at Sdram_Control.v(423) File: C:/Users/amers/Desktop/ECE554/capstone/image_proc/Sdram_Control/Sdram_Control.v Line: 423
Info (10041): Inferred latch for "rWR1_MAX_ADDR[10]" at Sdram_Control.v(423) File: C:/Users/amers/Desktop/ECE554/capstone/image_proc/Sdram_Control/Sdram_Control.v Line: 423
Info (10041): Inferred latch for "rWR1_MAX_ADDR[11]" at Sdram_Control.v(423) File: C:/Users/amers/Desktop/ECE554/capstone/image_proc/Sdram_Control/Sdram_Control.v Line: 423
Info (10041): Inferred latch for "rWR1_MAX_ADDR[12]" at Sdram_Control.v(423) File: C:/Users/amers/Desktop/ECE554/capstone/image_proc/Sdram_Control/Sdram_Control.v Line: 423
Info (10041): Inferred latch for "rWR1_MAX_ADDR[13]" at Sdram_Control.v(423) File: C:/Users/amers/Desktop/ECE554/capstone/image_proc/Sdram_Control/Sdram_Control.v Line: 423
Info (10041): Inferred latch for "rWR1_MAX_ADDR[14]" at Sdram_Control.v(423) File: C:/Users/amers/Desktop/ECE554/capstone/image_proc/Sdram_Control/Sdram_Control.v Line: 423
Info (10041): Inferred latch for "rWR1_MAX_ADDR[15]" at Sdram_Control.v(423) File: C:/Users/amers/Desktop/ECE554/capstone/image_proc/Sdram_Control/Sdram_Control.v Line: 423
Info (10041): Inferred latch for "rWR1_MAX_ADDR[16]" at Sdram_Control.v(423) File: C:/Users/amers/Desktop/ECE554/capstone/image_proc/Sdram_Control/Sdram_Control.v Line: 423
Info (10041): Inferred latch for "rWR1_MAX_ADDR[17]" at Sdram_Control.v(423) File: C:/Users/amers/Desktop/ECE554/capstone/image_proc/Sdram_Control/Sdram_Control.v Line: 423
Info (10041): Inferred latch for "rWR1_MAX_ADDR[18]" at Sdram_Control.v(423) File: C:/Users/amers/Desktop/ECE554/capstone/image_proc/Sdram_Control/Sdram_Control.v Line: 423
Info (10041): Inferred latch for "rWR1_MAX_ADDR[19]" at Sdram_Control.v(423) File: C:/Users/amers/Desktop/ECE554/capstone/image_proc/Sdram_Control/Sdram_Control.v Line: 423
Info (10041): Inferred latch for "rWR1_MAX_ADDR[20]" at Sdram_Control.v(423) File: C:/Users/amers/Desktop/ECE554/capstone/image_proc/Sdram_Control/Sdram_Control.v Line: 423
Info (10041): Inferred latch for "rWR1_MAX_ADDR[21]" at Sdram_Control.v(423) File: C:/Users/amers/Desktop/ECE554/capstone/image_proc/Sdram_Control/Sdram_Control.v Line: 423
Info (10041): Inferred latch for "rWR1_MAX_ADDR[22]" at Sdram_Control.v(423) File: C:/Users/amers/Desktop/ECE554/capstone/image_proc/Sdram_Control/Sdram_Control.v Line: 423
Info (12128): Elaborating entity "control_interface" for hierarchy "Sdram_Control:u7|control_interface:u_control_interface" File: C:/Users/amers/Desktop/ECE554/capstone/image_proc/Sdram_Control/Sdram_Control.v Line: 239
Warning (10230): Verilog HDL assignment warning at control_interface.v(162): truncated value with size 32 to match size of target (16) File: C:/Users/amers/Desktop/ECE554/capstone/image_proc/Sdram_Control/control_interface.v Line: 162
Warning (10230): Verilog HDL assignment warning at control_interface.v(167): truncated value with size 32 to match size of target (16) File: C:/Users/amers/Desktop/ECE554/capstone/image_proc/Sdram_Control/control_interface.v Line: 167
Warning (10230): Verilog HDL assignment warning at control_interface.v(192): truncated value with size 32 to match size of target (16) File: C:/Users/amers/Desktop/ECE554/capstone/image_proc/Sdram_Control/control_interface.v Line: 192
Info (12128): Elaborating entity "command" for hierarchy "Sdram_Control:u7|command:u_command" File: C:/Users/amers/Desktop/ECE554/capstone/image_proc/Sdram_Control/Sdram_Control.v Line: 264
Warning (10240): Verilog HDL Always Construct warning at command.v(275): inferring latch(es) for variable "oe_shift", which holds its previous value in one or more paths through the always construct File: C:/Users/amers/Desktop/ECE554/capstone/image_proc/Sdram_Control/command.v Line: 275
Warning (10240): Verilog HDL Always Construct warning at command.v(275): inferring latch(es) for variable "oe1", which holds its previous value in one or more paths through the always construct File: C:/Users/amers/Desktop/ECE554/capstone/image_proc/Sdram_Control/command.v Line: 275
Warning (10240): Verilog HDL Always Construct warning at command.v(275): inferring latch(es) for variable "oe2", which holds its previous value in one or more paths through the always construct File: C:/Users/amers/Desktop/ECE554/capstone/image_proc/Sdram_Control/command.v Line: 275
Info (12128): Elaborating entity "sdr_data_path" for hierarchy "Sdram_Control:u7|sdr_data_path:u_sdr_data_path" File: C:/Users/amers/Desktop/ECE554/capstone/image_proc/Sdram_Control/Sdram_Control.v Line: 272
Warning (10230): Verilog HDL assignment warning at sdr_data_path.v(68): truncated value with size 32 to match size of target (2) File: C:/Users/amers/Desktop/ECE554/capstone/image_proc/Sdram_Control/sdr_data_path.v Line: 68
Info (12128): Elaborating entity "Sdram_WR_FIFO" for hierarchy "Sdram_Control:u7|Sdram_WR_FIFO:u_write1_fifo" File: C:/Users/amers/Desktop/ECE554/capstone/image_proc/Sdram_Control/Sdram_Control.v Line: 282
Info (12128): Elaborating entity "dcfifo_mixed_widths" for hierarchy "Sdram_Control:u7|Sdram_WR_FIFO:u_write1_fifo|dcfifo_mixed_widths:dcfifo_mixed_widths_component" File: C:/Users/amers/Desktop/ECE554/capstone/image_proc/Sdram_Control/Sdram_WR_FIFO.v Line: 83
Info (12130): Elaborated megafunction instantiation "Sdram_Control:u7|Sdram_WR_FIFO:u_write1_fifo|dcfifo_mixed_widths:dcfifo_mixed_widths_component" File: C:/Users/amers/Desktop/ECE554/capstone/image_proc/Sdram_Control/Sdram_WR_FIFO.v Line: 83
Info (12133): Instantiated megafunction "Sdram_Control:u7|Sdram_WR_FIFO:u_write1_fifo|dcfifo_mixed_widths:dcfifo_mixed_widths_component" with the following parameter: File: C:/Users/amers/Desktop/ECE554/capstone/image_proc/Sdram_Control/Sdram_WR_FIFO.v Line: 83
    Info (12134): Parameter "intended_device_family" = "Cyclone V"
    Info (12134): Parameter "lpm_numwords" = "512"
    Info (12134): Parameter "lpm_showahead" = "OFF"
    Info (12134): Parameter "lpm_type" = "dcfifo_mixed_widths"
    Info (12134): Parameter "lpm_width" = "16"
    Info (12134): Parameter "lpm_widthu" = "9"
    Info (12134): Parameter "lpm_widthu_r" = "9"
    Info (12134): Parameter "lpm_width_r" = "16"
    Info (12134): Parameter "overflow_checking" = "ON"
    Info (12134): Parameter "rdsync_delaypipe" = "4"
    Info (12134): Parameter "read_aclr_synch" = "OFF"
    Info (12134): Parameter "underflow_checking" = "ON"
    Info (12134): Parameter "use_eab" = "ON"
    Info (12134): Parameter "write_aclr_synch" = "OFF"
    Info (12134): Parameter "wrsync_delaypipe" = "4"
Info (12021): Found 1 design units, including 1 entities, in source file db/dcfifo_ngp1.tdf
    Info (12023): Found entity 1: dcfifo_ngp1 File: C:/Users/amers/Desktop/ECE554/capstone/image_proc/db/dcfifo_ngp1.tdf Line: 41
Info (12128): Elaborating entity "dcfifo_ngp1" for hierarchy "Sdram_Control:u7|Sdram_WR_FIFO:u_write1_fifo|dcfifo_mixed_widths:dcfifo_mixed_widths_component|dcfifo_ngp1:auto_generated" File: c:/altera_lite/25.1std/quartus/libraries/megafunctions/dcfifo_mixed_widths.tdf Line: 79
Info (12021): Found 1 design units, including 1 entities, in source file db/a_gray2bin_oab.tdf
    Info (12023): Found entity 1: a_gray2bin_oab File: C:/Users/amers/Desktop/ECE554/capstone/image_proc/db/a_gray2bin_oab.tdf Line: 23
Info (12128): Elaborating entity "a_gray2bin_oab" for hierarchy "Sdram_Control:u7|Sdram_WR_FIFO:u_write1_fifo|dcfifo_mixed_widths:dcfifo_mixed_widths_component|dcfifo_ngp1:auto_generated|a_gray2bin_oab:rdptr_g_gray2bin" File: C:/Users/amers/Desktop/ECE554/capstone/image_proc/db/dcfifo_ngp1.tdf Line: 53
Info (12021): Found 1 design units, including 1 entities, in source file db/a_graycounter_nv6.tdf
    Info (12023): Found entity 1: a_graycounter_nv6 File: C:/Users/amers/Desktop/ECE554/capstone/image_proc/db/a_graycounter_nv6.tdf Line: 25
Info (12128): Elaborating entity "a_graycounter_nv6" for hierarchy "Sdram_Control:u7|Sdram_WR_FIFO:u_write1_fifo|dcfifo_mixed_widths:dcfifo_mixed_widths_component|dcfifo_ngp1:auto_generated|a_graycounter_nv6:rdptr_g1p" File: C:/Users/amers/Desktop/ECE554/capstone/image_proc/db/dcfifo_ngp1.tdf Line: 55
Info (12021): Found 1 design units, including 1 entities, in source file db/a_graycounter_jdc.tdf
    Info (12023): Found entity 1: a_graycounter_jdc File: C:/Users/amers/Desktop/ECE554/capstone/image_proc/db/a_graycounter_jdc.tdf Line: 25
Info (12128): Elaborating entity "a_graycounter_jdc" for hierarchy "Sdram_Control:u7|Sdram_WR_FIFO:u_write1_fifo|dcfifo_mixed_widths:dcfifo_mixed_widths_component|dcfifo_ngp1:auto_generated|a_graycounter_jdc:wrptr_g1p" File: C:/Users/amers/Desktop/ECE554/capstone/image_proc/db/dcfifo_ngp1.tdf Line: 56
Info (12021): Found 1 design units, including 1 entities, in source file db/altsyncram_86d1.tdf
    Info (12023): Found entity 1: altsyncram_86d1 File: C:/Users/amers/Desktop/ECE554/capstone/image_proc/db/altsyncram_86d1.tdf Line: 28
Info (12128): Elaborating entity "altsyncram_86d1" for hierarchy "Sdram_Control:u7|Sdram_WR_FIFO:u_write1_fifo|dcfifo_mixed_widths:dcfifo_mixed_widths_component|dcfifo_ngp1:auto_generated|altsyncram_86d1:fifo_ram" File: C:/Users/amers/Desktop/ECE554/capstone/image_proc/db/dcfifo_ngp1.tdf Line: 57
Info (12021): Found 1 design units, including 1 entities, in source file db/dffpipe_oe9.tdf
    Info (12023): Found entity 1: dffpipe_oe9 File: C:/Users/amers/Desktop/ECE554/capstone/image_proc/db/dffpipe_oe9.tdf Line: 25
Info (12128): Elaborating entity "dffpipe_oe9" for hierarchy "Sdram_Control:u7|Sdram_WR_FIFO:u_write1_fifo|dcfifo_mixed_widths:dcfifo_mixed_widths_component|dcfifo_ngp1:auto_generated|dffpipe_oe9:rs_brp" File: C:/Users/amers/Desktop/ECE554/capstone/image_proc/db/dcfifo_ngp1.tdf Line: 64
Info (12021): Found 1 design units, including 1 entities, in source file db/alt_synch_pipe_8pl.tdf
    Info (12023): Found entity 1: alt_synch_pipe_8pl File: C:/Users/amers/Desktop/ECE554/capstone/image_proc/db/alt_synch_pipe_8pl.tdf Line: 27
Info (12128): Elaborating entity "alt_synch_pipe_8pl" for hierarchy "Sdram_Control:u7|Sdram_WR_FIFO:u_write1_fifo|dcfifo_mixed_widths:dcfifo_mixed_widths_component|dcfifo_ngp1:auto_generated|alt_synch_pipe_8pl:rs_dgwp" File: C:/Users/amers/Desktop/ECE554/capstone/image_proc/db/dcfifo_ngp1.tdf Line: 66
Info (12021): Found 1 design units, including 1 entities, in source file db/dffpipe_pe9.tdf
    Info (12023): Found entity 1: dffpipe_pe9 File: C:/Users/amers/Desktop/ECE554/capstone/image_proc/db/dffpipe_pe9.tdf Line: 25
Info (12128): Elaborating entity "dffpipe_pe9" for hierarchy "Sdram_Control:u7|Sdram_WR_FIFO:u_write1_fifo|dcfifo_mixed_widths:dcfifo_mixed_widths_component|dcfifo_ngp1:auto_generated|alt_synch_pipe_8pl:rs_dgwp|dffpipe_pe9:dffpipe13" File: C:/Users/amers/Desktop/ECE554/capstone/image_proc/db/alt_synch_pipe_8pl.tdf Line: 35
Info (12021): Found 1 design units, including 1 entities, in source file db/alt_synch_pipe_9pl.tdf
    Info (12023): Found entity 1: alt_synch_pipe_9pl File: C:/Users/amers/Desktop/ECE554/capstone/image_proc/db/alt_synch_pipe_9pl.tdf Line: 27
Info (12128): Elaborating entity "alt_synch_pipe_9pl" for hierarchy "Sdram_Control:u7|Sdram_WR_FIFO:u_write1_fifo|dcfifo_mixed_widths:dcfifo_mixed_widths_component|dcfifo_ngp1:auto_generated|alt_synch_pipe_9pl:ws_dgrp" File: C:/Users/amers/Desktop/ECE554/capstone/image_proc/db/dcfifo_ngp1.tdf Line: 67
Info (12021): Found 1 design units, including 1 entities, in source file db/dffpipe_qe9.tdf
    Info (12023): Found entity 1: dffpipe_qe9 File: C:/Users/amers/Desktop/ECE554/capstone/image_proc/db/dffpipe_qe9.tdf Line: 25
Info (12128): Elaborating entity "dffpipe_qe9" for hierarchy "Sdram_Control:u7|Sdram_WR_FIFO:u_write1_fifo|dcfifo_mixed_widths:dcfifo_mixed_widths_component|dcfifo_ngp1:auto_generated|alt_synch_pipe_9pl:ws_dgrp|dffpipe_qe9:dffpipe16" File: C:/Users/amers/Desktop/ECE554/capstone/image_proc/db/alt_synch_pipe_9pl.tdf Line: 35
Info (12021): Found 1 design units, including 1 entities, in source file db/cmpr_906.tdf
    Info (12023): Found entity 1: cmpr_906 File: C:/Users/amers/Desktop/ECE554/capstone/image_proc/db/cmpr_906.tdf Line: 23
Info (12128): Elaborating entity "cmpr_906" for hierarchy "Sdram_Control:u7|Sdram_WR_FIFO:u_write1_fifo|dcfifo_mixed_widths:dcfifo_mixed_widths_component|dcfifo_ngp1:auto_generated|cmpr_906:rdempty_eq_comp" File: C:/Users/amers/Desktop/ECE554/capstone/image_proc/db/dcfifo_ngp1.tdf Line: 71
Info (12128): Elaborating entity "Sdram_RD_FIFO" for hierarchy "Sdram_Control:u7|Sdram_RD_FIFO:u_read1_fifo" File: C:/Users/amers/Desktop/ECE554/capstone/image_proc/Sdram_Control/Sdram_Control.v Line: 302
Info (12128): Elaborating entity "dcfifo_mixed_widths" for hierarchy "Sdram_Control:u7|Sdram_RD_FIFO:u_read1_fifo|dcfifo_mixed_widths:dcfifo_mixed_widths_component" File: C:/Users/amers/Desktop/ECE554/capstone/image_proc/Sdram_Control/Sdram_RD_FIFO.v Line: 83
Info (12130): Elaborated megafunction instantiation "Sdram_Control:u7|Sdram_RD_FIFO:u_read1_fifo|dcfifo_mixed_widths:dcfifo_mixed_widths_component" File: C:/Users/amers/Desktop/ECE554/capstone/image_proc/Sdram_Control/Sdram_RD_FIFO.v Line: 83
Info (12133): Instantiated megafunction "Sdram_Control:u7|Sdram_RD_FIFO:u_read1_fifo|dcfifo_mixed_widths:dcfifo_mixed_widths_component" with the following parameter: File: C:/Users/amers/Desktop/ECE554/capstone/image_proc/Sdram_Control/Sdram_RD_FIFO.v Line: 83
    Info (12134): Parameter "intended_device_family" = "Cyclone V"
    Info (12134): Parameter "lpm_numwords" = "512"
    Info (12134): Parameter "lpm_showahead" = "OFF"
    Info (12134): Parameter "lpm_type" = "dcfifo_mixed_widths"
    Info (12134): Parameter "lpm_width" = "16"
    Info (12134): Parameter "lpm_widthu" = "9"
    Info (12134): Parameter "lpm_widthu_r" = "9"
    Info (12134): Parameter "lpm_width_r" = "16"
    Info (12134): Parameter "overflow_checking" = "ON"
    Info (12134): Parameter "rdsync_delaypipe" = "4"
    Info (12134): Parameter "read_aclr_synch" = "OFF"
    Info (12134): Parameter "underflow_checking" = "ON"
    Info (12134): Parameter "use_eab" = "ON"
    Info (12134): Parameter "write_aclr_synch" = "OFF"
    Info (12134): Parameter "wrsync_delaypipe" = "4"
Info (12021): Found 1 design units, including 1 entities, in source file db/dcfifo_ahp1.tdf
    Info (12023): Found entity 1: dcfifo_ahp1 File: C:/Users/amers/Desktop/ECE554/capstone/image_proc/db/dcfifo_ahp1.tdf Line: 41
Info (12128): Elaborating entity "dcfifo_ahp1" for hierarchy "Sdram_Control:u7|Sdram_RD_FIFO:u_read1_fifo|dcfifo_mixed_widths:dcfifo_mixed_widths_component|dcfifo_ahp1:auto_generated" File: c:/altera_lite/25.1std/quartus/libraries/megafunctions/dcfifo_mixed_widths.tdf Line: 79
Info (12021): Found 1 design units, including 1 entities, in source file db/alt_synch_pipe_apl.tdf
    Info (12023): Found entity 1: alt_synch_pipe_apl File: C:/Users/amers/Desktop/ECE554/capstone/image_proc/db/alt_synch_pipe_apl.tdf Line: 27
Info (12128): Elaborating entity "alt_synch_pipe_apl" for hierarchy "Sdram_Control:u7|Sdram_RD_FIFO:u_read1_fifo|dcfifo_mixed_widths:dcfifo_mixed_widths_component|dcfifo_ahp1:auto_generated|alt_synch_pipe_apl:rs_dgwp" File: C:/Users/amers/Desktop/ECE554/capstone/image_proc/db/dcfifo_ahp1.tdf Line: 64
Info (12021): Found 1 design units, including 1 entities, in source file db/dffpipe_re9.tdf
    Info (12023): Found entity 1: dffpipe_re9 File: C:/Users/amers/Desktop/ECE554/capstone/image_proc/db/dffpipe_re9.tdf Line: 25
Info (12128): Elaborating entity "dffpipe_re9" for hierarchy "Sdram_Control:u7|Sdram_RD_FIFO:u_read1_fifo|dcfifo_mixed_widths:dcfifo_mixed_widths_component|dcfifo_ahp1:auto_generated|alt_synch_pipe_apl:rs_dgwp|dffpipe_re9:dffpipe5" File: C:/Users/amers/Desktop/ECE554/capstone/image_proc/db/alt_synch_pipe_apl.tdf Line: 35
Info (12021): Found 1 design units, including 1 entities, in source file db/alt_synch_pipe_bpl.tdf
    Info (12023): Found entity 1: alt_synch_pipe_bpl File: C:/Users/amers/Desktop/ECE554/capstone/image_proc/db/alt_synch_pipe_bpl.tdf Line: 27
Info (12128): Elaborating entity "alt_synch_pipe_bpl" for hierarchy "Sdram_Control:u7|Sdram_RD_FIFO:u_read1_fifo|dcfifo_mixed_widths:dcfifo_mixed_widths_component|dcfifo_ahp1:auto_generated|alt_synch_pipe_bpl:ws_dgrp" File: C:/Users/amers/Desktop/ECE554/capstone/image_proc/db/dcfifo_ahp1.tdf Line: 67
Info (12021): Found 1 design units, including 1 entities, in source file db/dffpipe_se9.tdf
    Info (12023): Found entity 1: dffpipe_se9 File: C:/Users/amers/Desktop/ECE554/capstone/image_proc/db/dffpipe_se9.tdf Line: 25
Info (12128): Elaborating entity "dffpipe_se9" for hierarchy "Sdram_Control:u7|Sdram_RD_FIFO:u_read1_fifo|dcfifo_mixed_widths:dcfifo_mixed_widths_component|dcfifo_ahp1:auto_generated|alt_synch_pipe_bpl:ws_dgrp|dffpipe_se9:dffpipe8" File: C:/Users/amers/Desktop/ECE554/capstone/image_proc/db/alt_synch_pipe_bpl.tdf Line: 35
Info (12128): Elaborating entity "I2C_CCD_Config" for hierarchy "I2C_CCD_Config:u8" File: C:/Users/amers/Desktop/ECE554/capstone/image_proc/DE1_SoC_CAMERA.v Line: 400
Warning (10230): Verilog HDL assignment warning at I2C_CCD_Config.v(86): truncated value with size 32 to match size of target (1) File: C:/Users/amers/Desktop/ECE554/capstone/image_proc/v/I2C_CCD_Config.v Line: 86
Warning (10230): Verilog HDL assignment warning at I2C_CCD_Config.v(87): truncated value with size 32 to match size of target (1) File: C:/Users/amers/Desktop/ECE554/capstone/image_proc/v/I2C_CCD_Config.v Line: 87
Warning (10230): Verilog HDL assignment warning at I2C_CCD_Config.v(109): truncated value with size 32 to match size of target (25) File: C:/Users/amers/Desktop/ECE554/capstone/image_proc/v/I2C_CCD_Config.v Line: 109
Warning (10230): Verilog HDL assignment warning at I2C_CCD_Config.v(114): truncated value with size 32 to match size of target (1) File: C:/Users/amers/Desktop/ECE554/capstone/image_proc/v/I2C_CCD_Config.v Line: 114
Warning (10230): Verilog HDL assignment warning at I2C_CCD_Config.v(139): truncated value with size 32 to match size of target (16) File: C:/Users/amers/Desktop/ECE554/capstone/image_proc/v/I2C_CCD_Config.v Line: 139
Warning (10230): Verilog HDL assignment warning at I2C_CCD_Config.v(189): truncated value with size 32 to match size of target (6) File: C:/Users/amers/Desktop/ECE554/capstone/image_proc/v/I2C_CCD_Config.v Line: 189
Info (12128): Elaborating entity "I2C_Controller" for hierarchy "I2C_CCD_Config:u8|I2C_Controller:u0" File: C:/Users/amers/Desktop/ECE554/capstone/image_proc/v/I2C_CCD_Config.v Line: 156
Warning (10230): Verilog HDL assignment warning at I2C_Controller.v(71): truncated value with size 32 to match size of target (1) File: C:/Users/amers/Desktop/ECE554/capstone/image_proc/v/I2C_Controller.v Line: 71
Warning (10230): Verilog HDL assignment warning at I2C_Controller.v(70): truncated value with size 32 to match size of target (1) File: C:/Users/amers/Desktop/ECE554/capstone/image_proc/v/I2C_Controller.v Line: 70
Warning (10230): Verilog HDL assignment warning at I2C_Controller.v(83): truncated value with size 32 to match size of target (7) File: C:/Users/amers/Desktop/ECE554/capstone/image_proc/v/I2C_Controller.v Line: 83
Info (12128): Elaborating entity "VGA_Controller" for hierarchy "VGA_Controller:u1" File: C:/Users/amers/Desktop/ECE554/capstone/image_proc/DE1_SoC_CAMERA.v Line: 424
Warning (10230): Verilog HDL assignment warning at VGA_Controller.v(128): truncated value with size 32 to match size of target (10) File: C:/Users/amers/Desktop/ECE554/capstone/image_proc/v/VGA_Controller.v Line: 128
Warning (10230): Verilog HDL assignment warning at VGA_Controller.v(131): truncated value with size 32 to match size of target (10) File: C:/Users/amers/Desktop/ECE554/capstone/image_proc/v/VGA_Controller.v Line: 131
Warning (10230): Verilog HDL assignment warning at VGA_Controller.v(134): truncated value with size 32 to match size of target (10) File: C:/Users/amers/Desktop/ECE554/capstone/image_proc/v/VGA_Controller.v Line: 134
Warning (10230): Verilog HDL assignment warning at VGA_Controller.v(162): truncated value with size 32 to match size of target (10) File: C:/Users/amers/Desktop/ECE554/capstone/image_proc/v/VGA_Controller.v Line: 162
Warning (10230): Verilog HDL assignment warning at VGA_Controller.v(163): truncated value with size 32 to match size of target (10) File: C:/Users/amers/Desktop/ECE554/capstone/image_proc/v/VGA_Controller.v Line: 163
Warning (10230): Verilog HDL assignment warning at VGA_Controller.v(198): truncated value with size 32 to match size of target (13) File: C:/Users/amers/Desktop/ECE554/capstone/image_proc/v/VGA_Controller.v Line: 198
Warning (10230): Verilog HDL assignment warning at VGA_Controller.v(224): truncated value with size 32 to match size of target (13) File: C:/Users/amers/Desktop/ECE554/capstone/image_proc/v/VGA_Controller.v Line: 224
Info (12128): Elaborating entity "color_detect" for hierarchy "color_detect:u_detect" File: C:/Users/amers/Desktop/ECE554/capstone/image_proc/DE1_SoC_CAMERA.v Line: 456
Warning (10230): Verilog HDL assignment warning at color_detect.v(180): truncated value with size 16 to match size of target (10) File: C:/Users/amers/Desktop/ECE554/capstone/image_proc/color_detect.v Line: 180
Warning (10230): Verilog HDL assignment warning at color_detect.v(181): truncated value with size 16 to match size of target (10) File: C:/Users/amers/Desktop/ECE554/capstone/image_proc/color_detect.v Line: 181
Info (12128): Elaborating entity "overlay" for hierarchy "overlay:u_overlay" File: C:/Users/amers/Desktop/ECE554/capstone/image_proc/DE1_SoC_CAMERA.v Line: 480
Info (12128): Elaborating entity "snake_wrapper" for hierarchy "snake_wrapper:u_game" File: C:/Users/amers/Desktop/ECE554/capstone/image_proc/DE1_SoC_CAMERA.v Line: 515
Info (12128): Elaborating entity "snake_top" for hierarchy "snake_wrapper:u_game|snake_top:u_snake_top" File: C:/Users/amers/Desktop/ECE554/capstone/image_proc/snake_wrapper.sv Line: 54
Warning (10306): Invalid value "none" for synthesis attribute "fsm_encoding" at ../snake_hls/snakeVerilog/snake_top.v(77) File: C:/Users/amers/Desktop/ECE554/capstone/snake_hls/snakeVerilog/snake_top.v Line: 77
Warning (10036): Verilog HDL or VHDL warning at snake_top.v(353): object "ap_ST_fsm_state1_blk" assigned a value but never read File: C:/Users/amers/Desktop/ECE554/capstone/snake_hls/snakeVerilog/snake_top.v Line: 353
Warning (10036): Verilog HDL or VHDL warning at snake_top.v(354): object "ap_ST_fsm_state2_blk" assigned a value but never read File: C:/Users/amers/Desktop/ECE554/capstone/snake_hls/snakeVerilog/snake_top.v Line: 354
Warning (10036): Verilog HDL or VHDL warning at snake_top.v(355): object "ap_ST_fsm_state3_blk" assigned a value but never read File: C:/Users/amers/Desktop/ECE554/capstone/snake_hls/snakeVerilog/snake_top.v Line: 355
Warning (10036): Verilog HDL or VHDL warning at snake_top.v(356): object "ap_ST_fsm_state4_blk" assigned a value but never read File: C:/Users/amers/Desktop/ECE554/capstone/snake_hls/snakeVerilog/snake_top.v Line: 356
Warning (10036): Verilog HDL or VHDL warning at snake_top.v(357): object "ap_ST_fsm_state5_blk" assigned a value but never read File: C:/Users/amers/Desktop/ECE554/capstone/snake_hls/snakeVerilog/snake_top.v Line: 357
Warning (10036): Verilog HDL or VHDL warning at snake_top.v(359): object "ap_ST_fsm_state6_blk" assigned a value but never read File: C:/Users/amers/Desktop/ECE554/capstone/snake_hls/snakeVerilog/snake_top.v Line: 359
Warning (10036): Verilog HDL or VHDL warning at snake_top.v(360): object "ap_ST_fsm_state7_blk" assigned a value but never read File: C:/Users/amers/Desktop/ECE554/capstone/snake_hls/snakeVerilog/snake_top.v Line: 360
Warning (10036): Verilog HDL or VHDL warning at snake_top.v(361): object "ap_ST_fsm_state8_blk" assigned a value but never read File: C:/Users/amers/Desktop/ECE554/capstone/snake_hls/snakeVerilog/snake_top.v Line: 361
Warning (10036): Verilog HDL or VHDL warning at snake_top.v(362): object "ap_ST_fsm_state9_blk" assigned a value but never read File: C:/Users/amers/Desktop/ECE554/capstone/snake_hls/snakeVerilog/snake_top.v Line: 362
Warning (10036): Verilog HDL or VHDL warning at snake_top.v(363): object "ap_ST_fsm_state10_blk" assigned a value but never read File: C:/Users/amers/Desktop/ECE554/capstone/snake_hls/snakeVerilog/snake_top.v Line: 363
Warning (10036): Verilog HDL or VHDL warning at snake_top.v(364): object "ap_ST_fsm_state11_blk" assigned a value but never read File: C:/Users/amers/Desktop/ECE554/capstone/snake_hls/snakeVerilog/snake_top.v Line: 364
Warning (10036): Verilog HDL or VHDL warning at snake_top.v(365): object "ap_ST_fsm_state12_blk" assigned a value but never read File: C:/Users/amers/Desktop/ECE554/capstone/snake_hls/snakeVerilog/snake_top.v Line: 365
Warning (10036): Verilog HDL or VHDL warning at snake_top.v(366): object "ap_ST_fsm_state13_blk" assigned a value but never read File: C:/Users/amers/Desktop/ECE554/capstone/snake_hls/snakeVerilog/snake_top.v Line: 366
Warning (10036): Verilog HDL or VHDL warning at snake_top.v(367): object "ap_ST_fsm_state14_blk" assigned a value but never read File: C:/Users/amers/Desktop/ECE554/capstone/snake_hls/snakeVerilog/snake_top.v Line: 367
Warning (10036): Verilog HDL or VHDL warning at snake_top.v(368): object "ap_ST_fsm_state15_blk" assigned a value but never read File: C:/Users/amers/Desktop/ECE554/capstone/snake_hls/snakeVerilog/snake_top.v Line: 368
Warning (10230): Verilog HDL assignment warning at snake_top.v(826): truncated value with size 64 to match size of target (9) File: C:/Users/amers/Desktop/ECE554/capstone/snake_hls/snakeVerilog/snake_top.v Line: 826
Warning (10230): Verilog HDL assignment warning at snake_top.v(1041): truncated value with size 64 to match size of target (9) File: C:/Users/amers/Desktop/ECE554/capstone/snake_hls/snakeVerilog/snake_top.v Line: 1041
Warning (10230): Verilog HDL assignment warning at snake_top.v(1045): truncated value with size 64 to match size of target (9) File: C:/Users/amers/Desktop/ECE554/capstone/snake_hls/snakeVerilog/snake_top.v Line: 1045
Warning (10230): Verilog HDL assignment warning at snake_top.v(1047): truncated value with size 64 to match size of target (9) File: C:/Users/amers/Desktop/ECE554/capstone/snake_hls/snakeVerilog/snake_top.v Line: 1047
Warning (10230): Verilog HDL assignment warning at snake_top.v(1049): truncated value with size 32 to match size of target (9) File: C:/Users/amers/Desktop/ECE554/capstone/snake_hls/snakeVerilog/snake_top.v Line: 1049
Warning (10230): Verilog HDL assignment warning at snake_top.v(1091): truncated value with size 32 to match size of target (1) File: C:/Users/amers/Desktop/ECE554/capstone/snake_hls/snakeVerilog/snake_top.v Line: 1091
Warning (10230): Verilog HDL assignment warning at snake_top.v(1127): truncated value with size 64 to match size of target (9) File: C:/Users/amers/Desktop/ECE554/capstone/snake_hls/snakeVerilog/snake_top.v Line: 1127
Warning (10230): Verilog HDL assignment warning at snake_top.v(1131): truncated value with size 32 to match size of target (9) File: C:/Users/amers/Desktop/ECE554/capstone/snake_hls/snakeVerilog/snake_top.v Line: 1131
Warning (10230): Verilog HDL assignment warning at snake_top.v(1209): truncated value with size 64 to match size of target (9) File: C:/Users/amers/Desktop/ECE554/capstone/snake_hls/snakeVerilog/snake_top.v Line: 1209
Warning (10230): Verilog HDL assignment warning at snake_top.v(1213): truncated value with size 32 to match size of target (9) File: C:/Users/amers/Desktop/ECE554/capstone/snake_hls/snakeVerilog/snake_top.v Line: 1213
Warning (10230): Verilog HDL assignment warning at snake_top.v(1365): truncated value with size 32 to match size of target (15) File: C:/Users/amers/Desktop/ECE554/capstone/snake_hls/snakeVerilog/snake_top.v Line: 1365
Info (10264): Verilog HDL Case Statement information at snake_top.v(1278): all case item expressions in this case statement are onehot File: C:/Users/amers/Desktop/ECE554/capstone/snake_hls/snakeVerilog/snake_top.v Line: 1278
Info (12128): Elaborating entity "snake_top_grid_RAM_AUTO_1R1W" for hierarchy "snake_wrapper:u_game|snake_top:u_snake_top|snake_top_grid_RAM_AUTO_1R1W:grid_U" File: C:/Users/amers/Desktop/ECE554/capstone/snake_hls/snakeVerilog/snake_top.v Line: 402
Warning (10230): Verilog HDL assignment warning at snake_top_grid_RAM_AUTO_1R1W.dat(1): truncated value with size 4 to match size of target (1) File: C:/Users/amers/Desktop/ECE554/capstone/snake_hls/snakeVerilog/snake_top_grid_RAM_AUTO_1R1W.dat Line: 1
Warning (10230): Verilog HDL assignment warning at snake_top_grid_RAM_AUTO_1R1W.dat(2): truncated value with size 4 to match size of target (1) File: C:/Users/amers/Desktop/ECE554/capstone/snake_hls/snakeVerilog/snake_top_grid_RAM_AUTO_1R1W.dat Line: 2
Warning (10230): Verilog HDL assignment warning at snake_top_grid_RAM_AUTO_1R1W.dat(3): truncated value with size 4 to match size of target (1) File: C:/Users/amers/Desktop/ECE554/capstone/snake_hls/snakeVerilog/snake_top_grid_RAM_AUTO_1R1W.dat Line: 3
Warning (10230): Verilog HDL assignment warning at snake_top_grid_RAM_AUTO_1R1W.dat(4): truncated value with size 4 to match size of target (1) File: C:/Users/amers/Desktop/ECE554/capstone/snake_hls/snakeVerilog/snake_top_grid_RAM_AUTO_1R1W.dat Line: 4
Warning (10230): Verilog HDL assignment warning at snake_top_grid_RAM_AUTO_1R1W.dat(5): truncated value with size 4 to match size of target (1) File: C:/Users/amers/Desktop/ECE554/capstone/snake_hls/snakeVerilog/snake_top_grid_RAM_AUTO_1R1W.dat Line: 5
Warning (10230): Verilog HDL assignment warning at snake_top_grid_RAM_AUTO_1R1W.dat(6): truncated value with size 4 to match size of target (1) File: C:/Users/amers/Desktop/ECE554/capstone/snake_hls/snakeVerilog/snake_top_grid_RAM_AUTO_1R1W.dat Line: 6
Warning (10230): Verilog HDL assignment warning at snake_top_grid_RAM_AUTO_1R1W.dat(7): truncated value with size 4 to match size of target (1) File: C:/Users/amers/Desktop/ECE554/capstone/snake_hls/snakeVerilog/snake_top_grid_RAM_AUTO_1R1W.dat Line: 7
Warning (10230): Verilog HDL assignment warning at snake_top_grid_RAM_AUTO_1R1W.dat(8): truncated value with size 4 to match size of target (1) File: C:/Users/amers/Desktop/ECE554/capstone/snake_hls/snakeVerilog/snake_top_grid_RAM_AUTO_1R1W.dat Line: 8
Warning (10230): Verilog HDL assignment warning at snake_top_grid_RAM_AUTO_1R1W.dat(9): truncated value with size 4 to match size of target (1) File: C:/Users/amers/Desktop/ECE554/capstone/snake_hls/snakeVerilog/snake_top_grid_RAM_AUTO_1R1W.dat Line: 9
Warning (10230): Verilog HDL assignment warning at snake_top_grid_RAM_AUTO_1R1W.dat(10): truncated value with size 4 to match size of target (1) File: C:/Users/amers/Desktop/ECE554/capstone/snake_hls/snakeVerilog/snake_top_grid_RAM_AUTO_1R1W.dat Line: 10
Warning (10230): Verilog HDL assignment warning at snake_top_grid_RAM_AUTO_1R1W.dat(11): truncated value with size 4 to match size of target (1) File: C:/Users/amers/Desktop/ECE554/capstone/snake_hls/snakeVerilog/snake_top_grid_RAM_AUTO_1R1W.dat Line: 11
Warning (10230): Verilog HDL assignment warning at snake_top_grid_RAM_AUTO_1R1W.dat(12): truncated value with size 4 to match size of target (1) File: C:/Users/amers/Desktop/ECE554/capstone/snake_hls/snakeVerilog/snake_top_grid_RAM_AUTO_1R1W.dat Line: 12
Warning (10230): Verilog HDL assignment warning at snake_top_grid_RAM_AUTO_1R1W.dat(13): truncated value with size 4 to match size of target (1) File: C:/Users/amers/Desktop/ECE554/capstone/snake_hls/snakeVerilog/snake_top_grid_RAM_AUTO_1R1W.dat Line: 13
Warning (10230): Verilog HDL assignment warning at snake_top_grid_RAM_AUTO_1R1W.dat(14): truncated value with size 4 to match size of target (1) File: C:/Users/amers/Desktop/ECE554/capstone/snake_hls/snakeVerilog/snake_top_grid_RAM_AUTO_1R1W.dat Line: 14
Warning (10230): Verilog HDL assignment warning at snake_top_grid_RAM_AUTO_1R1W.dat(15): truncated value with size 4 to match size of target (1) File: C:/Users/amers/Desktop/ECE554/capstone/snake_hls/snakeVerilog/snake_top_grid_RAM_AUTO_1R1W.dat Line: 15
Warning (10230): Verilog HDL assignment warning at snake_top_grid_RAM_AUTO_1R1W.dat(16): truncated value with size 4 to match size of target (1) File: C:/Users/amers/Desktop/ECE554/capstone/snake_hls/snakeVerilog/snake_top_grid_RAM_AUTO_1R1W.dat Line: 16
Warning (10230): Verilog HDL assignment warning at snake_top_grid_RAM_AUTO_1R1W.dat(17): truncated value with size 4 to match size of target (1) File: C:/Users/amers/Desktop/ECE554/capstone/snake_hls/snakeVerilog/snake_top_grid_RAM_AUTO_1R1W.dat Line: 17
Warning (10230): Verilog HDL assignment warning at snake_top_grid_RAM_AUTO_1R1W.dat(18): truncated value with size 4 to match size of target (1) File: C:/Users/amers/Desktop/ECE554/capstone/snake_hls/snakeVerilog/snake_top_grid_RAM_AUTO_1R1W.dat Line: 18
Warning (10230): Verilog HDL assignment warning at snake_top_grid_RAM_AUTO_1R1W.dat(19): truncated value with size 4 to match size of target (1) File: C:/Users/amers/Desktop/ECE554/capstone/snake_hls/snakeVerilog/snake_top_grid_RAM_AUTO_1R1W.dat Line: 19
Warning (10230): Verilog HDL assignment warning at snake_top_grid_RAM_AUTO_1R1W.dat(20): truncated value with size 4 to match size of target (1) File: C:/Users/amers/Desktop/ECE554/capstone/snake_hls/snakeVerilog/snake_top_grid_RAM_AUTO_1R1W.dat Line: 20
Warning (10230): Verilog HDL assignment warning at snake_top_grid_RAM_AUTO_1R1W.dat(21): truncated value with size 4 to match size of target (1) File: C:/Users/amers/Desktop/ECE554/capstone/snake_hls/snakeVerilog/snake_top_grid_RAM_AUTO_1R1W.dat Line: 21
Warning (10230): Verilog HDL assignment warning at snake_top_grid_RAM_AUTO_1R1W.dat(22): truncated value with size 4 to match size of target (1) File: C:/Users/amers/Desktop/ECE554/capstone/snake_hls/snakeVerilog/snake_top_grid_RAM_AUTO_1R1W.dat Line: 22
Warning (10230): Verilog HDL assignment warning at snake_top_grid_RAM_AUTO_1R1W.dat(23): truncated value with size 4 to match size of target (1) File: C:/Users/amers/Desktop/ECE554/capstone/snake_hls/snakeVerilog/snake_top_grid_RAM_AUTO_1R1W.dat Line: 23
Warning (10230): Verilog HDL assignment warning at snake_top_grid_RAM_AUTO_1R1W.dat(24): truncated value with size 4 to match size of target (1) File: C:/Users/amers/Desktop/ECE554/capstone/snake_hls/snakeVerilog/snake_top_grid_RAM_AUTO_1R1W.dat Line: 24
Warning (10230): Verilog HDL assignment warning at snake_top_grid_RAM_AUTO_1R1W.dat(25): truncated value with size 4 to match size of target (1) File: C:/Users/amers/Desktop/ECE554/capstone/snake_hls/snakeVerilog/snake_top_grid_RAM_AUTO_1R1W.dat Line: 25
Warning (10230): Verilog HDL assignment warning at snake_top_grid_RAM_AUTO_1R1W.dat(26): truncated value with size 4 to match size of target (1) File: C:/Users/amers/Desktop/ECE554/capstone/snake_hls/snakeVerilog/snake_top_grid_RAM_AUTO_1R1W.dat Line: 26
Warning (10230): Verilog HDL assignment warning at snake_top_grid_RAM_AUTO_1R1W.dat(27): truncated value with size 4 to match size of target (1) File: C:/Users/amers/Desktop/ECE554/capstone/snake_hls/snakeVerilog/snake_top_grid_RAM_AUTO_1R1W.dat Line: 27
Warning (10230): Verilog HDL assignment warning at snake_top_grid_RAM_AUTO_1R1W.dat(28): truncated value with size 4 to match size of target (1) File: C:/Users/amers/Desktop/ECE554/capstone/snake_hls/snakeVerilog/snake_top_grid_RAM_AUTO_1R1W.dat Line: 28
Warning (10230): Verilog HDL assignment warning at snake_top_grid_RAM_AUTO_1R1W.dat(29): truncated value with size 4 to match size of target (1) File: C:/Users/amers/Desktop/ECE554/capstone/snake_hls/snakeVerilog/snake_top_grid_RAM_AUTO_1R1W.dat Line: 29
Warning (10230): Verilog HDL assignment warning at snake_top_grid_RAM_AUTO_1R1W.dat(30): truncated value with size 4 to match size of target (1) File: C:/Users/amers/Desktop/ECE554/capstone/snake_hls/snakeVerilog/snake_top_grid_RAM_AUTO_1R1W.dat Line: 30
Warning (10230): Verilog HDL assignment warning at snake_top_grid_RAM_AUTO_1R1W.dat(31): truncated value with size 4 to match size of target (1) File: C:/Users/amers/Desktop/ECE554/capstone/snake_hls/snakeVerilog/snake_top_grid_RAM_AUTO_1R1W.dat Line: 31
Warning (10230): Verilog HDL assignment warning at snake_top_grid_RAM_AUTO_1R1W.dat(32): truncated value with size 4 to match size of target (1) File: C:/Users/amers/Desktop/ECE554/capstone/snake_hls/snakeVerilog/snake_top_grid_RAM_AUTO_1R1W.dat Line: 32
Warning (10230): Verilog HDL assignment warning at snake_top_grid_RAM_AUTO_1R1W.dat(33): truncated value with size 4 to match size of target (1) File: C:/Users/amers/Desktop/ECE554/capstone/snake_hls/snakeVerilog/snake_top_grid_RAM_AUTO_1R1W.dat Line: 33
Warning (10230): Verilog HDL assignment warning at snake_top_grid_RAM_AUTO_1R1W.dat(34): truncated value with size 4 to match size of target (1) File: C:/Users/amers/Desktop/ECE554/capstone/snake_hls/snakeVerilog/snake_top_grid_RAM_AUTO_1R1W.dat Line: 34
Warning (10230): Verilog HDL assignment warning at snake_top_grid_RAM_AUTO_1R1W.dat(35): truncated value with size 4 to match size of target (1) File: C:/Users/amers/Desktop/ECE554/capstone/snake_hls/snakeVerilog/snake_top_grid_RAM_AUTO_1R1W.dat Line: 35
Warning (10230): Verilog HDL assignment warning at snake_top_grid_RAM_AUTO_1R1W.dat(36): truncated value with size 4 to match size of target (1) File: C:/Users/amers/Desktop/ECE554/capstone/snake_hls/snakeVerilog/snake_top_grid_RAM_AUTO_1R1W.dat Line: 36
Warning (10230): Verilog HDL assignment warning at snake_top_grid_RAM_AUTO_1R1W.dat(37): truncated value with size 4 to match size of target (1) File: C:/Users/amers/Desktop/ECE554/capstone/snake_hls/snakeVerilog/snake_top_grid_RAM_AUTO_1R1W.dat Line: 37
Warning (10230): Verilog HDL assignment warning at snake_top_grid_RAM_AUTO_1R1W.dat(38): truncated value with size 4 to match size of target (1) File: C:/Users/amers/Desktop/ECE554/capstone/snake_hls/snakeVerilog/snake_top_grid_RAM_AUTO_1R1W.dat Line: 38
Warning (10230): Verilog HDL assignment warning at snake_top_grid_RAM_AUTO_1R1W.dat(39): truncated value with size 4 to match size of target (1) File: C:/Users/amers/Desktop/ECE554/capstone/snake_hls/snakeVerilog/snake_top_grid_RAM_AUTO_1R1W.dat Line: 39
Warning (10230): Verilog HDL assignment warning at snake_top_grid_RAM_AUTO_1R1W.dat(40): truncated value with size 4 to match size of target (1) File: C:/Users/amers/Desktop/ECE554/capstone/snake_hls/snakeVerilog/snake_top_grid_RAM_AUTO_1R1W.dat Line: 40
Warning (10230): Verilog HDL assignment warning at snake_top_grid_RAM_AUTO_1R1W.dat(41): truncated value with size 4 to match size of target (1) File: C:/Users/amers/Desktop/ECE554/capstone/snake_hls/snakeVerilog/snake_top_grid_RAM_AUTO_1R1W.dat Line: 41
Warning (10230): Verilog HDL assignment warning at snake_top_grid_RAM_AUTO_1R1W.dat(42): truncated value with size 4 to match size of target (1) File: C:/Users/amers/Desktop/ECE554/capstone/snake_hls/snakeVerilog/snake_top_grid_RAM_AUTO_1R1W.dat Line: 42
Warning (10230): Verilog HDL assignment warning at snake_top_grid_RAM_AUTO_1R1W.dat(43): truncated value with size 4 to match size of target (1) File: C:/Users/amers/Desktop/ECE554/capstone/snake_hls/snakeVerilog/snake_top_grid_RAM_AUTO_1R1W.dat Line: 43
Warning (10230): Verilog HDL assignment warning at snake_top_grid_RAM_AUTO_1R1W.dat(44): truncated value with size 4 to match size of target (1) File: C:/Users/amers/Desktop/ECE554/capstone/snake_hls/snakeVerilog/snake_top_grid_RAM_AUTO_1R1W.dat Line: 44
Warning (10230): Verilog HDL assignment warning at snake_top_grid_RAM_AUTO_1R1W.dat(45): truncated value with size 4 to match size of target (1) File: C:/Users/amers/Desktop/ECE554/capstone/snake_hls/snakeVerilog/snake_top_grid_RAM_AUTO_1R1W.dat Line: 45
Warning (10230): Verilog HDL assignment warning at snake_top_grid_RAM_AUTO_1R1W.dat(46): truncated value with size 4 to match size of target (1) File: C:/Users/amers/Desktop/ECE554/capstone/snake_hls/snakeVerilog/snake_top_grid_RAM_AUTO_1R1W.dat Line: 46
Warning (10230): Verilog HDL assignment warning at snake_top_grid_RAM_AUTO_1R1W.dat(47): truncated value with size 4 to match size of target (1) File: C:/Users/amers/Desktop/ECE554/capstone/snake_hls/snakeVerilog/snake_top_grid_RAM_AUTO_1R1W.dat Line: 47
Warning (10230): Verilog HDL assignment warning at snake_top_grid_RAM_AUTO_1R1W.dat(48): truncated value with size 4 to match size of target (1) File: C:/Users/amers/Desktop/ECE554/capstone/snake_hls/snakeVerilog/snake_top_grid_RAM_AUTO_1R1W.dat Line: 48
Warning (10230): Verilog HDL assignment warning at snake_top_grid_RAM_AUTO_1R1W.dat(49): truncated value with size 4 to match size of target (1) File: C:/Users/amers/Desktop/ECE554/capstone/snake_hls/snakeVerilog/snake_top_grid_RAM_AUTO_1R1W.dat Line: 49
Warning (10230): Verilog HDL assignment warning at snake_top_grid_RAM_AUTO_1R1W.dat(50): truncated value with size 4 to match size of target (1) File: C:/Users/amers/Desktop/ECE554/capstone/snake_hls/snakeVerilog/snake_top_grid_RAM_AUTO_1R1W.dat Line: 50
Warning (10230): Verilog HDL assignment warning at snake_top_grid_RAM_AUTO_1R1W.dat(51): truncated value with size 4 to match size of target (1) File: C:/Users/amers/Desktop/ECE554/capstone/snake_hls/snakeVerilog/snake_top_grid_RAM_AUTO_1R1W.dat Line: 51
Warning (10230): Verilog HDL assignment warning at snake_top_grid_RAM_AUTO_1R1W.dat(52): truncated value with size 4 to match size of target (1) File: C:/Users/amers/Desktop/ECE554/capstone/snake_hls/snakeVerilog/snake_top_grid_RAM_AUTO_1R1W.dat Line: 52
Warning (10230): Verilog HDL assignment warning at snake_top_grid_RAM_AUTO_1R1W.dat(53): truncated value with size 4 to match size of target (1) File: C:/Users/amers/Desktop/ECE554/capstone/snake_hls/snakeVerilog/snake_top_grid_RAM_AUTO_1R1W.dat Line: 53
Warning (10230): Verilog HDL assignment warning at snake_top_grid_RAM_AUTO_1R1W.dat(54): truncated value with size 4 to match size of target (1) File: C:/Users/amers/Desktop/ECE554/capstone/snake_hls/snakeVerilog/snake_top_grid_RAM_AUTO_1R1W.dat Line: 54
Warning (10230): Verilog HDL assignment warning at snake_top_grid_RAM_AUTO_1R1W.dat(55): truncated value with size 4 to match size of target (1) File: C:/Users/amers/Desktop/ECE554/capstone/snake_hls/snakeVerilog/snake_top_grid_RAM_AUTO_1R1W.dat Line: 55
Warning (10230): Verilog HDL assignment warning at snake_top_grid_RAM_AUTO_1R1W.dat(56): truncated value with size 4 to match size of target (1) File: C:/Users/amers/Desktop/ECE554/capstone/snake_hls/snakeVerilog/snake_top_grid_RAM_AUTO_1R1W.dat Line: 56
Warning (10230): Verilog HDL assignment warning at snake_top_grid_RAM_AUTO_1R1W.dat(57): truncated value with size 4 to match size of target (1) File: C:/Users/amers/Desktop/ECE554/capstone/snake_hls/snakeVerilog/snake_top_grid_RAM_AUTO_1R1W.dat Line: 57
Warning (10230): Verilog HDL assignment warning at snake_top_grid_RAM_AUTO_1R1W.dat(58): truncated value with size 4 to match size of target (1) File: C:/Users/amers/Desktop/ECE554/capstone/snake_hls/snakeVerilog/snake_top_grid_RAM_AUTO_1R1W.dat Line: 58
Warning (10230): Verilog HDL assignment warning at snake_top_grid_RAM_AUTO_1R1W.dat(59): truncated value with size 4 to match size of target (1) File: C:/Users/amers/Desktop/ECE554/capstone/snake_hls/snakeVerilog/snake_top_grid_RAM_AUTO_1R1W.dat Line: 59
Warning (10230): Verilog HDL assignment warning at snake_top_grid_RAM_AUTO_1R1W.dat(60): truncated value with size 4 to match size of target (1) File: C:/Users/amers/Desktop/ECE554/capstone/snake_hls/snakeVerilog/snake_top_grid_RAM_AUTO_1R1W.dat Line: 60
Warning (10230): Verilog HDL assignment warning at snake_top_grid_RAM_AUTO_1R1W.dat(61): truncated value with size 4 to match size of target (1) File: C:/Users/amers/Desktop/ECE554/capstone/snake_hls/snakeVerilog/snake_top_grid_RAM_AUTO_1R1W.dat Line: 61
Warning (10230): Verilog HDL assignment warning at snake_top_grid_RAM_AUTO_1R1W.dat(62): truncated value with size 4 to match size of target (1) File: C:/Users/amers/Desktop/ECE554/capstone/snake_hls/snakeVerilog/snake_top_grid_RAM_AUTO_1R1W.dat Line: 62
Warning (10230): Verilog HDL assignment warning at snake_top_grid_RAM_AUTO_1R1W.dat(63): truncated value with size 4 to match size of target (1) File: C:/Users/amers/Desktop/ECE554/capstone/snake_hls/snakeVerilog/snake_top_grid_RAM_AUTO_1R1W.dat Line: 63
Warning (10230): Verilog HDL assignment warning at snake_top_grid_RAM_AUTO_1R1W.dat(64): truncated value with size 4 to match size of target (1) File: C:/Users/amers/Desktop/ECE554/capstone/snake_hls/snakeVerilog/snake_top_grid_RAM_AUTO_1R1W.dat Line: 64
Warning (10230): Verilog HDL assignment warning at snake_top_grid_RAM_AUTO_1R1W.dat(65): truncated value with size 4 to match size of target (1) File: C:/Users/amers/Desktop/ECE554/capstone/snake_hls/snakeVerilog/snake_top_grid_RAM_AUTO_1R1W.dat Line: 65
Warning (10230): Verilog HDL assignment warning at snake_top_grid_RAM_AUTO_1R1W.dat(66): truncated value with size 4 to match size of target (1) File: C:/Users/amers/Desktop/ECE554/capstone/snake_hls/snakeVerilog/snake_top_grid_RAM_AUTO_1R1W.dat Line: 66
Warning (10230): Verilog HDL assignment warning at snake_top_grid_RAM_AUTO_1R1W.dat(67): truncated value with size 4 to match size of target (1) File: C:/Users/amers/Desktop/ECE554/capstone/snake_hls/snakeVerilog/snake_top_grid_RAM_AUTO_1R1W.dat Line: 67
Warning (10230): Verilog HDL assignment warning at snake_top_grid_RAM_AUTO_1R1W.dat(68): truncated value with size 4 to match size of target (1) File: C:/Users/amers/Desktop/ECE554/capstone/snake_hls/snakeVerilog/snake_top_grid_RAM_AUTO_1R1W.dat Line: 68
Warning (10230): Verilog HDL assignment warning at snake_top_grid_RAM_AUTO_1R1W.dat(69): truncated value with size 4 to match size of target (1) File: C:/Users/amers/Desktop/ECE554/capstone/snake_hls/snakeVerilog/snake_top_grid_RAM_AUTO_1R1W.dat Line: 69
Warning (10230): Verilog HDL assignment warning at snake_top_grid_RAM_AUTO_1R1W.dat(70): truncated value with size 4 to match size of target (1) File: C:/Users/amers/Desktop/ECE554/capstone/snake_hls/snakeVerilog/snake_top_grid_RAM_AUTO_1R1W.dat Line: 70
Warning (10230): Verilog HDL assignment warning at snake_top_grid_RAM_AUTO_1R1W.dat(71): truncated value with size 4 to match size of target (1) File: C:/Users/amers/Desktop/ECE554/capstone/snake_hls/snakeVerilog/snake_top_grid_RAM_AUTO_1R1W.dat Line: 71
Warning (10230): Verilog HDL assignment warning at snake_top_grid_RAM_AUTO_1R1W.dat(72): truncated value with size 4 to match size of target (1) File: C:/Users/amers/Desktop/ECE554/capstone/snake_hls/snakeVerilog/snake_top_grid_RAM_AUTO_1R1W.dat Line: 72
Warning (10230): Verilog HDL assignment warning at snake_top_grid_RAM_AUTO_1R1W.dat(73): truncated value with size 4 to match size of target (1) File: C:/Users/amers/Desktop/ECE554/capstone/snake_hls/snakeVerilog/snake_top_grid_RAM_AUTO_1R1W.dat Line: 73
Warning (10230): Verilog HDL assignment warning at snake_top_grid_RAM_AUTO_1R1W.dat(74): truncated value with size 4 to match size of target (1) File: C:/Users/amers/Desktop/ECE554/capstone/snake_hls/snakeVerilog/snake_top_grid_RAM_AUTO_1R1W.dat Line: 74
Warning (10230): Verilog HDL assignment warning at snake_top_grid_RAM_AUTO_1R1W.dat(75): truncated value with size 4 to match size of target (1) File: C:/Users/amers/Desktop/ECE554/capstone/snake_hls/snakeVerilog/snake_top_grid_RAM_AUTO_1R1W.dat Line: 75
Warning (10230): Verilog HDL assignment warning at snake_top_grid_RAM_AUTO_1R1W.dat(76): truncated value with size 4 to match size of target (1) File: C:/Users/amers/Desktop/ECE554/capstone/snake_hls/snakeVerilog/snake_top_grid_RAM_AUTO_1R1W.dat Line: 76
Warning (10230): Verilog HDL assignment warning at snake_top_grid_RAM_AUTO_1R1W.dat(77): truncated value with size 4 to match size of target (1) File: C:/Users/amers/Desktop/ECE554/capstone/snake_hls/snakeVerilog/snake_top_grid_RAM_AUTO_1R1W.dat Line: 77
Warning (10230): Verilog HDL assignment warning at snake_top_grid_RAM_AUTO_1R1W.dat(78): truncated value with size 4 to match size of target (1) File: C:/Users/amers/Desktop/ECE554/capstone/snake_hls/snakeVerilog/snake_top_grid_RAM_AUTO_1R1W.dat Line: 78
Warning (10230): Verilog HDL assignment warning at snake_top_grid_RAM_AUTO_1R1W.dat(79): truncated value with size 4 to match size of target (1) File: C:/Users/amers/Desktop/ECE554/capstone/snake_hls/snakeVerilog/snake_top_grid_RAM_AUTO_1R1W.dat Line: 79
Warning (10230): Verilog HDL assignment warning at snake_top_grid_RAM_AUTO_1R1W.dat(80): truncated value with size 4 to match size of target (1) File: C:/Users/amers/Desktop/ECE554/capstone/snake_hls/snakeVerilog/snake_top_grid_RAM_AUTO_1R1W.dat Line: 80
Warning (10230): Verilog HDL assignment warning at snake_top_grid_RAM_AUTO_1R1W.dat(81): truncated value with size 4 to match size of target (1) File: C:/Users/amers/Desktop/ECE554/capstone/snake_hls/snakeVerilog/snake_top_grid_RAM_AUTO_1R1W.dat Line: 81
Warning (10230): Verilog HDL assignment warning at snake_top_grid_RAM_AUTO_1R1W.dat(82): truncated value with size 4 to match size of target (1) File: C:/Users/amers/Desktop/ECE554/capstone/snake_hls/snakeVerilog/snake_top_grid_RAM_AUTO_1R1W.dat Line: 82
Warning (10230): Verilog HDL assignment warning at snake_top_grid_RAM_AUTO_1R1W.dat(83): truncated value with size 4 to match size of target (1) File: C:/Users/amers/Desktop/ECE554/capstone/snake_hls/snakeVerilog/snake_top_grid_RAM_AUTO_1R1W.dat Line: 83
Warning (10230): Verilog HDL assignment warning at snake_top_grid_RAM_AUTO_1R1W.dat(84): truncated value with size 4 to match size of target (1) File: C:/Users/amers/Desktop/ECE554/capstone/snake_hls/snakeVerilog/snake_top_grid_RAM_AUTO_1R1W.dat Line: 84
Warning (10230): Verilog HDL assignment warning at snake_top_grid_RAM_AUTO_1R1W.dat(85): truncated value with size 4 to match size of target (1) File: C:/Users/amers/Desktop/ECE554/capstone/snake_hls/snakeVerilog/snake_top_grid_RAM_AUTO_1R1W.dat Line: 85
Warning (10230): Verilog HDL assignment warning at snake_top_grid_RAM_AUTO_1R1W.dat(86): truncated value with size 4 to match size of target (1) File: C:/Users/amers/Desktop/ECE554/capstone/snake_hls/snakeVerilog/snake_top_grid_RAM_AUTO_1R1W.dat Line: 86
Warning (10230): Verilog HDL assignment warning at snake_top_grid_RAM_AUTO_1R1W.dat(87): truncated value with size 4 to match size of target (1) File: C:/Users/amers/Desktop/ECE554/capstone/snake_hls/snakeVerilog/snake_top_grid_RAM_AUTO_1R1W.dat Line: 87
Warning (10230): Verilog HDL assignment warning at snake_top_grid_RAM_AUTO_1R1W.dat(88): truncated value with size 4 to match size of target (1) File: C:/Users/amers/Desktop/ECE554/capstone/snake_hls/snakeVerilog/snake_top_grid_RAM_AUTO_1R1W.dat Line: 88
Warning (10230): Verilog HDL assignment warning at snake_top_grid_RAM_AUTO_1R1W.dat(89): truncated value with size 4 to match size of target (1) File: C:/Users/amers/Desktop/ECE554/capstone/snake_hls/snakeVerilog/snake_top_grid_RAM_AUTO_1R1W.dat Line: 89
Warning (10230): Verilog HDL assignment warning at snake_top_grid_RAM_AUTO_1R1W.dat(90): truncated value with size 4 to match size of target (1) File: C:/Users/amers/Desktop/ECE554/capstone/snake_hls/snakeVerilog/snake_top_grid_RAM_AUTO_1R1W.dat Line: 90
Warning (10230): Verilog HDL assignment warning at snake_top_grid_RAM_AUTO_1R1W.dat(91): truncated value with size 4 to match size of target (1) File: C:/Users/amers/Desktop/ECE554/capstone/snake_hls/snakeVerilog/snake_top_grid_RAM_AUTO_1R1W.dat Line: 91
Warning (10230): Verilog HDL assignment warning at snake_top_grid_RAM_AUTO_1R1W.dat(92): truncated value with size 4 to match size of target (1) File: C:/Users/amers/Desktop/ECE554/capstone/snake_hls/snakeVerilog/snake_top_grid_RAM_AUTO_1R1W.dat Line: 92
Warning (10230): Verilog HDL assignment warning at snake_top_grid_RAM_AUTO_1R1W.dat(93): truncated value with size 4 to match size of target (1) File: C:/Users/amers/Desktop/ECE554/capstone/snake_hls/snakeVerilog/snake_top_grid_RAM_AUTO_1R1W.dat Line: 93
Warning (10230): Verilog HDL assignment warning at snake_top_grid_RAM_AUTO_1R1W.dat(94): truncated value with size 4 to match size of target (1) File: C:/Users/amers/Desktop/ECE554/capstone/snake_hls/snakeVerilog/snake_top_grid_RAM_AUTO_1R1W.dat Line: 94
Warning (10230): Verilog HDL assignment warning at snake_top_grid_RAM_AUTO_1R1W.dat(95): truncated value with size 4 to match size of target (1) File: C:/Users/amers/Desktop/ECE554/capstone/snake_hls/snakeVerilog/snake_top_grid_RAM_AUTO_1R1W.dat Line: 95
Warning (10230): Verilog HDL assignment warning at snake_top_grid_RAM_AUTO_1R1W.dat(96): truncated value with size 4 to match size of target (1) File: C:/Users/amers/Desktop/ECE554/capstone/snake_hls/snakeVerilog/snake_top_grid_RAM_AUTO_1R1W.dat Line: 96
Warning (10230): Verilog HDL assignment warning at snake_top_grid_RAM_AUTO_1R1W.dat(97): truncated value with size 4 to match size of target (1) File: C:/Users/amers/Desktop/ECE554/capstone/snake_hls/snakeVerilog/snake_top_grid_RAM_AUTO_1R1W.dat Line: 97
Warning (10230): Verilog HDL assignment warning at snake_top_grid_RAM_AUTO_1R1W.dat(98): truncated value with size 4 to match size of target (1) File: C:/Users/amers/Desktop/ECE554/capstone/snake_hls/snakeVerilog/snake_top_grid_RAM_AUTO_1R1W.dat Line: 98
Warning (10230): Verilog HDL assignment warning at snake_top_grid_RAM_AUTO_1R1W.dat(99): truncated value with size 4 to match size of target (1) File: C:/Users/amers/Desktop/ECE554/capstone/snake_hls/snakeVerilog/snake_top_grid_RAM_AUTO_1R1W.dat Line: 99
Warning (10230): Verilog HDL assignment warning at snake_top_grid_RAM_AUTO_1R1W.dat(100): truncated value with size 4 to match size of target (1) File: C:/Users/amers/Desktop/ECE554/capstone/snake_hls/snakeVerilog/snake_top_grid_RAM_AUTO_1R1W.dat Line: 100
Warning (10230): Verilog HDL assignment warning at snake_top_grid_RAM_AUTO_1R1W.dat(101): truncated value with size 4 to match size of target (1) File: C:/Users/amers/Desktop/ECE554/capstone/snake_hls/snakeVerilog/snake_top_grid_RAM_AUTO_1R1W.dat Line: 101
Warning (10230): Verilog HDL assignment warning at snake_top_grid_RAM_AUTO_1R1W.dat(102): truncated value with size 4 to match size of target (1) File: C:/Users/amers/Desktop/ECE554/capstone/snake_hls/snakeVerilog/snake_top_grid_RAM_AUTO_1R1W.dat Line: 102
Warning (10230): Verilog HDL assignment warning at snake_top_grid_RAM_AUTO_1R1W.dat(103): truncated value with size 4 to match size of target (1) File: C:/Users/amers/Desktop/ECE554/capstone/snake_hls/snakeVerilog/snake_top_grid_RAM_AUTO_1R1W.dat Line: 103
Warning (10230): Verilog HDL assignment warning at snake_top_grid_RAM_AUTO_1R1W.dat(104): truncated value with size 4 to match size of target (1) File: C:/Users/amers/Desktop/ECE554/capstone/snake_hls/snakeVerilog/snake_top_grid_RAM_AUTO_1R1W.dat Line: 104
Warning (10230): Verilog HDL assignment warning at snake_top_grid_RAM_AUTO_1R1W.dat(105): truncated value with size 4 to match size of target (1) File: C:/Users/amers/Desktop/ECE554/capstone/snake_hls/snakeVerilog/snake_top_grid_RAM_AUTO_1R1W.dat Line: 105
Warning (10230): Verilog HDL assignment warning at snake_top_grid_RAM_AUTO_1R1W.dat(106): truncated value with size 4 to match size of target (1) File: C:/Users/amers/Desktop/ECE554/capstone/snake_hls/snakeVerilog/snake_top_grid_RAM_AUTO_1R1W.dat Line: 106
Warning (10230): Verilog HDL assignment warning at snake_top_grid_RAM_AUTO_1R1W.dat(107): truncated value with size 4 to match size of target (1) File: C:/Users/amers/Desktop/ECE554/capstone/snake_hls/snakeVerilog/snake_top_grid_RAM_AUTO_1R1W.dat Line: 107
Warning (10230): Verilog HDL assignment warning at snake_top_grid_RAM_AUTO_1R1W.dat(108): truncated value with size 4 to match size of target (1) File: C:/Users/amers/Desktop/ECE554/capstone/snake_hls/snakeVerilog/snake_top_grid_RAM_AUTO_1R1W.dat Line: 108
Warning (10230): Verilog HDL assignment warning at snake_top_grid_RAM_AUTO_1R1W.dat(109): truncated value with size 4 to match size of target (1) File: C:/Users/amers/Desktop/ECE554/capstone/snake_hls/snakeVerilog/snake_top_grid_RAM_AUTO_1R1W.dat Line: 109
Warning (10230): Verilog HDL assignment warning at snake_top_grid_RAM_AUTO_1R1W.dat(110): truncated value with size 4 to match size of target (1) File: C:/Users/amers/Desktop/ECE554/capstone/snake_hls/snakeVerilog/snake_top_grid_RAM_AUTO_1R1W.dat Line: 110
Warning (10230): Verilog HDL assignment warning at snake_top_grid_RAM_AUTO_1R1W.dat(111): truncated value with size 4 to match size of target (1) File: C:/Users/amers/Desktop/ECE554/capstone/snake_hls/snakeVerilog/snake_top_grid_RAM_AUTO_1R1W.dat Line: 111
Warning (10230): Verilog HDL assignment warning at snake_top_grid_RAM_AUTO_1R1W.dat(112): truncated value with size 4 to match size of target (1) File: C:/Users/amers/Desktop/ECE554/capstone/snake_hls/snakeVerilog/snake_top_grid_RAM_AUTO_1R1W.dat Line: 112
Warning (10230): Verilog HDL assignment warning at snake_top_grid_RAM_AUTO_1R1W.dat(113): truncated value with size 4 to match size of target (1) File: C:/Users/amers/Desktop/ECE554/capstone/snake_hls/snakeVerilog/snake_top_grid_RAM_AUTO_1R1W.dat Line: 113
Warning (10230): Verilog HDL assignment warning at snake_top_grid_RAM_AUTO_1R1W.dat(114): truncated value with size 4 to match size of target (1) File: C:/Users/amers/Desktop/ECE554/capstone/snake_hls/snakeVerilog/snake_top_grid_RAM_AUTO_1R1W.dat Line: 114
Warning (10230): Verilog HDL assignment warning at snake_top_grid_RAM_AUTO_1R1W.dat(115): truncated value with size 4 to match size of target (1) File: C:/Users/amers/Desktop/ECE554/capstone/snake_hls/snakeVerilog/snake_top_grid_RAM_AUTO_1R1W.dat Line: 115
Warning (10230): Verilog HDL assignment warning at snake_top_grid_RAM_AUTO_1R1W.dat(116): truncated value with size 4 to match size of target (1) File: C:/Users/amers/Desktop/ECE554/capstone/snake_hls/snakeVerilog/snake_top_grid_RAM_AUTO_1R1W.dat Line: 116
Warning (10230): Verilog HDL assignment warning at snake_top_grid_RAM_AUTO_1R1W.dat(117): truncated value with size 4 to match size of target (1) File: C:/Users/amers/Desktop/ECE554/capstone/snake_hls/snakeVerilog/snake_top_grid_RAM_AUTO_1R1W.dat Line: 117
Warning (10230): Verilog HDL assignment warning at snake_top_grid_RAM_AUTO_1R1W.dat(118): truncated value with size 4 to match size of target (1) File: C:/Users/amers/Desktop/ECE554/capstone/snake_hls/snakeVerilog/snake_top_grid_RAM_AUTO_1R1W.dat Line: 118
Warning (10230): Verilog HDL assignment warning at snake_top_grid_RAM_AUTO_1R1W.dat(119): truncated value with size 4 to match size of target (1) File: C:/Users/amers/Desktop/ECE554/capstone/snake_hls/snakeVerilog/snake_top_grid_RAM_AUTO_1R1W.dat Line: 119
Warning (10230): Verilog HDL assignment warning at snake_top_grid_RAM_AUTO_1R1W.dat(120): truncated value with size 4 to match size of target (1) File: C:/Users/amers/Desktop/ECE554/capstone/snake_hls/snakeVerilog/snake_top_grid_RAM_AUTO_1R1W.dat Line: 120
Warning (10230): Verilog HDL assignment warning at snake_top_grid_RAM_AUTO_1R1W.dat(121): truncated value with size 4 to match size of target (1) File: C:/Users/amers/Desktop/ECE554/capstone/snake_hls/snakeVerilog/snake_top_grid_RAM_AUTO_1R1W.dat Line: 121
Warning (10230): Verilog HDL assignment warning at snake_top_grid_RAM_AUTO_1R1W.dat(122): truncated value with size 4 to match size of target (1) File: C:/Users/amers/Desktop/ECE554/capstone/snake_hls/snakeVerilog/snake_top_grid_RAM_AUTO_1R1W.dat Line: 122
Warning (10230): Verilog HDL assignment warning at snake_top_grid_RAM_AUTO_1R1W.dat(123): truncated value with size 4 to match size of target (1) File: C:/Users/amers/Desktop/ECE554/capstone/snake_hls/snakeVerilog/snake_top_grid_RAM_AUTO_1R1W.dat Line: 123
Warning (10230): Verilog HDL assignment warning at snake_top_grid_RAM_AUTO_1R1W.dat(124): truncated value with size 4 to match size of target (1) File: C:/Users/amers/Desktop/ECE554/capstone/snake_hls/snakeVerilog/snake_top_grid_RAM_AUTO_1R1W.dat Line: 124
Warning (10230): Verilog HDL assignment warning at snake_top_grid_RAM_AUTO_1R1W.dat(125): truncated value with size 4 to match size of target (1) File: C:/Users/amers/Desktop/ECE554/capstone/snake_hls/snakeVerilog/snake_top_grid_RAM_AUTO_1R1W.dat Line: 125
Warning (10230): Verilog HDL assignment warning at snake_top_grid_RAM_AUTO_1R1W.dat(126): truncated value with size 4 to match size of target (1) File: C:/Users/amers/Desktop/ECE554/capstone/snake_hls/snakeVerilog/snake_top_grid_RAM_AUTO_1R1W.dat Line: 126
Warning (10230): Verilog HDL assignment warning at snake_top_grid_RAM_AUTO_1R1W.dat(127): truncated value with size 4 to match size of target (1) File: C:/Users/amers/Desktop/ECE554/capstone/snake_hls/snakeVerilog/snake_top_grid_RAM_AUTO_1R1W.dat Line: 127
Warning (10230): Verilog HDL assignment warning at snake_top_grid_RAM_AUTO_1R1W.dat(128): truncated value with size 4 to match size of target (1) File: C:/Users/amers/Desktop/ECE554/capstone/snake_hls/snakeVerilog/snake_top_grid_RAM_AUTO_1R1W.dat Line: 128
Warning (10230): Verilog HDL assignment warning at snake_top_grid_RAM_AUTO_1R1W.dat(129): truncated value with size 4 to match size of target (1) File: C:/Users/amers/Desktop/ECE554/capstone/snake_hls/snakeVerilog/snake_top_grid_RAM_AUTO_1R1W.dat Line: 129
Warning (10230): Verilog HDL assignment warning at snake_top_grid_RAM_AUTO_1R1W.dat(130): truncated value with size 4 to match size of target (1) File: C:/Users/amers/Desktop/ECE554/capstone/snake_hls/snakeVerilog/snake_top_grid_RAM_AUTO_1R1W.dat Line: 130
Warning (10230): Verilog HDL assignment warning at snake_top_grid_RAM_AUTO_1R1W.dat(131): truncated value with size 4 to match size of target (1) File: C:/Users/amers/Desktop/ECE554/capstone/snake_hls/snakeVerilog/snake_top_grid_RAM_AUTO_1R1W.dat Line: 131
Warning (10230): Verilog HDL assignment warning at snake_top_grid_RAM_AUTO_1R1W.dat(132): truncated value with size 4 to match size of target (1) File: C:/Users/amers/Desktop/ECE554/capstone/snake_hls/snakeVerilog/snake_top_grid_RAM_AUTO_1R1W.dat Line: 132
Warning (10230): Verilog HDL assignment warning at snake_top_grid_RAM_AUTO_1R1W.dat(133): truncated value with size 4 to match size of target (1) File: C:/Users/amers/Desktop/ECE554/capstone/snake_hls/snakeVerilog/snake_top_grid_RAM_AUTO_1R1W.dat Line: 133
Warning (10230): Verilog HDL assignment warning at snake_top_grid_RAM_AUTO_1R1W.dat(134): truncated value with size 4 to match size of target (1) File: C:/Users/amers/Desktop/ECE554/capstone/snake_hls/snakeVerilog/snake_top_grid_RAM_AUTO_1R1W.dat Line: 134
Warning (10230): Verilog HDL assignment warning at snake_top_grid_RAM_AUTO_1R1W.dat(135): truncated value with size 4 to match size of target (1) File: C:/Users/amers/Desktop/ECE554/capstone/snake_hls/snakeVerilog/snake_top_grid_RAM_AUTO_1R1W.dat Line: 135
Warning (10230): Verilog HDL assignment warning at snake_top_grid_RAM_AUTO_1R1W.dat(136): truncated value with size 4 to match size of target (1) File: C:/Users/amers/Desktop/ECE554/capstone/snake_hls/snakeVerilog/snake_top_grid_RAM_AUTO_1R1W.dat Line: 136
Warning (10230): Verilog HDL assignment warning at snake_top_grid_RAM_AUTO_1R1W.dat(137): truncated value with size 4 to match size of target (1) File: C:/Users/amers/Desktop/ECE554/capstone/snake_hls/snakeVerilog/snake_top_grid_RAM_AUTO_1R1W.dat Line: 137
Warning (10230): Verilog HDL assignment warning at snake_top_grid_RAM_AUTO_1R1W.dat(138): truncated value with size 4 to match size of target (1) File: C:/Users/amers/Desktop/ECE554/capstone/snake_hls/snakeVerilog/snake_top_grid_RAM_AUTO_1R1W.dat Line: 138
Warning (10230): Verilog HDL assignment warning at snake_top_grid_RAM_AUTO_1R1W.dat(139): truncated value with size 4 to match size of target (1) File: C:/Users/amers/Desktop/ECE554/capstone/snake_hls/snakeVerilog/snake_top_grid_RAM_AUTO_1R1W.dat Line: 139
Warning (10230): Verilog HDL assignment warning at snake_top_grid_RAM_AUTO_1R1W.dat(140): truncated value with size 4 to match size of target (1) File: C:/Users/amers/Desktop/ECE554/capstone/snake_hls/snakeVerilog/snake_top_grid_RAM_AUTO_1R1W.dat Line: 140
Warning (10230): Verilog HDL assignment warning at snake_top_grid_RAM_AUTO_1R1W.dat(141): truncated value with size 4 to match size of target (1) File: C:/Users/amers/Desktop/ECE554/capstone/snake_hls/snakeVerilog/snake_top_grid_RAM_AUTO_1R1W.dat Line: 141
Warning (10230): Verilog HDL assignment warning at snake_top_grid_RAM_AUTO_1R1W.dat(142): truncated value with size 4 to match size of target (1) File: C:/Users/amers/Desktop/ECE554/capstone/snake_hls/snakeVerilog/snake_top_grid_RAM_AUTO_1R1W.dat Line: 142
Warning (10230): Verilog HDL assignment warning at snake_top_grid_RAM_AUTO_1R1W.dat(143): truncated value with size 4 to match size of target (1) File: C:/Users/amers/Desktop/ECE554/capstone/snake_hls/snakeVerilog/snake_top_grid_RAM_AUTO_1R1W.dat Line: 143
Warning (10230): Verilog HDL assignment warning at snake_top_grid_RAM_AUTO_1R1W.dat(144): truncated value with size 4 to match size of target (1) File: C:/Users/amers/Desktop/ECE554/capstone/snake_hls/snakeVerilog/snake_top_grid_RAM_AUTO_1R1W.dat Line: 144
Warning (10230): Verilog HDL assignment warning at snake_top_grid_RAM_AUTO_1R1W.dat(145): truncated value with size 4 to match size of target (1) File: C:/Users/amers/Desktop/ECE554/capstone/snake_hls/snakeVerilog/snake_top_grid_RAM_AUTO_1R1W.dat Line: 145
Warning (10230): Verilog HDL assignment warning at snake_top_grid_RAM_AUTO_1R1W.dat(146): truncated value with size 4 to match size of target (1) File: C:/Users/amers/Desktop/ECE554/capstone/snake_hls/snakeVerilog/snake_top_grid_RAM_AUTO_1R1W.dat Line: 146
Warning (10230): Verilog HDL assignment warning at snake_top_grid_RAM_AUTO_1R1W.dat(147): truncated value with size 4 to match size of target (1) File: C:/Users/amers/Desktop/ECE554/capstone/snake_hls/snakeVerilog/snake_top_grid_RAM_AUTO_1R1W.dat Line: 147
Warning (10230): Verilog HDL assignment warning at snake_top_grid_RAM_AUTO_1R1W.dat(148): truncated value with size 4 to match size of target (1) File: C:/Users/amers/Desktop/ECE554/capstone/snake_hls/snakeVerilog/snake_top_grid_RAM_AUTO_1R1W.dat Line: 148
Warning (10230): Verilog HDL assignment warning at snake_top_grid_RAM_AUTO_1R1W.dat(149): truncated value with size 4 to match size of target (1) File: C:/Users/amers/Desktop/ECE554/capstone/snake_hls/snakeVerilog/snake_top_grid_RAM_AUTO_1R1W.dat Line: 149
Warning (10230): Verilog HDL assignment warning at snake_top_grid_RAM_AUTO_1R1W.dat(150): truncated value with size 4 to match size of target (1) File: C:/Users/amers/Desktop/ECE554/capstone/snake_hls/snakeVerilog/snake_top_grid_RAM_AUTO_1R1W.dat Line: 150
Warning (10230): Verilog HDL assignment warning at snake_top_grid_RAM_AUTO_1R1W.dat(151): truncated value with size 4 to match size of target (1) File: C:/Users/amers/Desktop/ECE554/capstone/snake_hls/snakeVerilog/snake_top_grid_RAM_AUTO_1R1W.dat Line: 151
Warning (10230): Verilog HDL assignment warning at snake_top_grid_RAM_AUTO_1R1W.dat(152): truncated value with size 4 to match size of target (1) File: C:/Users/amers/Desktop/ECE554/capstone/snake_hls/snakeVerilog/snake_top_grid_RAM_AUTO_1R1W.dat Line: 152
Warning (10230): Verilog HDL assignment warning at snake_top_grid_RAM_AUTO_1R1W.dat(153): truncated value with size 4 to match size of target (1) File: C:/Users/amers/Desktop/ECE554/capstone/snake_hls/snakeVerilog/snake_top_grid_RAM_AUTO_1R1W.dat Line: 153
Warning (10230): Verilog HDL assignment warning at snake_top_grid_RAM_AUTO_1R1W.dat(154): truncated value with size 4 to match size of target (1) File: C:/Users/amers/Desktop/ECE554/capstone/snake_hls/snakeVerilog/snake_top_grid_RAM_AUTO_1R1W.dat Line: 154
Warning (10230): Verilog HDL assignment warning at snake_top_grid_RAM_AUTO_1R1W.dat(155): truncated value with size 4 to match size of target (1) File: C:/Users/amers/Desktop/ECE554/capstone/snake_hls/snakeVerilog/snake_top_grid_RAM_AUTO_1R1W.dat Line: 155
Warning (10230): Verilog HDL assignment warning at snake_top_grid_RAM_AUTO_1R1W.dat(156): truncated value with size 4 to match size of target (1) File: C:/Users/amers/Desktop/ECE554/capstone/snake_hls/snakeVerilog/snake_top_grid_RAM_AUTO_1R1W.dat Line: 156
Warning (10230): Verilog HDL assignment warning at snake_top_grid_RAM_AUTO_1R1W.dat(157): truncated value with size 4 to match size of target (1) File: C:/Users/amers/Desktop/ECE554/capstone/snake_hls/snakeVerilog/snake_top_grid_RAM_AUTO_1R1W.dat Line: 157
Warning (10230): Verilog HDL assignment warning at snake_top_grid_RAM_AUTO_1R1W.dat(158): truncated value with size 4 to match size of target (1) File: C:/Users/amers/Desktop/ECE554/capstone/snake_hls/snakeVerilog/snake_top_grid_RAM_AUTO_1R1W.dat Line: 158
Warning (10230): Verilog HDL assignment warning at snake_top_grid_RAM_AUTO_1R1W.dat(159): truncated value with size 4 to match size of target (1) File: C:/Users/amers/Desktop/ECE554/capstone/snake_hls/snakeVerilog/snake_top_grid_RAM_AUTO_1R1W.dat Line: 159
Warning (10230): Verilog HDL assignment warning at snake_top_grid_RAM_AUTO_1R1W.dat(160): truncated value with size 4 to match size of target (1) File: C:/Users/amers/Desktop/ECE554/capstone/snake_hls/snakeVerilog/snake_top_grid_RAM_AUTO_1R1W.dat Line: 160
Warning (10230): Verilog HDL assignment warning at snake_top_grid_RAM_AUTO_1R1W.dat(161): truncated value with size 4 to match size of target (1) File: C:/Users/amers/Desktop/ECE554/capstone/snake_hls/snakeVerilog/snake_top_grid_RAM_AUTO_1R1W.dat Line: 161
Warning (10230): Verilog HDL assignment warning at snake_top_grid_RAM_AUTO_1R1W.dat(162): truncated value with size 4 to match size of target (1) File: C:/Users/amers/Desktop/ECE554/capstone/snake_hls/snakeVerilog/snake_top_grid_RAM_AUTO_1R1W.dat Line: 162
Warning (10230): Verilog HDL assignment warning at snake_top_grid_RAM_AUTO_1R1W.dat(163): truncated value with size 4 to match size of target (1) File: C:/Users/amers/Desktop/ECE554/capstone/snake_hls/snakeVerilog/snake_top_grid_RAM_AUTO_1R1W.dat Line: 163
Warning (10230): Verilog HDL assignment warning at snake_top_grid_RAM_AUTO_1R1W.dat(164): truncated value with size 4 to match size of target (1) File: C:/Users/amers/Desktop/ECE554/capstone/snake_hls/snakeVerilog/snake_top_grid_RAM_AUTO_1R1W.dat Line: 164
Warning (10230): Verilog HDL assignment warning at snake_top_grid_RAM_AUTO_1R1W.dat(165): truncated value with size 4 to match size of target (1) File: C:/Users/amers/Desktop/ECE554/capstone/snake_hls/snakeVerilog/snake_top_grid_RAM_AUTO_1R1W.dat Line: 165
Warning (10230): Verilog HDL assignment warning at snake_top_grid_RAM_AUTO_1R1W.dat(166): truncated value with size 4 to match size of target (1) File: C:/Users/amers/Desktop/ECE554/capstone/snake_hls/snakeVerilog/snake_top_grid_RAM_AUTO_1R1W.dat Line: 166
Warning (10230): Verilog HDL assignment warning at snake_top_grid_RAM_AUTO_1R1W.dat(167): truncated value with size 4 to match size of target (1) File: C:/Users/amers/Desktop/ECE554/capstone/snake_hls/snakeVerilog/snake_top_grid_RAM_AUTO_1R1W.dat Line: 167
Warning (10230): Verilog HDL assignment warning at snake_top_grid_RAM_AUTO_1R1W.dat(168): truncated value with size 4 to match size of target (1) File: C:/Users/amers/Desktop/ECE554/capstone/snake_hls/snakeVerilog/snake_top_grid_RAM_AUTO_1R1W.dat Line: 168
Warning (10230): Verilog HDL assignment warning at snake_top_grid_RAM_AUTO_1R1W.dat(169): truncated value with size 4 to match size of target (1) File: C:/Users/amers/Desktop/ECE554/capstone/snake_hls/snakeVerilog/snake_top_grid_RAM_AUTO_1R1W.dat Line: 169
Warning (10230): Verilog HDL assignment warning at snake_top_grid_RAM_AUTO_1R1W.dat(170): truncated value with size 4 to match size of target (1) File: C:/Users/amers/Desktop/ECE554/capstone/snake_hls/snakeVerilog/snake_top_grid_RAM_AUTO_1R1W.dat Line: 170
Warning (10230): Verilog HDL assignment warning at snake_top_grid_RAM_AUTO_1R1W.dat(171): truncated value with size 4 to match size of target (1) File: C:/Users/amers/Desktop/ECE554/capstone/snake_hls/snakeVerilog/snake_top_grid_RAM_AUTO_1R1W.dat Line: 171
Warning (10230): Verilog HDL assignment warning at snake_top_grid_RAM_AUTO_1R1W.dat(172): truncated value with size 4 to match size of target (1) File: C:/Users/amers/Desktop/ECE554/capstone/snake_hls/snakeVerilog/snake_top_grid_RAM_AUTO_1R1W.dat Line: 172
Warning (10230): Verilog HDL assignment warning at snake_top_grid_RAM_AUTO_1R1W.dat(173): truncated value with size 4 to match size of target (1) File: C:/Users/amers/Desktop/ECE554/capstone/snake_hls/snakeVerilog/snake_top_grid_RAM_AUTO_1R1W.dat Line: 173
Warning (10230): Verilog HDL assignment warning at snake_top_grid_RAM_AUTO_1R1W.dat(174): truncated value with size 4 to match size of target (1) File: C:/Users/amers/Desktop/ECE554/capstone/snake_hls/snakeVerilog/snake_top_grid_RAM_AUTO_1R1W.dat Line: 174
Warning (10230): Verilog HDL assignment warning at snake_top_grid_RAM_AUTO_1R1W.dat(175): truncated value with size 4 to match size of target (1) File: C:/Users/amers/Desktop/ECE554/capstone/snake_hls/snakeVerilog/snake_top_grid_RAM_AUTO_1R1W.dat Line: 175
Warning (10230): Verilog HDL assignment warning at snake_top_grid_RAM_AUTO_1R1W.dat(176): truncated value with size 4 to match size of target (1) File: C:/Users/amers/Desktop/ECE554/capstone/snake_hls/snakeVerilog/snake_top_grid_RAM_AUTO_1R1W.dat Line: 176
Warning (10230): Verilog HDL assignment warning at snake_top_grid_RAM_AUTO_1R1W.dat(177): truncated value with size 4 to match size of target (1) File: C:/Users/amers/Desktop/ECE554/capstone/snake_hls/snakeVerilog/snake_top_grid_RAM_AUTO_1R1W.dat Line: 177
Warning (10230): Verilog HDL assignment warning at snake_top_grid_RAM_AUTO_1R1W.dat(178): truncated value with size 4 to match size of target (1) File: C:/Users/amers/Desktop/ECE554/capstone/snake_hls/snakeVerilog/snake_top_grid_RAM_AUTO_1R1W.dat Line: 178
Warning (10230): Verilog HDL assignment warning at snake_top_grid_RAM_AUTO_1R1W.dat(179): truncated value with size 4 to match size of target (1) File: C:/Users/amers/Desktop/ECE554/capstone/snake_hls/snakeVerilog/snake_top_grid_RAM_AUTO_1R1W.dat Line: 179
Warning (10230): Verilog HDL assignment warning at snake_top_grid_RAM_AUTO_1R1W.dat(180): truncated value with size 4 to match size of target (1) File: C:/Users/amers/Desktop/ECE554/capstone/snake_hls/snakeVerilog/snake_top_grid_RAM_AUTO_1R1W.dat Line: 180
Warning (10230): Verilog HDL assignment warning at snake_top_grid_RAM_AUTO_1R1W.dat(181): truncated value with size 4 to match size of target (1) File: C:/Users/amers/Desktop/ECE554/capstone/snake_hls/snakeVerilog/snake_top_grid_RAM_AUTO_1R1W.dat Line: 181
Warning (10230): Verilog HDL assignment warning at snake_top_grid_RAM_AUTO_1R1W.dat(182): truncated value with size 4 to match size of target (1) File: C:/Users/amers/Desktop/ECE554/capstone/snake_hls/snakeVerilog/snake_top_grid_RAM_AUTO_1R1W.dat Line: 182
Warning (10230): Verilog HDL assignment warning at snake_top_grid_RAM_AUTO_1R1W.dat(183): truncated value with size 4 to match size of target (1) File: C:/Users/amers/Desktop/ECE554/capstone/snake_hls/snakeVerilog/snake_top_grid_RAM_AUTO_1R1W.dat Line: 183
Warning (10230): Verilog HDL assignment warning at snake_top_grid_RAM_AUTO_1R1W.dat(184): truncated value with size 4 to match size of target (1) File: C:/Users/amers/Desktop/ECE554/capstone/snake_hls/snakeVerilog/snake_top_grid_RAM_AUTO_1R1W.dat Line: 184
Warning (10230): Verilog HDL assignment warning at snake_top_grid_RAM_AUTO_1R1W.dat(185): truncated value with size 4 to match size of target (1) File: C:/Users/amers/Desktop/ECE554/capstone/snake_hls/snakeVerilog/snake_top_grid_RAM_AUTO_1R1W.dat Line: 185
Warning (10230): Verilog HDL assignment warning at snake_top_grid_RAM_AUTO_1R1W.dat(186): truncated value with size 4 to match size of target (1) File: C:/Users/amers/Desktop/ECE554/capstone/snake_hls/snakeVerilog/snake_top_grid_RAM_AUTO_1R1W.dat Line: 186
Warning (10230): Verilog HDL assignment warning at snake_top_grid_RAM_AUTO_1R1W.dat(187): truncated value with size 4 to match size of target (1) File: C:/Users/amers/Desktop/ECE554/capstone/snake_hls/snakeVerilog/snake_top_grid_RAM_AUTO_1R1W.dat Line: 187
Warning (10230): Verilog HDL assignment warning at snake_top_grid_RAM_AUTO_1R1W.dat(188): truncated value with size 4 to match size of target (1) File: C:/Users/amers/Desktop/ECE554/capstone/snake_hls/snakeVerilog/snake_top_grid_RAM_AUTO_1R1W.dat Line: 188
Warning (10230): Verilog HDL assignment warning at snake_top_grid_RAM_AUTO_1R1W.dat(189): truncated value with size 4 to match size of target (1) File: C:/Users/amers/Desktop/ECE554/capstone/snake_hls/snakeVerilog/snake_top_grid_RAM_AUTO_1R1W.dat Line: 189
Warning (10230): Verilog HDL assignment warning at snake_top_grid_RAM_AUTO_1R1W.dat(190): truncated value with size 4 to match size of target (1) File: C:/Users/amers/Desktop/ECE554/capstone/snake_hls/snakeVerilog/snake_top_grid_RAM_AUTO_1R1W.dat Line: 190
Warning (10230): Verilog HDL assignment warning at snake_top_grid_RAM_AUTO_1R1W.dat(191): truncated value with size 4 to match size of target (1) File: C:/Users/amers/Desktop/ECE554/capstone/snake_hls/snakeVerilog/snake_top_grid_RAM_AUTO_1R1W.dat Line: 191
Warning (10230): Verilog HDL assignment warning at snake_top_grid_RAM_AUTO_1R1W.dat(192): truncated value with size 4 to match size of target (1) File: C:/Users/amers/Desktop/ECE554/capstone/snake_hls/snakeVerilog/snake_top_grid_RAM_AUTO_1R1W.dat Line: 192
Warning (10230): Verilog HDL assignment warning at snake_top_grid_RAM_AUTO_1R1W.dat(193): truncated value with size 4 to match size of target (1) File: C:/Users/amers/Desktop/ECE554/capstone/snake_hls/snakeVerilog/snake_top_grid_RAM_AUTO_1R1W.dat Line: 193
Warning (10230): Verilog HDL assignment warning at snake_top_grid_RAM_AUTO_1R1W.dat(194): truncated value with size 4 to match size of target (1) File: C:/Users/amers/Desktop/ECE554/capstone/snake_hls/snakeVerilog/snake_top_grid_RAM_AUTO_1R1W.dat Line: 194
Warning (10230): Verilog HDL assignment warning at snake_top_grid_RAM_AUTO_1R1W.dat(195): truncated value with size 4 to match size of target (1) File: C:/Users/amers/Desktop/ECE554/capstone/snake_hls/snakeVerilog/snake_top_grid_RAM_AUTO_1R1W.dat Line: 195
Warning (10230): Verilog HDL assignment warning at snake_top_grid_RAM_AUTO_1R1W.dat(196): truncated value with size 4 to match size of target (1) File: C:/Users/amers/Desktop/ECE554/capstone/snake_hls/snakeVerilog/snake_top_grid_RAM_AUTO_1R1W.dat Line: 196
Warning (10230): Verilog HDL assignment warning at snake_top_grid_RAM_AUTO_1R1W.dat(197): truncated value with size 4 to match size of target (1) File: C:/Users/amers/Desktop/ECE554/capstone/snake_hls/snakeVerilog/snake_top_grid_RAM_AUTO_1R1W.dat Line: 197
Warning (10230): Verilog HDL assignment warning at snake_top_grid_RAM_AUTO_1R1W.dat(198): truncated value with size 4 to match size of target (1) File: C:/Users/amers/Desktop/ECE554/capstone/snake_hls/snakeVerilog/snake_top_grid_RAM_AUTO_1R1W.dat Line: 198
Warning (10230): Verilog HDL assignment warning at snake_top_grid_RAM_AUTO_1R1W.dat(199): truncated value with size 4 to match size of target (1) File: C:/Users/amers/Desktop/ECE554/capstone/snake_hls/snakeVerilog/snake_top_grid_RAM_AUTO_1R1W.dat Line: 199
Warning (10230): Verilog HDL assignment warning at snake_top_grid_RAM_AUTO_1R1W.dat(200): truncated value with size 4 to match size of target (1) File: C:/Users/amers/Desktop/ECE554/capstone/snake_hls/snakeVerilog/snake_top_grid_RAM_AUTO_1R1W.dat Line: 200
Warning (10230): Verilog HDL assignment warning at snake_top_grid_RAM_AUTO_1R1W.dat(201): truncated value with size 4 to match size of target (1) File: C:/Users/amers/Desktop/ECE554/capstone/snake_hls/snakeVerilog/snake_top_grid_RAM_AUTO_1R1W.dat Line: 201
Warning (10230): Verilog HDL assignment warning at snake_top_grid_RAM_AUTO_1R1W.dat(202): truncated value with size 4 to match size of target (1) File: C:/Users/amers/Desktop/ECE554/capstone/snake_hls/snakeVerilog/snake_top_grid_RAM_AUTO_1R1W.dat Line: 202
Warning (10230): Verilog HDL assignment warning at snake_top_grid_RAM_AUTO_1R1W.dat(203): truncated value with size 4 to match size of target (1) File: C:/Users/amers/Desktop/ECE554/capstone/snake_hls/snakeVerilog/snake_top_grid_RAM_AUTO_1R1W.dat Line: 203
Warning (10230): Verilog HDL assignment warning at snake_top_grid_RAM_AUTO_1R1W.dat(204): truncated value with size 4 to match size of target (1) File: C:/Users/amers/Desktop/ECE554/capstone/snake_hls/snakeVerilog/snake_top_grid_RAM_AUTO_1R1W.dat Line: 204
Warning (10230): Verilog HDL assignment warning at snake_top_grid_RAM_AUTO_1R1W.dat(205): truncated value with size 4 to match size of target (1) File: C:/Users/amers/Desktop/ECE554/capstone/snake_hls/snakeVerilog/snake_top_grid_RAM_AUTO_1R1W.dat Line: 205
Warning (10230): Verilog HDL assignment warning at snake_top_grid_RAM_AUTO_1R1W.dat(206): truncated value with size 4 to match size of target (1) File: C:/Users/amers/Desktop/ECE554/capstone/snake_hls/snakeVerilog/snake_top_grid_RAM_AUTO_1R1W.dat Line: 206
Warning (10230): Verilog HDL assignment warning at snake_top_grid_RAM_AUTO_1R1W.dat(207): truncated value with size 4 to match size of target (1) File: C:/Users/amers/Desktop/ECE554/capstone/snake_hls/snakeVerilog/snake_top_grid_RAM_AUTO_1R1W.dat Line: 207
Warning (10230): Verilog HDL assignment warning at snake_top_grid_RAM_AUTO_1R1W.dat(208): truncated value with size 4 to match size of target (1) File: C:/Users/amers/Desktop/ECE554/capstone/snake_hls/snakeVerilog/snake_top_grid_RAM_AUTO_1R1W.dat Line: 208
Warning (10230): Verilog HDL assignment warning at snake_top_grid_RAM_AUTO_1R1W.dat(209): truncated value with size 4 to match size of target (1) File: C:/Users/amers/Desktop/ECE554/capstone/snake_hls/snakeVerilog/snake_top_grid_RAM_AUTO_1R1W.dat Line: 209
Warning (10230): Verilog HDL assignment warning at snake_top_grid_RAM_AUTO_1R1W.dat(210): truncated value with size 4 to match size of target (1) File: C:/Users/amers/Desktop/ECE554/capstone/snake_hls/snakeVerilog/snake_top_grid_RAM_AUTO_1R1W.dat Line: 210
Warning (10230): Verilog HDL assignment warning at snake_top_grid_RAM_AUTO_1R1W.dat(211): truncated value with size 4 to match size of target (1) File: C:/Users/amers/Desktop/ECE554/capstone/snake_hls/snakeVerilog/snake_top_grid_RAM_AUTO_1R1W.dat Line: 211
Warning (10230): Verilog HDL assignment warning at snake_top_grid_RAM_AUTO_1R1W.dat(212): truncated value with size 4 to match size of target (1) File: C:/Users/amers/Desktop/ECE554/capstone/snake_hls/snakeVerilog/snake_top_grid_RAM_AUTO_1R1W.dat Line: 212
Warning (10230): Verilog HDL assignment warning at snake_top_grid_RAM_AUTO_1R1W.dat(213): truncated value with size 4 to match size of target (1) File: C:/Users/amers/Desktop/ECE554/capstone/snake_hls/snakeVerilog/snake_top_grid_RAM_AUTO_1R1W.dat Line: 213
Warning (10230): Verilog HDL assignment warning at snake_top_grid_RAM_AUTO_1R1W.dat(214): truncated value with size 4 to match size of target (1) File: C:/Users/amers/Desktop/ECE554/capstone/snake_hls/snakeVerilog/snake_top_grid_RAM_AUTO_1R1W.dat Line: 214
Warning (10230): Verilog HDL assignment warning at snake_top_grid_RAM_AUTO_1R1W.dat(215): truncated value with size 4 to match size of target (1) File: C:/Users/amers/Desktop/ECE554/capstone/snake_hls/snakeVerilog/snake_top_grid_RAM_AUTO_1R1W.dat Line: 215
Warning (10230): Verilog HDL assignment warning at snake_top_grid_RAM_AUTO_1R1W.dat(216): truncated value with size 4 to match size of target (1) File: C:/Users/amers/Desktop/ECE554/capstone/snake_hls/snakeVerilog/snake_top_grid_RAM_AUTO_1R1W.dat Line: 216
Warning (10230): Verilog HDL assignment warning at snake_top_grid_RAM_AUTO_1R1W.dat(217): truncated value with size 4 to match size of target (1) File: C:/Users/amers/Desktop/ECE554/capstone/snake_hls/snakeVerilog/snake_top_grid_RAM_AUTO_1R1W.dat Line: 217
Warning (10230): Verilog HDL assignment warning at snake_top_grid_RAM_AUTO_1R1W.dat(218): truncated value with size 4 to match size of target (1) File: C:/Users/amers/Desktop/ECE554/capstone/snake_hls/snakeVerilog/snake_top_grid_RAM_AUTO_1R1W.dat Line: 218
Warning (10230): Verilog HDL assignment warning at snake_top_grid_RAM_AUTO_1R1W.dat(219): truncated value with size 4 to match size of target (1) File: C:/Users/amers/Desktop/ECE554/capstone/snake_hls/snakeVerilog/snake_top_grid_RAM_AUTO_1R1W.dat Line: 219
Warning (10230): Verilog HDL assignment warning at snake_top_grid_RAM_AUTO_1R1W.dat(220): truncated value with size 4 to match size of target (1) File: C:/Users/amers/Desktop/ECE554/capstone/snake_hls/snakeVerilog/snake_top_grid_RAM_AUTO_1R1W.dat Line: 220
Warning (10230): Verilog HDL assignment warning at snake_top_grid_RAM_AUTO_1R1W.dat(221): truncated value with size 4 to match size of target (1) File: C:/Users/amers/Desktop/ECE554/capstone/snake_hls/snakeVerilog/snake_top_grid_RAM_AUTO_1R1W.dat Line: 221
Warning (10230): Verilog HDL assignment warning at snake_top_grid_RAM_AUTO_1R1W.dat(222): truncated value with size 4 to match size of target (1) File: C:/Users/amers/Desktop/ECE554/capstone/snake_hls/snakeVerilog/snake_top_grid_RAM_AUTO_1R1W.dat Line: 222
Warning (10230): Verilog HDL assignment warning at snake_top_grid_RAM_AUTO_1R1W.dat(223): truncated value with size 4 to match size of target (1) File: C:/Users/amers/Desktop/ECE554/capstone/snake_hls/snakeVerilog/snake_top_grid_RAM_AUTO_1R1W.dat Line: 223
Warning (10230): Verilog HDL assignment warning at snake_top_grid_RAM_AUTO_1R1W.dat(224): truncated value with size 4 to match size of target (1) File: C:/Users/amers/Desktop/ECE554/capstone/snake_hls/snakeVerilog/snake_top_grid_RAM_AUTO_1R1W.dat Line: 224
Warning (10230): Verilog HDL assignment warning at snake_top_grid_RAM_AUTO_1R1W.dat(225): truncated value with size 4 to match size of target (1) File: C:/Users/amers/Desktop/ECE554/capstone/snake_hls/snakeVerilog/snake_top_grid_RAM_AUTO_1R1W.dat Line: 225
Warning (10230): Verilog HDL assignment warning at snake_top_grid_RAM_AUTO_1R1W.dat(226): truncated value with size 4 to match size of target (1) File: C:/Users/amers/Desktop/ECE554/capstone/snake_hls/snakeVerilog/snake_top_grid_RAM_AUTO_1R1W.dat Line: 226
Warning (10230): Verilog HDL assignment warning at snake_top_grid_RAM_AUTO_1R1W.dat(227): truncated value with size 4 to match size of target (1) File: C:/Users/amers/Desktop/ECE554/capstone/snake_hls/snakeVerilog/snake_top_grid_RAM_AUTO_1R1W.dat Line: 227
Warning (10230): Verilog HDL assignment warning at snake_top_grid_RAM_AUTO_1R1W.dat(228): truncated value with size 4 to match size of target (1) File: C:/Users/amers/Desktop/ECE554/capstone/snake_hls/snakeVerilog/snake_top_grid_RAM_AUTO_1R1W.dat Line: 228
Warning (10230): Verilog HDL assignment warning at snake_top_grid_RAM_AUTO_1R1W.dat(229): truncated value with size 4 to match size of target (1) File: C:/Users/amers/Desktop/ECE554/capstone/snake_hls/snakeVerilog/snake_top_grid_RAM_AUTO_1R1W.dat Line: 229
Warning (10230): Verilog HDL assignment warning at snake_top_grid_RAM_AUTO_1R1W.dat(230): truncated value with size 4 to match size of target (1) File: C:/Users/amers/Desktop/ECE554/capstone/snake_hls/snakeVerilog/snake_top_grid_RAM_AUTO_1R1W.dat Line: 230
Warning (10230): Verilog HDL assignment warning at snake_top_grid_RAM_AUTO_1R1W.dat(231): truncated value with size 4 to match size of target (1) File: C:/Users/amers/Desktop/ECE554/capstone/snake_hls/snakeVerilog/snake_top_grid_RAM_AUTO_1R1W.dat Line: 231
Warning (10230): Verilog HDL assignment warning at snake_top_grid_RAM_AUTO_1R1W.dat(232): truncated value with size 4 to match size of target (1) File: C:/Users/amers/Desktop/ECE554/capstone/snake_hls/snakeVerilog/snake_top_grid_RAM_AUTO_1R1W.dat Line: 232
Warning (10230): Verilog HDL assignment warning at snake_top_grid_RAM_AUTO_1R1W.dat(233): truncated value with size 4 to match size of target (1) File: C:/Users/amers/Desktop/ECE554/capstone/snake_hls/snakeVerilog/snake_top_grid_RAM_AUTO_1R1W.dat Line: 233
Warning (10230): Verilog HDL assignment warning at snake_top_grid_RAM_AUTO_1R1W.dat(234): truncated value with size 4 to match size of target (1) File: C:/Users/amers/Desktop/ECE554/capstone/snake_hls/snakeVerilog/snake_top_grid_RAM_AUTO_1R1W.dat Line: 234
Warning (10230): Verilog HDL assignment warning at snake_top_grid_RAM_AUTO_1R1W.dat(235): truncated value with size 4 to match size of target (1) File: C:/Users/amers/Desktop/ECE554/capstone/snake_hls/snakeVerilog/snake_top_grid_RAM_AUTO_1R1W.dat Line: 235
Warning (10230): Verilog HDL assignment warning at snake_top_grid_RAM_AUTO_1R1W.dat(236): truncated value with size 4 to match size of target (1) File: C:/Users/amers/Desktop/ECE554/capstone/snake_hls/snakeVerilog/snake_top_grid_RAM_AUTO_1R1W.dat Line: 236
Warning (10230): Verilog HDL assignment warning at snake_top_grid_RAM_AUTO_1R1W.dat(237): truncated value with size 4 to match size of target (1) File: C:/Users/amers/Desktop/ECE554/capstone/snake_hls/snakeVerilog/snake_top_grid_RAM_AUTO_1R1W.dat Line: 237
Warning (10230): Verilog HDL assignment warning at snake_top_grid_RAM_AUTO_1R1W.dat(238): truncated value with size 4 to match size of target (1) File: C:/Users/amers/Desktop/ECE554/capstone/snake_hls/snakeVerilog/snake_top_grid_RAM_AUTO_1R1W.dat Line: 238
Warning (10230): Verilog HDL assignment warning at snake_top_grid_RAM_AUTO_1R1W.dat(239): truncated value with size 4 to match size of target (1) File: C:/Users/amers/Desktop/ECE554/capstone/snake_hls/snakeVerilog/snake_top_grid_RAM_AUTO_1R1W.dat Line: 239
Warning (10230): Verilog HDL assignment warning at snake_top_grid_RAM_AUTO_1R1W.dat(240): truncated value with size 4 to match size of target (1) File: C:/Users/amers/Desktop/ECE554/capstone/snake_hls/snakeVerilog/snake_top_grid_RAM_AUTO_1R1W.dat Line: 240
Warning (10230): Verilog HDL assignment warning at snake_top_grid_RAM_AUTO_1R1W.dat(241): truncated value with size 4 to match size of target (1) File: C:/Users/amers/Desktop/ECE554/capstone/snake_hls/snakeVerilog/snake_top_grid_RAM_AUTO_1R1W.dat Line: 241
Warning (10230): Verilog HDL assignment warning at snake_top_grid_RAM_AUTO_1R1W.dat(242): truncated value with size 4 to match size of target (1) File: C:/Users/amers/Desktop/ECE554/capstone/snake_hls/snakeVerilog/snake_top_grid_RAM_AUTO_1R1W.dat Line: 242
Warning (10230): Verilog HDL assignment warning at snake_top_grid_RAM_AUTO_1R1W.dat(243): truncated value with size 4 to match size of target (1) File: C:/Users/amers/Desktop/ECE554/capstone/snake_hls/snakeVerilog/snake_top_grid_RAM_AUTO_1R1W.dat Line: 243
Warning (10230): Verilog HDL assignment warning at snake_top_grid_RAM_AUTO_1R1W.dat(244): truncated value with size 4 to match size of target (1) File: C:/Users/amers/Desktop/ECE554/capstone/snake_hls/snakeVerilog/snake_top_grid_RAM_AUTO_1R1W.dat Line: 244
Warning (10230): Verilog HDL assignment warning at snake_top_grid_RAM_AUTO_1R1W.dat(245): truncated value with size 4 to match size of target (1) File: C:/Users/amers/Desktop/ECE554/capstone/snake_hls/snakeVerilog/snake_top_grid_RAM_AUTO_1R1W.dat Line: 245
Warning (10230): Verilog HDL assignment warning at snake_top_grid_RAM_AUTO_1R1W.dat(246): truncated value with size 4 to match size of target (1) File: C:/Users/amers/Desktop/ECE554/capstone/snake_hls/snakeVerilog/snake_top_grid_RAM_AUTO_1R1W.dat Line: 246
Warning (10230): Verilog HDL assignment warning at snake_top_grid_RAM_AUTO_1R1W.dat(247): truncated value with size 4 to match size of target (1) File: C:/Users/amers/Desktop/ECE554/capstone/snake_hls/snakeVerilog/snake_top_grid_RAM_AUTO_1R1W.dat Line: 247
Warning (10230): Verilog HDL assignment warning at snake_top_grid_RAM_AUTO_1R1W.dat(248): truncated value with size 4 to match size of target (1) File: C:/Users/amers/Desktop/ECE554/capstone/snake_hls/snakeVerilog/snake_top_grid_RAM_AUTO_1R1W.dat Line: 248
Warning (10230): Verilog HDL assignment warning at snake_top_grid_RAM_AUTO_1R1W.dat(249): truncated value with size 4 to match size of target (1) File: C:/Users/amers/Desktop/ECE554/capstone/snake_hls/snakeVerilog/snake_top_grid_RAM_AUTO_1R1W.dat Line: 249
Warning (10230): Verilog HDL assignment warning at snake_top_grid_RAM_AUTO_1R1W.dat(250): truncated value with size 4 to match size of target (1) File: C:/Users/amers/Desktop/ECE554/capstone/snake_hls/snakeVerilog/snake_top_grid_RAM_AUTO_1R1W.dat Line: 250
Warning (10230): Verilog HDL assignment warning at snake_top_grid_RAM_AUTO_1R1W.dat(251): truncated value with size 4 to match size of target (1) File: C:/Users/amers/Desktop/ECE554/capstone/snake_hls/snakeVerilog/snake_top_grid_RAM_AUTO_1R1W.dat Line: 251
Warning (10230): Verilog HDL assignment warning at snake_top_grid_RAM_AUTO_1R1W.dat(252): truncated value with size 4 to match size of target (1) File: C:/Users/amers/Desktop/ECE554/capstone/snake_hls/snakeVerilog/snake_top_grid_RAM_AUTO_1R1W.dat Line: 252
Warning (10230): Verilog HDL assignment warning at snake_top_grid_RAM_AUTO_1R1W.dat(253): truncated value with size 4 to match size of target (1) File: C:/Users/amers/Desktop/ECE554/capstone/snake_hls/snakeVerilog/snake_top_grid_RAM_AUTO_1R1W.dat Line: 253
Warning (10230): Verilog HDL assignment warning at snake_top_grid_RAM_AUTO_1R1W.dat(254): truncated value with size 4 to match size of target (1) File: C:/Users/amers/Desktop/ECE554/capstone/snake_hls/snakeVerilog/snake_top_grid_RAM_AUTO_1R1W.dat Line: 254
Warning (10230): Verilog HDL assignment warning at snake_top_grid_RAM_AUTO_1R1W.dat(255): truncated value with size 4 to match size of target (1) File: C:/Users/amers/Desktop/ECE554/capstone/snake_hls/snakeVerilog/snake_top_grid_RAM_AUTO_1R1W.dat Line: 255
Warning (10230): Verilog HDL assignment warning at snake_top_grid_RAM_AUTO_1R1W.dat(256): truncated value with size 4 to match size of target (1) File: C:/Users/amers/Desktop/ECE554/capstone/snake_hls/snakeVerilog/snake_top_grid_RAM_AUTO_1R1W.dat Line: 256
Warning (10230): Verilog HDL assignment warning at snake_top_grid_RAM_AUTO_1R1W.dat(257): truncated value with size 4 to match size of target (1) File: C:/Users/amers/Desktop/ECE554/capstone/snake_hls/snakeVerilog/snake_top_grid_RAM_AUTO_1R1W.dat Line: 257
Warning (10230): Verilog HDL assignment warning at snake_top_grid_RAM_AUTO_1R1W.dat(258): truncated value with size 4 to match size of target (1) File: C:/Users/amers/Desktop/ECE554/capstone/snake_hls/snakeVerilog/snake_top_grid_RAM_AUTO_1R1W.dat Line: 258
Warning (10230): Verilog HDL assignment warning at snake_top_grid_RAM_AUTO_1R1W.dat(259): truncated value with size 4 to match size of target (1) File: C:/Users/amers/Desktop/ECE554/capstone/snake_hls/snakeVerilog/snake_top_grid_RAM_AUTO_1R1W.dat Line: 259
Warning (10230): Verilog HDL assignment warning at snake_top_grid_RAM_AUTO_1R1W.dat(260): truncated value with size 4 to match size of target (1) File: C:/Users/amers/Desktop/ECE554/capstone/snake_hls/snakeVerilog/snake_top_grid_RAM_AUTO_1R1W.dat Line: 260
Warning (10230): Verilog HDL assignment warning at snake_top_grid_RAM_AUTO_1R1W.dat(261): truncated value with size 4 to match size of target (1) File: C:/Users/amers/Desktop/ECE554/capstone/snake_hls/snakeVerilog/snake_top_grid_RAM_AUTO_1R1W.dat Line: 261
Warning (10230): Verilog HDL assignment warning at snake_top_grid_RAM_AUTO_1R1W.dat(262): truncated value with size 4 to match size of target (1) File: C:/Users/amers/Desktop/ECE554/capstone/snake_hls/snakeVerilog/snake_top_grid_RAM_AUTO_1R1W.dat Line: 262
Warning (10230): Verilog HDL assignment warning at snake_top_grid_RAM_AUTO_1R1W.dat(263): truncated value with size 4 to match size of target (1) File: C:/Users/amers/Desktop/ECE554/capstone/snake_hls/snakeVerilog/snake_top_grid_RAM_AUTO_1R1W.dat Line: 263
Warning (10230): Verilog HDL assignment warning at snake_top_grid_RAM_AUTO_1R1W.dat(264): truncated value with size 4 to match size of target (1) File: C:/Users/amers/Desktop/ECE554/capstone/snake_hls/snakeVerilog/snake_top_grid_RAM_AUTO_1R1W.dat Line: 264
Warning (10230): Verilog HDL assignment warning at snake_top_grid_RAM_AUTO_1R1W.dat(265): truncated value with size 4 to match size of target (1) File: C:/Users/amers/Desktop/ECE554/capstone/snake_hls/snakeVerilog/snake_top_grid_RAM_AUTO_1R1W.dat Line: 265
Warning (10230): Verilog HDL assignment warning at snake_top_grid_RAM_AUTO_1R1W.dat(266): truncated value with size 4 to match size of target (1) File: C:/Users/amers/Desktop/ECE554/capstone/snake_hls/snakeVerilog/snake_top_grid_RAM_AUTO_1R1W.dat Line: 266
Warning (10230): Verilog HDL assignment warning at snake_top_grid_RAM_AUTO_1R1W.dat(267): truncated value with size 4 to match size of target (1) File: C:/Users/amers/Desktop/ECE554/capstone/snake_hls/snakeVerilog/snake_top_grid_RAM_AUTO_1R1W.dat Line: 267
Warning (10230): Verilog HDL assignment warning at snake_top_grid_RAM_AUTO_1R1W.dat(268): truncated value with size 4 to match size of target (1) File: C:/Users/amers/Desktop/ECE554/capstone/snake_hls/snakeVerilog/snake_top_grid_RAM_AUTO_1R1W.dat Line: 268
Warning (10230): Verilog HDL assignment warning at snake_top_grid_RAM_AUTO_1R1W.dat(269): truncated value with size 4 to match size of target (1) File: C:/Users/amers/Desktop/ECE554/capstone/snake_hls/snakeVerilog/snake_top_grid_RAM_AUTO_1R1W.dat Line: 269
Warning (10230): Verilog HDL assignment warning at snake_top_grid_RAM_AUTO_1R1W.dat(270): truncated value with size 4 to match size of target (1) File: C:/Users/amers/Desktop/ECE554/capstone/snake_hls/snakeVerilog/snake_top_grid_RAM_AUTO_1R1W.dat Line: 270
Warning (10230): Verilog HDL assignment warning at snake_top_grid_RAM_AUTO_1R1W.dat(271): truncated value with size 4 to match size of target (1) File: C:/Users/amers/Desktop/ECE554/capstone/snake_hls/snakeVerilog/snake_top_grid_RAM_AUTO_1R1W.dat Line: 271
Warning (10230): Verilog HDL assignment warning at snake_top_grid_RAM_AUTO_1R1W.dat(272): truncated value with size 4 to match size of target (1) File: C:/Users/amers/Desktop/ECE554/capstone/snake_hls/snakeVerilog/snake_top_grid_RAM_AUTO_1R1W.dat Line: 272
Warning (10230): Verilog HDL assignment warning at snake_top_grid_RAM_AUTO_1R1W.dat(273): truncated value with size 4 to match size of target (1) File: C:/Users/amers/Desktop/ECE554/capstone/snake_hls/snakeVerilog/snake_top_grid_RAM_AUTO_1R1W.dat Line: 273
Warning (10230): Verilog HDL assignment warning at snake_top_grid_RAM_AUTO_1R1W.dat(274): truncated value with size 4 to match size of target (1) File: C:/Users/amers/Desktop/ECE554/capstone/snake_hls/snakeVerilog/snake_top_grid_RAM_AUTO_1R1W.dat Line: 274
Warning (10230): Verilog HDL assignment warning at snake_top_grid_RAM_AUTO_1R1W.dat(275): truncated value with size 4 to match size of target (1) File: C:/Users/amers/Desktop/ECE554/capstone/snake_hls/snakeVerilog/snake_top_grid_RAM_AUTO_1R1W.dat Line: 275
Warning (10230): Verilog HDL assignment warning at snake_top_grid_RAM_AUTO_1R1W.dat(276): truncated value with size 4 to match size of target (1) File: C:/Users/amers/Desktop/ECE554/capstone/snake_hls/snakeVerilog/snake_top_grid_RAM_AUTO_1R1W.dat Line: 276
Warning (10230): Verilog HDL assignment warning at snake_top_grid_RAM_AUTO_1R1W.dat(277): truncated value with size 4 to match size of target (1) File: C:/Users/amers/Desktop/ECE554/capstone/snake_hls/snakeVerilog/snake_top_grid_RAM_AUTO_1R1W.dat Line: 277
Warning (10230): Verilog HDL assignment warning at snake_top_grid_RAM_AUTO_1R1W.dat(278): truncated value with size 4 to match size of target (1) File: C:/Users/amers/Desktop/ECE554/capstone/snake_hls/snakeVerilog/snake_top_grid_RAM_AUTO_1R1W.dat Line: 278
Warning (10230): Verilog HDL assignment warning at snake_top_grid_RAM_AUTO_1R1W.dat(279): truncated value with size 4 to match size of target (1) File: C:/Users/amers/Desktop/ECE554/capstone/snake_hls/snakeVerilog/snake_top_grid_RAM_AUTO_1R1W.dat Line: 279
Warning (10230): Verilog HDL assignment warning at snake_top_grid_RAM_AUTO_1R1W.dat(280): truncated value with size 4 to match size of target (1) File: C:/Users/amers/Desktop/ECE554/capstone/snake_hls/snakeVerilog/snake_top_grid_RAM_AUTO_1R1W.dat Line: 280
Warning (10230): Verilog HDL assignment warning at snake_top_grid_RAM_AUTO_1R1W.dat(281): truncated value with size 4 to match size of target (1) File: C:/Users/amers/Desktop/ECE554/capstone/snake_hls/snakeVerilog/snake_top_grid_RAM_AUTO_1R1W.dat Line: 281
Warning (10230): Verilog HDL assignment warning at snake_top_grid_RAM_AUTO_1R1W.dat(282): truncated value with size 4 to match size of target (1) File: C:/Users/amers/Desktop/ECE554/capstone/snake_hls/snakeVerilog/snake_top_grid_RAM_AUTO_1R1W.dat Line: 282
Warning (10230): Verilog HDL assignment warning at snake_top_grid_RAM_AUTO_1R1W.dat(283): truncated value with size 4 to match size of target (1) File: C:/Users/amers/Desktop/ECE554/capstone/snake_hls/snakeVerilog/snake_top_grid_RAM_AUTO_1R1W.dat Line: 283
Warning (10230): Verilog HDL assignment warning at snake_top_grid_RAM_AUTO_1R1W.dat(284): truncated value with size 4 to match size of target (1) File: C:/Users/amers/Desktop/ECE554/capstone/snake_hls/snakeVerilog/snake_top_grid_RAM_AUTO_1R1W.dat Line: 284
Warning (10230): Verilog HDL assignment warning at snake_top_grid_RAM_AUTO_1R1W.dat(285): truncated value with size 4 to match size of target (1) File: C:/Users/amers/Desktop/ECE554/capstone/snake_hls/snakeVerilog/snake_top_grid_RAM_AUTO_1R1W.dat Line: 285
Warning (10230): Verilog HDL assignment warning at snake_top_grid_RAM_AUTO_1R1W.dat(286): truncated value with size 4 to match size of target (1) File: C:/Users/amers/Desktop/ECE554/capstone/snake_hls/snakeVerilog/snake_top_grid_RAM_AUTO_1R1W.dat Line: 286
Warning (10230): Verilog HDL assignment warning at snake_top_grid_RAM_AUTO_1R1W.dat(287): truncated value with size 4 to match size of target (1) File: C:/Users/amers/Desktop/ECE554/capstone/snake_hls/snakeVerilog/snake_top_grid_RAM_AUTO_1R1W.dat Line: 287
Warning (10230): Verilog HDL assignment warning at snake_top_grid_RAM_AUTO_1R1W.dat(288): truncated value with size 4 to match size of target (1) File: C:/Users/amers/Desktop/ECE554/capstone/snake_hls/snakeVerilog/snake_top_grid_RAM_AUTO_1R1W.dat Line: 288
Warning (10230): Verilog HDL assignment warning at snake_top_grid_RAM_AUTO_1R1W.dat(289): truncated value with size 4 to match size of target (1) File: C:/Users/amers/Desktop/ECE554/capstone/snake_hls/snakeVerilog/snake_top_grid_RAM_AUTO_1R1W.dat Line: 289
Warning (10230): Verilog HDL assignment warning at snake_top_grid_RAM_AUTO_1R1W.dat(290): truncated value with size 4 to match size of target (1) File: C:/Users/amers/Desktop/ECE554/capstone/snake_hls/snakeVerilog/snake_top_grid_RAM_AUTO_1R1W.dat Line: 290
Warning (10230): Verilog HDL assignment warning at snake_top_grid_RAM_AUTO_1R1W.dat(291): truncated value with size 4 to match size of target (1) File: C:/Users/amers/Desktop/ECE554/capstone/snake_hls/snakeVerilog/snake_top_grid_RAM_AUTO_1R1W.dat Line: 291
Warning (10230): Verilog HDL assignment warning at snake_top_grid_RAM_AUTO_1R1W.dat(292): truncated value with size 4 to match size of target (1) File: C:/Users/amers/Desktop/ECE554/capstone/snake_hls/snakeVerilog/snake_top_grid_RAM_AUTO_1R1W.dat Line: 292
Warning (10230): Verilog HDL assignment warning at snake_top_grid_RAM_AUTO_1R1W.dat(293): truncated value with size 4 to match size of target (1) File: C:/Users/amers/Desktop/ECE554/capstone/snake_hls/snakeVerilog/snake_top_grid_RAM_AUTO_1R1W.dat Line: 293
Warning (10230): Verilog HDL assignment warning at snake_top_grid_RAM_AUTO_1R1W.dat(294): truncated value with size 4 to match size of target (1) File: C:/Users/amers/Desktop/ECE554/capstone/snake_hls/snakeVerilog/snake_top_grid_RAM_AUTO_1R1W.dat Line: 294
Warning (10230): Verilog HDL assignment warning at snake_top_grid_RAM_AUTO_1R1W.dat(295): truncated value with size 4 to match size of target (1) File: C:/Users/amers/Desktop/ECE554/capstone/snake_hls/snakeVerilog/snake_top_grid_RAM_AUTO_1R1W.dat Line: 295
Warning (10230): Verilog HDL assignment warning at snake_top_grid_RAM_AUTO_1R1W.dat(296): truncated value with size 4 to match size of target (1) File: C:/Users/amers/Desktop/ECE554/capstone/snake_hls/snakeVerilog/snake_top_grid_RAM_AUTO_1R1W.dat Line: 296
Warning (10230): Verilog HDL assignment warning at snake_top_grid_RAM_AUTO_1R1W.dat(297): truncated value with size 4 to match size of target (1) File: C:/Users/amers/Desktop/ECE554/capstone/snake_hls/snakeVerilog/snake_top_grid_RAM_AUTO_1R1W.dat Line: 297
Warning (10230): Verilog HDL assignment warning at snake_top_grid_RAM_AUTO_1R1W.dat(298): truncated value with size 4 to match size of target (1) File: C:/Users/amers/Desktop/ECE554/capstone/snake_hls/snakeVerilog/snake_top_grid_RAM_AUTO_1R1W.dat Line: 298
Warning (10230): Verilog HDL assignment warning at snake_top_grid_RAM_AUTO_1R1W.dat(299): truncated value with size 4 to match size of target (1) File: C:/Users/amers/Desktop/ECE554/capstone/snake_hls/snakeVerilog/snake_top_grid_RAM_AUTO_1R1W.dat Line: 299
Warning (10230): Verilog HDL assignment warning at snake_top_grid_RAM_AUTO_1R1W.dat(300): truncated value with size 4 to match size of target (1) File: C:/Users/amers/Desktop/ECE554/capstone/snake_hls/snakeVerilog/snake_top_grid_RAM_AUTO_1R1W.dat Line: 300
Info (12128): Elaborating entity "snake_top_st_body_col_RAM_AUTO_1R1W" for hierarchy "snake_wrapper:u_game|snake_top:u_snake_top|snake_top_st_body_col_RAM_AUTO_1R1W:st_body_col_U" File: C:/Users/amers/Desktop/ECE554/capstone/snake_hls/snakeVerilog/snake_top.v Line: 419
Info (12128): Elaborating entity "snake_top_st_body_row_RAM_AUTO_1R1W" for hierarchy "snake_wrapper:u_game|snake_top:u_snake_top|snake_top_st_body_row_RAM_AUTO_1R1W:st_body_row_U" File: C:/Users/amers/Desktop/ECE554/capstone/snake_hls/snakeVerilog/snake_top.v Line: 436
Info (12128): Elaborating entity "snake_top_snake_top_Pipeline_VITIS_LOOP_73_1_VITIS_LOOP_74_2" for hierarchy "snake_wrapper:u_game|snake_top:u_snake_top|snake_top_snake_top_Pipeline_VITIS_LOOP_73_1_VITIS_LOOP_74_2:grp_snake_top_Pipeline_VITIS_LOOP_73_1_VITIS_LOOP_74_2_fu_488" File: C:/Users/amers/Desktop/ECE554/capstone/snake_hls/snakeVerilog/snake_top.v Line: 449
Warning (10306): Invalid value "none" for synthesis attribute "fsm_encoding" at ../snake_hls/snakeVerilog/snake_top_snake_top_Pipeline_VITIS_LOOP_73_1_VITIS_LOOP_74_2.v(38) File: C:/Users/amers/Desktop/ECE554/capstone/snake_hls/snakeVerilog/snake_top_snake_top_Pipeline_VITIS_LOOP_73_1_VITIS_LOOP_74_2.v Line: 38
Warning (10036): Verilog HDL or VHDL warning at snake_top_snake_top_Pipeline_VITIS_LOOP_73_1_VITIS_LOOP_74_2.v(70): object "ap_ST_fsm_state1_blk" assigned a value but never read File: C:/Users/amers/Desktop/ECE554/capstone/snake_hls/snakeVerilog/snake_top_snake_top_Pipeline_VITIS_LOOP_73_1_VITIS_LOOP_74_2.v Line: 70
Warning (10230): Verilog HDL assignment warning at snake_top_snake_top_Pipeline_VITIS_LOOP_73_1_VITIS_LOOP_74_2.v(236): truncated value with size 32 to match size of target (1) File: C:/Users/amers/Desktop/ECE554/capstone/snake_hls/snakeVerilog/snake_top_snake_top_Pipeline_VITIS_LOOP_73_1_VITIS_LOOP_74_2.v Line: 236
Warning (10230): Verilog HDL assignment warning at snake_top_snake_top_Pipeline_VITIS_LOOP_73_1_VITIS_LOOP_74_2.v(261): truncated value with size 64 to match size of target (9) File: C:/Users/amers/Desktop/ECE554/capstone/snake_hls/snakeVerilog/snake_top_snake_top_Pipeline_VITIS_LOOP_73_1_VITIS_LOOP_74_2.v Line: 261
Info (12128): Elaborating entity "snake_top_flow_control_loop_pipe_sequential_init" for hierarchy "snake_wrapper:u_game|snake_top:u_snake_top|snake_top_snake_top_Pipeline_VITIS_LOOP_73_1_VITIS_LOOP_74_2:grp_snake_top_Pipeline_VITIS_LOOP_73_1_VITIS_LOOP_74_2_fu_488|snake_top_flow_control_loop_pipe_sequential_init:flow_control_loop_pipe_sequential_init_U" File: C:/Users/amers/Desktop/ECE554/capstone/snake_hls/snakeVerilog/snake_top_snake_top_Pipeline_VITIS_LOOP_73_1_VITIS_LOOP_74_2.v Line: 98
Info (12128): Elaborating entity "snake_top_snake_top_Pipeline_VITIS_LOOP_85_3" for hierarchy "snake_wrapper:u_game|snake_top:u_snake_top|snake_top_snake_top_Pipeline_VITIS_LOOP_85_3:grp_snake_top_Pipeline_VITIS_LOOP_85_3_fu_494" File: C:/Users/amers/Desktop/ECE554/capstone/snake_hls/snakeVerilog/snake_top.v Line: 470
Warning (10306): Invalid value "none" for synthesis attribute "fsm_encoding" at ../snake_hls/snakeVerilog/snake_top_snake_top_Pipeline_VITIS_LOOP_85_3.v(54) File: C:/Users/amers/Desktop/ECE554/capstone/snake_hls/snakeVerilog/snake_top_snake_top_Pipeline_VITIS_LOOP_85_3.v Line: 54
Warning (10036): Verilog HDL or VHDL warning at snake_top_snake_top_Pipeline_VITIS_LOOP_85_3.v(84): object "ap_ST_fsm_state1_blk" assigned a value but never read File: C:/Users/amers/Desktop/ECE554/capstone/snake_hls/snakeVerilog/snake_top_snake_top_Pipeline_VITIS_LOOP_85_3.v Line: 84
Warning (10230): Verilog HDL assignment warning at snake_top_snake_top_Pipeline_VITIS_LOOP_85_3.v(244): truncated value with size 32 to match size of target (1) File: C:/Users/amers/Desktop/ECE554/capstone/snake_hls/snakeVerilog/snake_top_snake_top_Pipeline_VITIS_LOOP_85_3.v Line: 244
Warning (10230): Verilog HDL assignment warning at snake_top_snake_top_Pipeline_VITIS_LOOP_85_3.v(265): truncated value with size 64 to match size of target (9) File: C:/Users/amers/Desktop/ECE554/capstone/snake_hls/snakeVerilog/snake_top_snake_top_Pipeline_VITIS_LOOP_85_3.v Line: 265
Warning (10230): Verilog HDL assignment warning at snake_top_snake_top_Pipeline_VITIS_LOOP_85_3.v(279): truncated value with size 64 to match size of target (9) File: C:/Users/amers/Desktop/ECE554/capstone/snake_hls/snakeVerilog/snake_top_snake_top_Pipeline_VITIS_LOOP_85_3.v Line: 279
Warning (10230): Verilog HDL assignment warning at snake_top_snake_top_Pipeline_VITIS_LOOP_85_3.v(287): truncated value with size 64 to match size of target (9) File: C:/Users/amers/Desktop/ECE554/capstone/snake_hls/snakeVerilog/snake_top_snake_top_Pipeline_VITIS_LOOP_85_3.v Line: 287
Info (12128): Elaborating entity "snake_top_snake_top_Pipeline_VITIS_LOOP_94_4" for hierarchy "snake_wrapper:u_game|snake_top:u_snake_top|snake_top_snake_top_Pipeline_VITIS_LOOP_94_4:grp_snake_top_Pipeline_VITIS_LOOP_94_4_fu_504" File: C:/Users/amers/Desktop/ECE554/capstone/snake_hls/snakeVerilog/snake_top.v Line: 487
Warning (10306): Invalid value "none" for synthesis attribute "fsm_encoding" at ../snake_hls/snakeVerilog/snake_top_snake_top_Pipeline_VITIS_LOOP_94_4.v(46) File: C:/Users/amers/Desktop/ECE554/capstone/snake_hls/snakeVerilog/snake_top_snake_top_Pipeline_VITIS_LOOP_94_4.v Line: 46
Warning (10036): Verilog HDL or VHDL warning at snake_top_snake_top_Pipeline_VITIS_LOOP_94_4.v(66): object "ap_ST_fsm_state1_blk" assigned a value but never read File: C:/Users/amers/Desktop/ECE554/capstone/snake_hls/snakeVerilog/snake_top_snake_top_Pipeline_VITIS_LOOP_94_4.v Line: 66
Warning (10230): Verilog HDL assignment warning at snake_top_snake_top_Pipeline_VITIS_LOOP_94_4.v(210): truncated value with size 32 to match size of target (1) File: C:/Users/amers/Desktop/ECE554/capstone/snake_hls/snakeVerilog/snake_top_snake_top_Pipeline_VITIS_LOOP_94_4.v Line: 210
Warning (10230): Verilog HDL assignment warning at snake_top_snake_top_Pipeline_VITIS_LOOP_94_4.v(231): truncated value with size 64 to match size of target (9) File: C:/Users/amers/Desktop/ECE554/capstone/snake_hls/snakeVerilog/snake_top_snake_top_Pipeline_VITIS_LOOP_94_4.v Line: 231
Warning (10230): Verilog HDL assignment warning at snake_top_snake_top_Pipeline_VITIS_LOOP_94_4.v(239): truncated value with size 64 to match size of target (9) File: C:/Users/amers/Desktop/ECE554/capstone/snake_hls/snakeVerilog/snake_top_snake_top_Pipeline_VITIS_LOOP_94_4.v Line: 239
Info (12128): Elaborating entity "snake_top_snake_top_Pipeline_VITIS_LOOP_27_1" for hierarchy "snake_wrapper:u_game|snake_top:u_snake_top|snake_top_snake_top_Pipeline_VITIS_LOOP_27_1:grp_snake_top_Pipeline_VITIS_LOOP_27_1_fu_512" File: C:/Users/amers/Desktop/ECE554/capstone/snake_hls/snakeVerilog/snake_top.v Line: 505
Warning (10306): Invalid value "none" for synthesis attribute "fsm_encoding" at ../snake_hls/snakeVerilog/snake_top_snake_top_Pipeline_VITIS_LOOP_27_1.v(51) File: C:/Users/amers/Desktop/ECE554/capstone/snake_hls/snakeVerilog/snake_top_snake_top_Pipeline_VITIS_LOOP_27_1.v Line: 51
Warning (10036): Verilog HDL or VHDL warning at snake_top_snake_top_Pipeline_VITIS_LOOP_27_1.v(80): object "ap_block_pp0_stage0_01001" assigned a value but never read File: C:/Users/amers/Desktop/ECE554/capstone/snake_hls/snakeVerilog/snake_top_snake_top_Pipeline_VITIS_LOOP_27_1.v Line: 80
Warning (10036): Verilog HDL or VHDL warning at snake_top_snake_top_Pipeline_VITIS_LOOP_27_1.v(108): object "ap_enable_pp0" assigned a value but never read File: C:/Users/amers/Desktop/ECE554/capstone/snake_hls/snakeVerilog/snake_top_snake_top_Pipeline_VITIS_LOOP_27_1.v Line: 108
Warning (10230): Verilog HDL assignment warning at snake_top_snake_top_Pipeline_VITIS_LOOP_27_1.v(313): truncated value with size 32 to match size of target (1) File: C:/Users/amers/Desktop/ECE554/capstone/snake_hls/snakeVerilog/snake_top_snake_top_Pipeline_VITIS_LOOP_27_1.v Line: 313
Warning (10230): Verilog HDL assignment warning at snake_top_snake_top_Pipeline_VITIS_LOOP_27_1.v(350): truncated value with size 64 to match size of target (9) File: C:/Users/amers/Desktop/ECE554/capstone/snake_hls/snakeVerilog/snake_top_snake_top_Pipeline_VITIS_LOOP_27_1.v Line: 350
Info (12128): Elaborating entity "snake_top_snake_top_Pipeline_VITIS_LOOP_214_5" for hierarchy "snake_wrapper:u_game|snake_top:u_snake_top|snake_top_snake_top_Pipeline_VITIS_LOOP_214_5:grp_snake_top_Pipeline_VITIS_LOOP_214_5_fu_521" File: C:/Users/amers/Desktop/ECE554/capstone/snake_hls/snakeVerilog/snake_top.v Line: 529
Warning (10306): Invalid value "none" for synthesis attribute "fsm_encoding" at ../snake_hls/snakeVerilog/snake_top_snake_top_Pipeline_VITIS_LOOP_214_5.v(60) File: C:/Users/amers/Desktop/ECE554/capstone/snake_hls/snakeVerilog/snake_top_snake_top_Pipeline_VITIS_LOOP_214_5.v Line: 60
Warning (10036): Verilog HDL or VHDL warning at snake_top_snake_top_Pipeline_VITIS_LOOP_214_5.v(91): object "ap_enable_pp0" assigned a value but never read File: C:/Users/amers/Desktop/ECE554/capstone/snake_hls/snakeVerilog/snake_top_snake_top_Pipeline_VITIS_LOOP_214_5.v Line: 91
Warning (10230): Verilog HDL assignment warning at snake_top_snake_top_Pipeline_VITIS_LOOP_214_5.v(271): truncated value with size 32 to match size of target (1) File: C:/Users/amers/Desktop/ECE554/capstone/snake_hls/snakeVerilog/snake_top_snake_top_Pipeline_VITIS_LOOP_214_5.v Line: 271
Warning (10230): Verilog HDL assignment warning at snake_top_snake_top_Pipeline_VITIS_LOOP_214_5.v(300): truncated value with size 64 to match size of target (9) File: C:/Users/amers/Desktop/ECE554/capstone/snake_hls/snakeVerilog/snake_top_snake_top_Pipeline_VITIS_LOOP_214_5.v Line: 300
Warning (10230): Verilog HDL assignment warning at snake_top_snake_top_Pipeline_VITIS_LOOP_214_5.v(302): truncated value with size 64 to match size of target (9) File: C:/Users/amers/Desktop/ECE554/capstone/snake_hls/snakeVerilog/snake_top_snake_top_Pipeline_VITIS_LOOP_214_5.v Line: 302
Warning (10230): Verilog HDL assignment warning at snake_top_snake_top_Pipeline_VITIS_LOOP_214_5.v(312): truncated value with size 64 to match size of target (9) File: C:/Users/amers/Desktop/ECE554/capstone/snake_hls/snakeVerilog/snake_top_snake_top_Pipeline_VITIS_LOOP_214_5.v Line: 312
Warning (10230): Verilog HDL assignment warning at snake_top_snake_top_Pipeline_VITIS_LOOP_214_5.v(314): truncated value with size 64 to match size of target (9) File: C:/Users/amers/Desktop/ECE554/capstone/snake_hls/snakeVerilog/snake_top_snake_top_Pipeline_VITIS_LOOP_214_5.v Line: 314
Info (12128): Elaborating entity "snake_top_snake_top_Pipeline_VITIS_LOOP_27_11" for hierarchy "snake_wrapper:u_game|snake_top:u_snake_top|snake_top_snake_top_Pipeline_VITIS_LOOP_27_11:grp_snake_top_Pipeline_VITIS_LOOP_27_11_fu_531" File: C:/Users/amers/Desktop/ECE554/capstone/snake_hls/snakeVerilog/snake_top.v Line: 548
Warning (10306): Invalid value "none" for synthesis attribute "fsm_encoding" at ../snake_hls/snakeVerilog/snake_top_snake_top_Pipeline_VITIS_LOOP_27_11.v(53) File: C:/Users/amers/Desktop/ECE554/capstone/snake_hls/snakeVerilog/snake_top_snake_top_Pipeline_VITIS_LOOP_27_11.v Line: 53
Warning (10036): Verilog HDL or VHDL warning at snake_top_snake_top_Pipeline_VITIS_LOOP_27_11.v(82): object "ap_block_pp0_stage0_01001" assigned a value but never read File: C:/Users/amers/Desktop/ECE554/capstone/snake_hls/snakeVerilog/snake_top_snake_top_Pipeline_VITIS_LOOP_27_11.v Line: 82
Warning (10036): Verilog HDL or VHDL warning at snake_top_snake_top_Pipeline_VITIS_LOOP_27_11.v(110): object "ap_enable_pp0" assigned a value but never read File: C:/Users/amers/Desktop/ECE554/capstone/snake_hls/snakeVerilog/snake_top_snake_top_Pipeline_VITIS_LOOP_27_11.v Line: 110
Warning (10230): Verilog HDL assignment warning at snake_top_snake_top_Pipeline_VITIS_LOOP_27_11.v(315): truncated value with size 32 to match size of target (1) File: C:/Users/amers/Desktop/ECE554/capstone/snake_hls/snakeVerilog/snake_top_snake_top_Pipeline_VITIS_LOOP_27_11.v Line: 315
Warning (10230): Verilog HDL assignment warning at snake_top_snake_top_Pipeline_VITIS_LOOP_27_11.v(352): truncated value with size 64 to match size of target (9) File: C:/Users/amers/Desktop/ECE554/capstone/snake_hls/snakeVerilog/snake_top_snake_top_Pipeline_VITIS_LOOP_27_11.v Line: 352
Warning (14284): Synthesized away the following node(s):
    Warning (14285): Synthesized away the following RAM node(s):
        Warning (14320): Synthesized away node "Sdram_Control:u7|Sdram_RD_FIFO:u_read2_fifo|dcfifo_mixed_widths:dcfifo_mixed_widths_component|dcfifo_ahp1:auto_generated|altsyncram_86d1:fifo_ram|q_b[15]" File: C:/Users/amers/Desktop/ECE554/capstone/image_proc/db/altsyncram_86d1.tdf Line: 522
        Warning (14320): Synthesized away node "Sdram_Control:u7|Sdram_RD_FIFO:u_read1_fifo|dcfifo_mixed_widths:dcfifo_mixed_widths_component|dcfifo_ahp1:auto_generated|altsyncram_86d1:fifo_ram|q_b[15]" File: C:/Users/amers/Desktop/ECE554/capstone/image_proc/db/altsyncram_86d1.tdf Line: 522
Info (19000): Inferred 5 megafunctions from design logic
    Info (276029): Inferred altsyncram megafunction from the following design logic: "snake_wrapper:u_game|snake_top:u_snake_top|snake_top_st_body_row_RAM_AUTO_1R1W:st_body_row_U|ram_rtl_0" 
        Info (286033): Parameter OPERATION_MODE set to DUAL_PORT
        Info (286033): Parameter WIDTH_A set to 4
        Info (286033): Parameter WIDTHAD_A set to 9
        Info (286033): Parameter NUMWORDS_A set to 300
        Info (286033): Parameter WIDTH_B set to 4
        Info (286033): Parameter WIDTHAD_B set to 9
        Info (286033): Parameter NUMWORDS_B set to 300
        Info (286033): Parameter ADDRESS_ACLR_A set to NONE
        Info (286033): Parameter OUTDATA_REG_B set to UNREGISTERED
        Info (286033): Parameter ADDRESS_ACLR_B set to NONE
        Info (286033): Parameter OUTDATA_ACLR_B set to NONE
        Info (286033): Parameter ADDRESS_REG_B set to CLOCK0
        Info (286033): Parameter INDATA_ACLR_A set to NONE
        Info (286033): Parameter WRCONTROL_ACLR_A set to NONE
        Info (286033): Parameter INIT_FILE set to db/DE1_SoC_CAMERA.ram0_snake_top_st_body_row_RAM_AUTO_1R1W_15988510.hdl.mif
        Info (286033): Parameter READ_DURING_WRITE_MODE_MIXED_PORTS set to OLD_DATA
        Info (286033): Parameter RDCONTROL_REG_B set to CLOCK0
    Info (276029): Inferred altsyncram megafunction from the following design logic: "snake_wrapper:u_game|snake_top:u_snake_top|snake_top_st_body_row_RAM_AUTO_1R1W:st_body_row_U|ram_rtl_1" 
        Info (286033): Parameter OPERATION_MODE set to DUAL_PORT
        Info (286033): Parameter WIDTH_A set to 4
        Info (286033): Parameter WIDTHAD_A set to 9
        Info (286033): Parameter NUMWORDS_A set to 300
        Info (286033): Parameter WIDTH_B set to 4
        Info (286033): Parameter WIDTHAD_B set to 9
        Info (286033): Parameter NUMWORDS_B set to 300
        Info (286033): Parameter ADDRESS_ACLR_A set to NONE
        Info (286033): Parameter OUTDATA_REG_B set to UNREGISTERED
        Info (286033): Parameter ADDRESS_ACLR_B set to NONE
        Info (286033): Parameter OUTDATA_ACLR_B set to NONE
        Info (286033): Parameter ADDRESS_REG_B set to CLOCK0
        Info (286033): Parameter INDATA_ACLR_A set to NONE
        Info (286033): Parameter WRCONTROL_ACLR_A set to NONE
        Info (286033): Parameter INIT_FILE set to db/DE1_SoC_CAMERA.ram0_snake_top_st_body_row_RAM_AUTO_1R1W_15988510.hdl.mif
        Info (286033): Parameter READ_DURING_WRITE_MODE_MIXED_PORTS set to OLD_DATA
        Info (286033): Parameter RDCONTROL_REG_B set to CLOCK0
    Info (276029): Inferred altsyncram megafunction from the following design logic: "snake_wrapper:u_game|snake_top:u_snake_top|snake_top_st_body_col_RAM_AUTO_1R1W:st_body_col_U|ram_rtl_0" 
        Info (286033): Parameter OPERATION_MODE set to DUAL_PORT
        Info (286033): Parameter WIDTH_A set to 5
        Info (286033): Parameter WIDTHAD_A set to 9
        Info (286033): Parameter NUMWORDS_A set to 300
        Info (286033): Parameter WIDTH_B set to 5
        Info (286033): Parameter WIDTHAD_B set to 9
        Info (286033): Parameter NUMWORDS_B set to 300
        Info (286033): Parameter ADDRESS_ACLR_A set to NONE
        Info (286033): Parameter OUTDATA_REG_B set to UNREGISTERED
        Info (286033): Parameter ADDRESS_ACLR_B set to NONE
        Info (286033): Parameter OUTDATA_ACLR_B set to NONE
        Info (286033): Parameter ADDRESS_REG_B set to CLOCK0
        Info (286033): Parameter INDATA_ACLR_A set to NONE
        Info (286033): Parameter WRCONTROL_ACLR_A set to NONE
        Info (286033): Parameter INIT_FILE set to db/DE1_SoC_CAMERA.ram0_snake_top_st_body_col_RAM_AUTO_1R1W_792d7aad.hdl.mif
        Info (286033): Parameter READ_DURING_WRITE_MODE_MIXED_PORTS set to OLD_DATA
        Info (286033): Parameter RDCONTROL_REG_B set to CLOCK0
    Info (276029): Inferred altsyncram megafunction from the following design logic: "snake_wrapper:u_game|snake_top:u_snake_top|snake_top_st_body_col_RAM_AUTO_1R1W:st_body_col_U|ram_rtl_1" 
        Info (286033): Parameter OPERATION_MODE set to DUAL_PORT
        Info (286033): Parameter WIDTH_A set to 5
        Info (286033): Parameter WIDTHAD_A set to 9
        Info (286033): Parameter NUMWORDS_A set to 300
        Info (286033): Parameter WIDTH_B set to 5
        Info (286033): Parameter WIDTHAD_B set to 9
        Info (286033): Parameter NUMWORDS_B set to 300
        Info (286033): Parameter ADDRESS_ACLR_A set to NONE
        Info (286033): Parameter OUTDATA_REG_B set to UNREGISTERED
        Info (286033): Parameter ADDRESS_ACLR_B set to NONE
        Info (286033): Parameter OUTDATA_ACLR_B set to NONE
        Info (286033): Parameter ADDRESS_REG_B set to CLOCK0
        Info (286033): Parameter INDATA_ACLR_A set to NONE
        Info (286033): Parameter WRCONTROL_ACLR_A set to NONE
        Info (286033): Parameter INIT_FILE set to db/DE1_SoC_CAMERA.ram0_snake_top_st_body_col_RAM_AUTO_1R1W_792d7aad.hdl.mif
        Info (286033): Parameter READ_DURING_WRITE_MODE_MIXED_PORTS set to OLD_DATA
        Info (286033): Parameter RDCONTROL_REG_B set to CLOCK0
    Info (276029): Inferred altsyncram megafunction from the following design logic: "snake_wrapper:u_game|snake_top:u_snake_top|snake_top_grid_RAM_AUTO_1R1W:grid_U|ram_rtl_0" 
        Info (286033): Parameter OPERATION_MODE set to DUAL_PORT
        Info (286033): Parameter WIDTH_A set to 1
        Info (286033): Parameter WIDTHAD_A set to 9
        Info (286033): Parameter NUMWORDS_A set to 300
        Info (286033): Parameter WIDTH_B set to 1
        Info (286033): Parameter WIDTHAD_B set to 9
        Info (286033): Parameter NUMWORDS_B set to 300
        Info (286033): Parameter ADDRESS_ACLR_A set to NONE
        Info (286033): Parameter OUTDATA_REG_B set to UNREGISTERED
        Info (286033): Parameter ADDRESS_ACLR_B set to NONE
        Info (286033): Parameter OUTDATA_ACLR_B set to NONE
        Info (286033): Parameter ADDRESS_REG_B set to CLOCK0
        Info (286033): Parameter INDATA_ACLR_A set to NONE
        Info (286033): Parameter WRCONTROL_ACLR_A set to NONE
        Info (286033): Parameter INIT_FILE set to db/DE1_SoC_CAMERA.ram0_snake_top_grid_RAM_AUTO_1R1W_caeba5bd.hdl.mif
        Info (286033): Parameter READ_DURING_WRITE_MODE_MIXED_PORTS set to OLD_DATA
        Info (286033): Parameter RDCONTROL_REG_B set to CLOCK0
Info (278001): Inferred 2 megafunctions from design logic
    Info (278004): Inferred divider/modulo megafunction ("lpm_divide") from the following logic: "color_detect:u_detect|Div0" File: C:/Users/amers/Desktop/ECE554/capstone/image_proc/color_detect.v Line: 180
    Info (278004): Inferred divider/modulo megafunction ("lpm_divide") from the following logic: "color_detect:u_detect|Div1" File: C:/Users/amers/Desktop/ECE554/capstone/image_proc/color_detect.v Line: 181
Info (12130): Elaborated megafunction instantiation "snake_wrapper:u_game|snake_top:u_snake_top|snake_top_st_body_row_RAM_AUTO_1R1W:st_body_row_U|altsyncram:ram_rtl_0"
Info (12133): Instantiated megafunction "snake_wrapper:u_game|snake_top:u_snake_top|snake_top_st_body_row_RAM_AUTO_1R1W:st_body_row_U|altsyncram:ram_rtl_0" with the following parameter:
    Info (12134): Parameter "OPERATION_MODE" = "DUAL_PORT"
    Info (12134): Parameter "WIDTH_A" = "4"
    Info (12134): Parameter "WIDTHAD_A" = "9"
    Info (12134): Parameter "NUMWORDS_A" = "300"
    Info (12134): Parameter "WIDTH_B" = "4"
    Info (12134): Parameter "WIDTHAD_B" = "9"
    Info (12134): Parameter "NUMWORDS_B" = "300"
    Info (12134): Parameter "ADDRESS_ACLR_A" = "NONE"
    Info (12134): Parameter "OUTDATA_REG_B" = "UNREGISTERED"
    Info (12134): Parameter "ADDRESS_ACLR_B" = "NONE"
    Info (12134): Parameter "OUTDATA_ACLR_B" = "NONE"
    Info (12134): Parameter "ADDRESS_REG_B" = "CLOCK0"
    Info (12134): Parameter "INDATA_ACLR_A" = "NONE"
    Info (12134): Parameter "WRCONTROL_ACLR_A" = "NONE"
    Info (12134): Parameter "INIT_FILE" = "db/DE1_SoC_CAMERA.ram0_snake_top_st_body_row_RAM_AUTO_1R1W_15988510.hdl.mif"
    Info (12134): Parameter "READ_DURING_WRITE_MODE_MIXED_PORTS" = "OLD_DATA"
    Info (12134): Parameter "RDCONTROL_REG_B" = "CLOCK0"
Info (12021): Found 1 design units, including 1 entities, in source file db/altsyncram_bt12.tdf
    Info (12023): Found entity 1: altsyncram_bt12 File: C:/Users/amers/Desktop/ECE554/capstone/image_proc/db/altsyncram_bt12.tdf Line: 28
Info (12130): Elaborated megafunction instantiation "snake_wrapper:u_game|snake_top:u_snake_top|snake_top_st_body_col_RAM_AUTO_1R1W:st_body_col_U|altsyncram:ram_rtl_0"
Info (12133): Instantiated megafunction "snake_wrapper:u_game|snake_top:u_snake_top|snake_top_st_body_col_RAM_AUTO_1R1W:st_body_col_U|altsyncram:ram_rtl_0" with the following parameter:
    Info (12134): Parameter "OPERATION_MODE" = "DUAL_PORT"
    Info (12134): Parameter "WIDTH_A" = "5"
    Info (12134): Parameter "WIDTHAD_A" = "9"
    Info (12134): Parameter "NUMWORDS_A" = "300"
    Info (12134): Parameter "WIDTH_B" = "5"
    Info (12134): Parameter "WIDTHAD_B" = "9"
    Info (12134): Parameter "NUMWORDS_B" = "300"
    Info (12134): Parameter "ADDRESS_ACLR_A" = "NONE"
    Info (12134): Parameter "OUTDATA_REG_B" = "UNREGISTERED"
    Info (12134): Parameter "ADDRESS_ACLR_B" = "NONE"
    Info (12134): Parameter "OUTDATA_ACLR_B" = "NONE"
    Info (12134): Parameter "ADDRESS_REG_B" = "CLOCK0"
    Info (12134): Parameter "INDATA_ACLR_A" = "NONE"
    Info (12134): Parameter "WRCONTROL_ACLR_A" = "NONE"
    Info (12134): Parameter "INIT_FILE" = "db/DE1_SoC_CAMERA.ram0_snake_top_st_body_col_RAM_AUTO_1R1W_792d7aad.hdl.mif"
    Info (12134): Parameter "READ_DURING_WRITE_MODE_MIXED_PORTS" = "OLD_DATA"
    Info (12134): Parameter "RDCONTROL_REG_B" = "CLOCK0"
Info (12021): Found 1 design units, including 1 entities, in source file db/altsyncram_h222.tdf
    Info (12023): Found entity 1: altsyncram_h222 File: C:/Users/amers/Desktop/ECE554/capstone/image_proc/db/altsyncram_h222.tdf Line: 28
Info (12130): Elaborated megafunction instantiation "snake_wrapper:u_game|snake_top:u_snake_top|snake_top_grid_RAM_AUTO_1R1W:grid_U|altsyncram:ram_rtl_0"
Info (12133): Instantiated megafunction "snake_wrapper:u_game|snake_top:u_snake_top|snake_top_grid_RAM_AUTO_1R1W:grid_U|altsyncram:ram_rtl_0" with the following parameter:
    Info (12134): Parameter "OPERATION_MODE" = "DUAL_PORT"
    Info (12134): Parameter "WIDTH_A" = "1"
    Info (12134): Parameter "WIDTHAD_A" = "9"
    Info (12134): Parameter "NUMWORDS_A" = "300"
    Info (12134): Parameter "WIDTH_B" = "1"
    Info (12134): Parameter "WIDTHAD_B" = "9"
    Info (12134): Parameter "NUMWORDS_B" = "300"
    Info (12134): Parameter "ADDRESS_ACLR_A" = "NONE"
    Info (12134): Parameter "OUTDATA_REG_B" = "UNREGISTERED"
    Info (12134): Parameter "ADDRESS_ACLR_B" = "NONE"
    Info (12134): Parameter "OUTDATA_ACLR_B" = "NONE"
    Info (12134): Parameter "ADDRESS_REG_B" = "CLOCK0"
    Info (12134): Parameter "INDATA_ACLR_A" = "NONE"
    Info (12134): Parameter "WRCONTROL_ACLR_A" = "NONE"
    Info (12134): Parameter "INIT_FILE" = "db/DE1_SoC_CAMERA.ram0_snake_top_grid_RAM_AUTO_1R1W_caeba5bd.hdl.mif"
    Info (12134): Parameter "READ_DURING_WRITE_MODE_MIXED_PORTS" = "OLD_DATA"
    Info (12134): Parameter "RDCONTROL_REG_B" = "CLOCK0"
Info (12021): Found 1 design units, including 1 entities, in source file db/altsyncram_2f12.tdf
    Info (12023): Found entity 1: altsyncram_2f12 File: C:/Users/amers/Desktop/ECE554/capstone/image_proc/db/altsyncram_2f12.tdf Line: 28
Info (12130): Elaborated megafunction instantiation "color_detect:u_detect|lpm_divide:Div0" File: C:/Users/amers/Desktop/ECE554/capstone/image_proc/color_detect.v Line: 180
Info (12133): Instantiated megafunction "color_detect:u_detect|lpm_divide:Div0" with the following parameter: File: C:/Users/amers/Desktop/ECE554/capstone/image_proc/color_detect.v Line: 180
    Info (12134): Parameter "LPM_WIDTHN" = "16"
    Info (12134): Parameter "LPM_WIDTHD" = "8"
    Info (12134): Parameter "LPM_NREPRESENTATION" = "UNSIGNED"
    Info (12134): Parameter "LPM_DREPRESENTATION" = "UNSIGNED"
Info (12021): Found 1 design units, including 1 entities, in source file db/lpm_divide_obm.tdf
    Info (12023): Found entity 1: lpm_divide_obm File: C:/Users/amers/Desktop/ECE554/capstone/image_proc/db/lpm_divide_obm.tdf Line: 25
Info (12021): Found 1 design units, including 1 entities, in source file db/sign_div_unsign_ulh.tdf
    Info (12023): Found entity 1: sign_div_unsign_ulh File: C:/Users/amers/Desktop/ECE554/capstone/image_proc/db/sign_div_unsign_ulh.tdf Line: 25
Info (12021): Found 1 design units, including 1 entities, in source file db/alt_u_div_20f.tdf
    Info (12023): Found entity 1: alt_u_div_20f File: C:/Users/amers/Desktop/ECE554/capstone/image_proc/db/alt_u_div_20f.tdf Line: 23
Warning (12241): 9 hierarchies have connectivity warnings - see the Connectivity Checks report folder
Warning (13039): The following bidirectional pins have no drivers
    Warning (13040): bidirectional pin "ADC_CS_N" has no driver File: C:/Users/amers/Desktop/ECE554/capstone/image_proc/DE1_SoC_CAMERA.v Line: 52
    Warning (13040): bidirectional pin "AUD_ADCLRCK" has no driver File: C:/Users/amers/Desktop/ECE554/capstone/image_proc/DE1_SoC_CAMERA.v Line: 59
    Warning (13040): bidirectional pin "AUD_BCLK" has no driver File: C:/Users/amers/Desktop/ECE554/capstone/image_proc/DE1_SoC_CAMERA.v Line: 60
    Warning (13040): bidirectional pin "AUD_DACLRCK" has no driver File: C:/Users/amers/Desktop/ECE554/capstone/image_proc/DE1_SoC_CAMERA.v Line: 62
    Warning (13040): bidirectional pin "FPGA_I2C_SDAT" has no driver File: C:/Users/amers/Desktop/ECE554/capstone/image_proc/DE1_SoC_CAMERA.v Line: 95
    Warning (13040): bidirectional pin "GPIO_0[0]" has no driver File: C:/Users/amers/Desktop/ECE554/capstone/image_proc/DE1_SoC_CAMERA.v Line: 98
    Warning (13040): bidirectional pin "GPIO_0[1]" has no driver File: C:/Users/amers/Desktop/ECE554/capstone/image_proc/DE1_SoC_CAMERA.v Line: 98
    Warning (13040): bidirectional pin "GPIO_0[2]" has no driver File: C:/Users/amers/Desktop/ECE554/capstone/image_proc/DE1_SoC_CAMERA.v Line: 98
    Warning (13040): bidirectional pin "GPIO_0[3]" has no driver File: C:/Users/amers/Desktop/ECE554/capstone/image_proc/DE1_SoC_CAMERA.v Line: 98
    Warning (13040): bidirectional pin "GPIO_0[4]" has no driver File: C:/Users/amers/Desktop/ECE554/capstone/image_proc/DE1_SoC_CAMERA.v Line: 98
    Warning (13040): bidirectional pin "GPIO_0[5]" has no driver File: C:/Users/amers/Desktop/ECE554/capstone/image_proc/DE1_SoC_CAMERA.v Line: 98
    Warning (13040): bidirectional pin "GPIO_0[6]" has no driver File: C:/Users/amers/Desktop/ECE554/capstone/image_proc/DE1_SoC_CAMERA.v Line: 98
    Warning (13040): bidirectional pin "GPIO_0[7]" has no driver File: C:/Users/amers/Desktop/ECE554/capstone/image_proc/DE1_SoC_CAMERA.v Line: 98
    Warning (13040): bidirectional pin "GPIO_0[8]" has no driver File: C:/Users/amers/Desktop/ECE554/capstone/image_proc/DE1_SoC_CAMERA.v Line: 98
    Warning (13040): bidirectional pin "GPIO_0[9]" has no driver File: C:/Users/amers/Desktop/ECE554/capstone/image_proc/DE1_SoC_CAMERA.v Line: 98
    Warning (13040): bidirectional pin "GPIO_0[10]" has no driver File: C:/Users/amers/Desktop/ECE554/capstone/image_proc/DE1_SoC_CAMERA.v Line: 98
    Warning (13040): bidirectional pin "GPIO_0[11]" has no driver File: C:/Users/amers/Desktop/ECE554/capstone/image_proc/DE1_SoC_CAMERA.v Line: 98
    Warning (13040): bidirectional pin "GPIO_0[12]" has no driver File: C:/Users/amers/Desktop/ECE554/capstone/image_proc/DE1_SoC_CAMERA.v Line: 98
    Warning (13040): bidirectional pin "GPIO_0[13]" has no driver File: C:/Users/amers/Desktop/ECE554/capstone/image_proc/DE1_SoC_CAMERA.v Line: 98
    Warning (13040): bidirectional pin "GPIO_0[14]" has no driver File: C:/Users/amers/Desktop/ECE554/capstone/image_proc/DE1_SoC_CAMERA.v Line: 98
    Warning (13040): bidirectional pin "GPIO_0[15]" has no driver File: C:/Users/amers/Desktop/ECE554/capstone/image_proc/DE1_SoC_CAMERA.v Line: 98
    Warning (13040): bidirectional pin "GPIO_0[16]" has no driver File: C:/Users/amers/Desktop/ECE554/capstone/image_proc/DE1_SoC_CAMERA.v Line: 98
    Warning (13040): bidirectional pin "GPIO_0[17]" has no driver File: C:/Users/amers/Desktop/ECE554/capstone/image_proc/DE1_SoC_CAMERA.v Line: 98
    Warning (13040): bidirectional pin "GPIO_0[18]" has no driver File: C:/Users/amers/Desktop/ECE554/capstone/image_proc/DE1_SoC_CAMERA.v Line: 98
    Warning (13040): bidirectional pin "GPIO_0[19]" has no driver File: C:/Users/amers/Desktop/ECE554/capstone/image_proc/DE1_SoC_CAMERA.v Line: 98
    Warning (13040): bidirectional pin "GPIO_0[20]" has no driver File: C:/Users/amers/Desktop/ECE554/capstone/image_proc/DE1_SoC_CAMERA.v Line: 98
    Warning (13040): bidirectional pin "GPIO_0[21]" has no driver File: C:/Users/amers/Desktop/ECE554/capstone/image_proc/DE1_SoC_CAMERA.v Line: 98
    Warning (13040): bidirectional pin "GPIO_0[22]" has no driver File: C:/Users/amers/Desktop/ECE554/capstone/image_proc/DE1_SoC_CAMERA.v Line: 98
    Warning (13040): bidirectional pin "GPIO_0[23]" has no driver File: C:/Users/amers/Desktop/ECE554/capstone/image_proc/DE1_SoC_CAMERA.v Line: 98
    Warning (13040): bidirectional pin "GPIO_0[24]" has no driver File: C:/Users/amers/Desktop/ECE554/capstone/image_proc/DE1_SoC_CAMERA.v Line: 98
    Warning (13040): bidirectional pin "GPIO_0[25]" has no driver File: C:/Users/amers/Desktop/ECE554/capstone/image_proc/DE1_SoC_CAMERA.v Line: 98
    Warning (13040): bidirectional pin "GPIO_0[26]" has no driver File: C:/Users/amers/Desktop/ECE554/capstone/image_proc/DE1_SoC_CAMERA.v Line: 98
    Warning (13040): bidirectional pin "GPIO_0[27]" has no driver File: C:/Users/amers/Desktop/ECE554/capstone/image_proc/DE1_SoC_CAMERA.v Line: 98
    Warning (13040): bidirectional pin "GPIO_0[28]" has no driver File: C:/Users/amers/Desktop/ECE554/capstone/image_proc/DE1_SoC_CAMERA.v Line: 98
    Warning (13040): bidirectional pin "GPIO_0[29]" has no driver File: C:/Users/amers/Desktop/ECE554/capstone/image_proc/DE1_SoC_CAMERA.v Line: 98
    Warning (13040): bidirectional pin "GPIO_0[30]" has no driver File: C:/Users/amers/Desktop/ECE554/capstone/image_proc/DE1_SoC_CAMERA.v Line: 98
    Warning (13040): bidirectional pin "GPIO_0[31]" has no driver File: C:/Users/amers/Desktop/ECE554/capstone/image_proc/DE1_SoC_CAMERA.v Line: 98
    Warning (13040): bidirectional pin "GPIO_0[32]" has no driver File: C:/Users/amers/Desktop/ECE554/capstone/image_proc/DE1_SoC_CAMERA.v Line: 98
    Warning (13040): bidirectional pin "GPIO_0[33]" has no driver File: C:/Users/amers/Desktop/ECE554/capstone/image_proc/DE1_SoC_CAMERA.v Line: 98
    Warning (13040): bidirectional pin "GPIO_0[34]" has no driver File: C:/Users/amers/Desktop/ECE554/capstone/image_proc/DE1_SoC_CAMERA.v Line: 98
    Warning (13040): bidirectional pin "GPIO_0[35]" has no driver File: C:/Users/amers/Desktop/ECE554/capstone/image_proc/DE1_SoC_CAMERA.v Line: 98
    Warning (13040): bidirectional pin "PS2_CLK" has no driver File: C:/Users/amers/Desktop/ECE554/capstone/image_proc/DE1_SoC_CAMERA.v Line: 119
    Warning (13040): bidirectional pin "PS2_CLK2" has no driver File: C:/Users/amers/Desktop/ECE554/capstone/image_proc/DE1_SoC_CAMERA.v Line: 120
    Warning (13040): bidirectional pin "PS2_DAT" has no driver File: C:/Users/amers/Desktop/ECE554/capstone/image_proc/DE1_SoC_CAMERA.v Line: 121
    Warning (13040): bidirectional pin "PS2_DAT2" has no driver File: C:/Users/amers/Desktop/ECE554/capstone/image_proc/DE1_SoC_CAMERA.v Line: 122
Info (13000): Registers with preset signals will power-up high File: C:/Users/amers/Desktop/ECE554/capstone/image_proc/Sdram_Control/Sdram_Control.v Line: 443
Info (13003): DEV_CLRn pin will set, and not reset, register with preset signal due to NOT Gate Push-Back
Warning (13024): Output pins are stuck at VCC or GND
    Warning (13410): Pin "ADC_DIN" is stuck at GND File: C:/Users/amers/Desktop/ECE554/capstone/image_proc/DE1_SoC_CAMERA.v Line: 53
    Warning (13410): Pin "ADC_SCLK" is stuck at GND File: C:/Users/amers/Desktop/ECE554/capstone/image_proc/DE1_SoC_CAMERA.v Line: 55
    Warning (13410): Pin "AUD_DACDAT" is stuck at GND File: C:/Users/amers/Desktop/ECE554/capstone/image_proc/DE1_SoC_CAMERA.v Line: 61
    Warning (13410): Pin "AUD_XCK" is stuck at GND File: C:/Users/amers/Desktop/ECE554/capstone/image_proc/DE1_SoC_CAMERA.v Line: 63
    Warning (13410): Pin "DRAM_ADDR[12]" is stuck at GND File: C:/Users/amers/Desktop/ECE554/capstone/image_proc/DE1_SoC_CAMERA.v Line: 78
    Warning (13410): Pin "FAN_CTRL" is stuck at GND File: C:/Users/amers/Desktop/ECE554/capstone/image_proc/DE1_SoC_CAMERA.v Line: 91
    Warning (13410): Pin "FPGA_I2C_SCLK" is stuck at GND File: C:/Users/amers/Desktop/ECE554/capstone/image_proc/DE1_SoC_CAMERA.v Line: 94
    Warning (13410): Pin "IRDA_TXD" is stuck at GND File: C:/Users/amers/Desktop/ECE554/capstone/image_proc/DE1_SoC_CAMERA.v Line: 110
    Warning (13410): Pin "LEDR[1]" is stuck at GND File: C:/Users/amers/Desktop/ECE554/capstone/image_proc/DE1_SoC_CAMERA.v Line: 116
    Warning (13410): Pin "LEDR[2]" is stuck at GND File: C:/Users/amers/Desktop/ECE554/capstone/image_proc/DE1_SoC_CAMERA.v Line: 116
    Warning (13410): Pin "LEDR[3]" is stuck at GND File: C:/Users/amers/Desktop/ECE554/capstone/image_proc/DE1_SoC_CAMERA.v Line: 116
    Warning (13410): Pin "LEDR[4]" is stuck at GND File: C:/Users/amers/Desktop/ECE554/capstone/image_proc/DE1_SoC_CAMERA.v Line: 116
    Warning (13410): Pin "LEDR[5]" is stuck at GND File: C:/Users/amers/Desktop/ECE554/capstone/image_proc/DE1_SoC_CAMERA.v Line: 116
    Warning (13410): Pin "LEDR[6]" is stuck at GND File: C:/Users/amers/Desktop/ECE554/capstone/image_proc/DE1_SoC_CAMERA.v Line: 116
    Warning (13410): Pin "LEDR[7]" is stuck at GND File: C:/Users/amers/Desktop/ECE554/capstone/image_proc/DE1_SoC_CAMERA.v Line: 116
    Warning (13410): Pin "LEDR[8]" is stuck at GND File: C:/Users/amers/Desktop/ECE554/capstone/image_proc/DE1_SoC_CAMERA.v Line: 116
    Warning (13410): Pin "LEDR[9]" is stuck at GND File: C:/Users/amers/Desktop/ECE554/capstone/image_proc/DE1_SoC_CAMERA.v Line: 116
    Warning (13410): Pin "TD_RESET_N" is stuck at GND File: C:/Users/amers/Desktop/ECE554/capstone/image_proc/DE1_SoC_CAMERA.v Line: 131
    Warning (13410): Pin "VGA_SYNC_N" is stuck at GND File: C:/Users/amers/Desktop/ECE554/capstone/image_proc/DE1_SoC_CAMERA.v Line: 141
    Warning (13410): Pin "D5M_TRIGGER" is stuck at VCC File: C:/Users/amers/Desktop/ECE554/capstone/image_proc/DE1_SoC_CAMERA.v Line: 153
Info (286030): Timing-Driven Synthesis is running
Info (17049): 48 registers lost all their fanouts during netlist optimizations.
Info (144001): Generated suppressed messages file C:/Users/amers/Desktop/ECE554/capstone/image_proc/DE1_SoC_CAMERA.map.smsg
Info (16010): Generating hard_block partition "hard_block:auto_generated_inst"
    Info (16011): Adding 12 node(s), including 0 DDIO, 4 PLL, 0 transceiver and 0 LCELL
Warning: RST port on the PLL is not properly connected on instance sdram_pll:u6|sdram_pll_0002:sdram_pll_inst|altera_pll:altera_pll_i|general[1].gpll. The reset port on the PLL should be connected. If the PLL loses lock for any reason, you might need to manually reset the PLL in order to re-establish lock to the reference clock. File: c:/altera_lite/25.1std/quartus/libraries/megafunctions/altera_pll.v Line: 749
    Info: Must be connected
Warning: RST port on the PLL is not properly connected on instance sdram_pll:u6|sdram_pll_0002:sdram_pll_inst|altera_pll:altera_pll_i|general[3].gpll. The reset port on the PLL should be connected. If the PLL loses lock for any reason, you might need to manually reset the PLL in order to re-establish lock to the reference clock. File: c:/altera_lite/25.1std/quartus/libraries/megafunctions/altera_pll.v Line: 749
    Info: Must be connected
Warning: RST port on the PLL is not properly connected on instance sdram_pll:u6|sdram_pll_0002:sdram_pll_inst|altera_pll:altera_pll_i|general[2].gpll. The reset port on the PLL should be connected. If the PLL loses lock for any reason, you might need to manually reset the PLL in order to re-establish lock to the reference clock. File: c:/altera_lite/25.1std/quartus/libraries/megafunctions/altera_pll.v Line: 749
    Info: Must be connected
Warning: RST port on the PLL is not properly connected on instance sdram_pll:u6|sdram_pll_0002:sdram_pll_inst|altera_pll:altera_pll_i|general[0].gpll. The reset port on the PLL should be connected. If the PLL loses lock for any reason, you might need to manually reset the PLL in order to re-establish lock to the reference clock. File: c:/altera_lite/25.1std/quartus/libraries/megafunctions/altera_pll.v Line: 749
    Info: Must be connected
Warning (21074): Design contains 23 input pin(s) that do not drive logic
    Warning (15610): No output dependent on input pin "ADC_DOUT" File: C:/Users/amers/Desktop/ECE554/capstone/image_proc/DE1_SoC_CAMERA.v Line: 54
    Warning (15610): No output dependent on input pin "AUD_ADCDAT" File: C:/Users/amers/Desktop/ECE554/capstone/image_proc/DE1_SoC_CAMERA.v Line: 58
    Warning (15610): No output dependent on input pin "CLOCK3_50" File: C:/Users/amers/Desktop/ECE554/capstone/image_proc/DE1_SoC_CAMERA.v Line: 69
    Warning (15610): No output dependent on input pin "CLOCK4_50" File: C:/Users/amers/Desktop/ECE554/capstone/image_proc/DE1_SoC_CAMERA.v Line: 72
    Warning (15610): No output dependent on input pin "IRDA_RXD" File: C:/Users/amers/Desktop/ECE554/capstone/image_proc/DE1_SoC_CAMERA.v Line: 109
    Warning (15610): No output dependent on input pin "SW[1]" File: C:/Users/amers/Desktop/ECE554/capstone/image_proc/DE1_SoC_CAMERA.v Line: 125
    Warning (15610): No output dependent on input pin "SW[2]" File: C:/Users/amers/Desktop/ECE554/capstone/image_proc/DE1_SoC_CAMERA.v Line: 125
    Warning (15610): No output dependent on input pin "SW[3]" File: C:/Users/amers/Desktop/ECE554/capstone/image_proc/DE1_SoC_CAMERA.v Line: 125
    Warning (15610): No output dependent on input pin "SW[4]" File: C:/Users/amers/Desktop/ECE554/capstone/image_proc/DE1_SoC_CAMERA.v Line: 125
    Warning (15610): No output dependent on input pin "SW[5]" File: C:/Users/amers/Desktop/ECE554/capstone/image_proc/DE1_SoC_CAMERA.v Line: 125
    Warning (15610): No output dependent on input pin "SW[6]" File: C:/Users/amers/Desktop/ECE554/capstone/image_proc/DE1_SoC_CAMERA.v Line: 125
    Warning (15610): No output dependent on input pin "TD_CLK27" File: C:/Users/amers/Desktop/ECE554/capstone/image_proc/DE1_SoC_CAMERA.v Line: 128
    Warning (15610): No output dependent on input pin "TD_DATA[0]" File: C:/Users/amers/Desktop/ECE554/capstone/image_proc/DE1_SoC_CAMERA.v Line: 129
    Warning (15610): No output dependent on input pin "TD_DATA[1]" File: C:/Users/amers/Desktop/ECE554/capstone/image_proc/DE1_SoC_CAMERA.v Line: 129
    Warning (15610): No output dependent on input pin "TD_DATA[2]" File: C:/Users/amers/Desktop/ECE554/capstone/image_proc/DE1_SoC_CAMERA.v Line: 129
    Warning (15610): No output dependent on input pin "TD_DATA[3]" File: C:/Users/amers/Desktop/ECE554/capstone/image_proc/DE1_SoC_CAMERA.v Line: 129
    Warning (15610): No output dependent on input pin "TD_DATA[4]" File: C:/Users/amers/Desktop/ECE554/capstone/image_proc/DE1_SoC_CAMERA.v Line: 129
    Warning (15610): No output dependent on input pin "TD_DATA[5]" File: C:/Users/amers/Desktop/ECE554/capstone/image_proc/DE1_SoC_CAMERA.v Line: 129
    Warning (15610): No output dependent on input pin "TD_DATA[6]" File: C:/Users/amers/Desktop/ECE554/capstone/image_proc/DE1_SoC_CAMERA.v Line: 129
    Warning (15610): No output dependent on input pin "TD_DATA[7]" File: C:/Users/amers/Desktop/ECE554/capstone/image_proc/DE1_SoC_CAMERA.v Line: 129
    Warning (15610): No output dependent on input pin "TD_HS" File: C:/Users/amers/Desktop/ECE554/capstone/image_proc/DE1_SoC_CAMERA.v Line: 130
    Warning (15610): No output dependent on input pin "TD_VS" File: C:/Users/amers/Desktop/ECE554/capstone/image_proc/DE1_SoC_CAMERA.v Line: 132
    Warning (15610): No output dependent on input pin "D5M_STROBE" File: C:/Users/amers/Desktop/ECE554/capstone/image_proc/DE1_SoC_CAMERA.v Line: 152
Info (21057): Implemented 5313 device resources after synthesis - the final resource count might be different
    Info (21058): Implemented 48 input pins
    Info (21059): Implemented 116 output pins
    Info (21060): Implemented 62 bidirectional pins
    Info (21061): Implemented 4978 logic cells
    Info (21064): Implemented 105 RAM segments
    Info (21065): Implemented 4 PLLs
Info: Quartus Prime Analysis & Synthesis was successful. 0 errors, 523 warnings
    Info: Peak virtual memory: 4993 megabytes
    Info: Processing ended: Sat Mar 21 17:14:57 2026
    Info: Elapsed time: 00:00:16
    Info: Total CPU time (on all processors): 00:00:23


+------------------------------------------+
; Analysis & Synthesis Suppressed Messages ;
+------------------------------------------+
The suppressed messages can be found in C:/Users/amers/Desktop/ECE554/capstone/image_proc/DE1_SoC_CAMERA.map.smsg.


