Execute       source -notrace -encoding utf-8 C:/AMDDesignTools/2025.2/Vitis/tps/tcl/tcl8.6/clock.tcl 
Execute         source -encoding utf-8 C:/AMDDesignTools/2025.2/Vitis/tps/tcl/tcl8/8.5/msgcat-1.6.1.tm 
Execute           source C:/AMDDesignTools/2025.2/Vitis/tps/tcl/tcllib2.0/0compatibility/pkgIndex.tcl 
Execute           source C:/AMDDesignTools/2025.2/Vitis/tps/tcl/tcllib2.0/amazon-s3/pkgIndex.tcl 
Execute           source C:/AMDDesignTools/2025.2/Vitis/tps/tcl/tcllib2.0/asn/pkgIndex.tcl 
Execute           source C:/AMDDesignTools/2025.2/Vitis/tps/tcl/tcllib2.0/base32/pkgIndex.tcl 
Execute           source C:/AMDDesignTools/2025.2/Vitis/tps/tcl/tcllib2.0/base64/pkgIndex.tcl 
Execute           source C:/AMDDesignTools/2025.2/Vitis/tps/tcl/tcllib2.0/bee/pkgIndex.tcl 
Execute           source C:/AMDDesignTools/2025.2/Vitis/tps/tcl/tcllib2.0/bench/pkgIndex.tcl 
Execute           source C:/AMDDesignTools/2025.2/Vitis/tps/tcl/tcllib2.0/bibtex/pkgIndex.tcl 
Execute           source C:/AMDDesignTools/2025.2/Vitis/tps/tcl/tcllib2.0/cache/pkgIndex.tcl 
Execute           source C:/AMDDesignTools/2025.2/Vitis/tps/tcl/tcllib2.0/clay/pkgIndex.tcl 
Execute           source C:/AMDDesignTools/2025.2/Vitis/tps/tcl/tcllib2.0/clock/pkgIndex.tcl 
Execute           source C:/AMDDesignTools/2025.2/Vitis/tps/tcl/tcllib2.0/cmdline/pkgIndex.tcl 
Execute           source C:/AMDDesignTools/2025.2/Vitis/tps/tcl/tcllib2.0/comm/pkgIndex.tcl 
Execute           source C:/AMDDesignTools/2025.2/Vitis/tps/tcl/tcllib2.0/control/pkgIndex.tcl 
Execute           source C:/AMDDesignTools/2025.2/Vitis/tps/tcl/tcllib2.0/coroutine/pkgIndex.tcl 
Execute           source C:/AMDDesignTools/2025.2/Vitis/tps/tcl/tcllib2.0/counter/pkgIndex.tcl 
Execute           source C:/AMDDesignTools/2025.2/Vitis/tps/tcl/tcllib2.0/crc/pkgIndex.tcl 
Execute           source C:/AMDDesignTools/2025.2/Vitis/tps/tcl/tcllib2.0/cron/pkgIndex.tcl 
Execute           source C:/AMDDesignTools/2025.2/Vitis/tps/tcl/tcllib2.0/csv/pkgIndex.tcl 
Execute           source C:/AMDDesignTools/2025.2/Vitis/tps/tcl/tcllib2.0/debug/pkgIndex.tcl 
Execute           source C:/AMDDesignTools/2025.2/Vitis/tps/tcl/tcllib2.0/defer/pkgIndex.tcl 
Execute           source C:/AMDDesignTools/2025.2/Vitis/tps/tcl/tcllib2.0/dicttool/pkgIndex.tcl 
Execute           source C:/AMDDesignTools/2025.2/Vitis/tps/tcl/tcllib2.0/dns/pkgIndex.tcl 
Execute           source C:/AMDDesignTools/2025.2/Vitis/tps/tcl/tcllib2.0/docstrip/pkgIndex.tcl 
Execute           source C:/AMDDesignTools/2025.2/Vitis/tps/tcl/tcllib2.0/doctools/pkgIndex.tcl 
Execute           source C:/AMDDesignTools/2025.2/Vitis/tps/tcl/tcllib2.0/doctools2base/pkgIndex.tcl 
Execute           source C:/AMDDesignTools/2025.2/Vitis/tps/tcl/tcllib2.0/doctools2idx/pkgIndex.tcl 
Execute           source C:/AMDDesignTools/2025.2/Vitis/tps/tcl/tcllib2.0/doctools2toc/pkgIndex.tcl 
Execute           source C:/AMDDesignTools/2025.2/Vitis/tps/tcl/tcllib2.0/dtplite/pkgIndex.tcl 
Execute           source C:/AMDDesignTools/2025.2/Vitis/tps/tcl/tcllib2.0/fileutil/pkgIndex.tcl 
Execute           source C:/AMDDesignTools/2025.2/Vitis/tps/tcl/tcllib2.0/ftp/pkgIndex.tcl 
Execute           source C:/AMDDesignTools/2025.2/Vitis/tps/tcl/tcllib2.0/ftpd/pkgIndex.tcl 
Execute           source C:/AMDDesignTools/2025.2/Vitis/tps/tcl/tcllib2.0/fumagic/pkgIndex.tcl 
Execute           source C:/AMDDesignTools/2025.2/Vitis/tps/tcl/tcllib2.0/generator/pkgIndex.tcl 
Execute           source C:/AMDDesignTools/2025.2/Vitis/tps/tcl/tcllib2.0/gpx/pkgIndex.tcl 
Execute           source C:/AMDDesignTools/2025.2/Vitis/tps/tcl/tcllib2.0/grammar_aycock/pkgIndex.tcl 
Execute           source C:/AMDDesignTools/2025.2/Vitis/tps/tcl/tcllib2.0/grammar_fa/pkgIndex.tcl 
Execute           source C:/AMDDesignTools/2025.2/Vitis/tps/tcl/tcllib2.0/grammar_me/pkgIndex.tcl 
Execute           source C:/AMDDesignTools/2025.2/Vitis/tps/tcl/tcllib2.0/grammar_peg/pkgIndex.tcl 
Execute           source C:/AMDDesignTools/2025.2/Vitis/tps/tcl/tcllib2.0/hook/pkgIndex.tcl 
Execute           source C:/AMDDesignTools/2025.2/Vitis/tps/tcl/tcllib2.0/html/pkgIndex.tcl 
Execute           source C:/AMDDesignTools/2025.2/Vitis/tps/tcl/tcllib2.0/htmlparse/pkgIndex.tcl 
Execute           source C:/AMDDesignTools/2025.2/Vitis/tps/tcl/tcllib2.0/http/pkgIndex.tcl 
Execute           source C:/AMDDesignTools/2025.2/Vitis/tps/tcl/tcllib2.0/httpd/pkgIndex.tcl 
Execute           source C:/AMDDesignTools/2025.2/Vitis/tps/tcl/tcllib2.0/httpwget/pkgIndex.tcl 
Execute           source C:/AMDDesignTools/2025.2/Vitis/tps/tcl/tcllib2.0/ident/pkgIndex.tcl 
Execute           source C:/AMDDesignTools/2025.2/Vitis/tps/tcl/tcllib2.0/imap4/pkgIndex.tcl 
Execute           source C:/AMDDesignTools/2025.2/Vitis/tps/tcl/tcllib2.0/inifile/pkgIndex.tcl 
Execute           source C:/AMDDesignTools/2025.2/Vitis/tps/tcl/tcllib2.0/interp/pkgIndex.tcl 
Execute           source C:/AMDDesignTools/2025.2/Vitis/tps/tcl/tcllib2.0/irc/pkgIndex.tcl 
Execute           source C:/AMDDesignTools/2025.2/Vitis/tps/tcl/tcllib2.0/javascript/pkgIndex.tcl 
Execute           source C:/AMDDesignTools/2025.2/Vitis/tps/tcl/tcllib2.0/jpeg/pkgIndex.tcl 
Execute           source C:/AMDDesignTools/2025.2/Vitis/tps/tcl/tcllib2.0/json/pkgIndex.tcl 
Execute           source C:/AMDDesignTools/2025.2/Vitis/tps/tcl/tcllib2.0/lambda/pkgIndex.tcl 
Execute           source C:/AMDDesignTools/2025.2/Vitis/tps/tcl/tcllib2.0/lazyset/pkgIndex.tcl 
Execute           source C:/AMDDesignTools/2025.2/Vitis/tps/tcl/tcllib2.0/ldap/pkgIndex.tcl 
Execute           source C:/AMDDesignTools/2025.2/Vitis/tps/tcl/tcllib2.0/log/pkgIndex.tcl 
Execute           source C:/AMDDesignTools/2025.2/Vitis/tps/tcl/tcllib2.0/map/pkgIndex.tcl 
Execute           source C:/AMDDesignTools/2025.2/Vitis/tps/tcl/tcllib2.0/mapproj/pkgIndex.tcl 
Execute           source C:/AMDDesignTools/2025.2/Vitis/tps/tcl/tcllib2.0/markdown/pkgIndex.tcl 
Execute           source C:/AMDDesignTools/2025.2/Vitis/tps/tcl/tcllib2.0/math/pkgIndex.tcl 
Execute           source C:/AMDDesignTools/2025.2/Vitis/tps/tcl/tcllib2.0/md4/pkgIndex.tcl 
Execute           source C:/AMDDesignTools/2025.2/Vitis/tps/tcl/tcllib2.0/md5/pkgIndex.tcl 
Execute           source C:/AMDDesignTools/2025.2/Vitis/tps/tcl/tcllib2.0/md5crypt/pkgIndex.tcl 
Execute           source C:/AMDDesignTools/2025.2/Vitis/tps/tcl/tcllib2.0/mime/pkgIndex.tcl 
Execute           source C:/AMDDesignTools/2025.2/Vitis/tps/tcl/tcllib2.0/mkdoc/pkgIndex.tcl 
Execute           source C:/AMDDesignTools/2025.2/Vitis/tps/tcl/tcllib2.0/multiplexer/pkgIndex.tcl 
Execute           source C:/AMDDesignTools/2025.2/Vitis/tps/tcl/tcllib2.0/namespacex/pkgIndex.tcl 
Execute           source C:/AMDDesignTools/2025.2/Vitis/tps/tcl/tcllib2.0/ncgi/pkgIndex.tcl 
Execute           source C:/AMDDesignTools/2025.2/Vitis/tps/tcl/tcllib2.0/nettool/pkgIndex.tcl 
Execute           source C:/AMDDesignTools/2025.2/Vitis/tps/tcl/tcllib2.0/nmea/pkgIndex.tcl 
Execute           source C:/AMDDesignTools/2025.2/Vitis/tps/tcl/tcllib2.0/nns/pkgIndex.tcl 
Execute           source C:/AMDDesignTools/2025.2/Vitis/tps/tcl/tcllib2.0/nntp/pkgIndex.tcl 
Execute           source C:/AMDDesignTools/2025.2/Vitis/tps/tcl/tcllib2.0/ntp/pkgIndex.tcl 
Execute           source C:/AMDDesignTools/2025.2/Vitis/tps/tcl/tcllib2.0/oauth/pkgIndex.tcl 
Execute           source C:/AMDDesignTools/2025.2/Vitis/tps/tcl/tcllib2.0/oodialect/pkgIndex.tcl 
Execute           source C:/AMDDesignTools/2025.2/Vitis/tps/tcl/tcllib2.0/oometa/pkgIndex.tcl 
Execute           source C:/AMDDesignTools/2025.2/Vitis/tps/tcl/tcllib2.0/ooutil/pkgIndex.tcl 
Execute           source C:/AMDDesignTools/2025.2/Vitis/tps/tcl/tcllib2.0/otp/pkgIndex.tcl 
Execute           source C:/AMDDesignTools/2025.2/Vitis/tps/tcl/tcllib2.0/page/pkgIndex.tcl 
Execute           source C:/AMDDesignTools/2025.2/Vitis/tps/tcl/tcllib2.0/pluginmgr/pkgIndex.tcl 
Execute           source C:/AMDDesignTools/2025.2/Vitis/tps/tcl/tcllib2.0/png/pkgIndex.tcl 
Execute           source C:/AMDDesignTools/2025.2/Vitis/tps/tcl/tcllib2.0/pop3/pkgIndex.tcl 
Execute           source C:/AMDDesignTools/2025.2/Vitis/tps/tcl/tcllib2.0/pop3d/pkgIndex.tcl 
Execute           source C:/AMDDesignTools/2025.2/Vitis/tps/tcl/tcllib2.0/practcl/pkgIndex.tcl 
Execute           source C:/AMDDesignTools/2025.2/Vitis/tps/tcl/tcllib2.0/processman/pkgIndex.tcl 
Execute           source C:/AMDDesignTools/2025.2/Vitis/tps/tcl/tcllib2.0/profiler/pkgIndex.tcl 
Execute           source C:/AMDDesignTools/2025.2/Vitis/tps/tcl/tcllib2.0/pt/pkgIndex.tcl 
Execute           source C:/AMDDesignTools/2025.2/Vitis/tps/tcl/tcllib2.0/rcs/pkgIndex.tcl 
Execute           source C:/AMDDesignTools/2025.2/Vitis/tps/tcl/tcllib2.0/report/pkgIndex.tcl 
Execute           source C:/AMDDesignTools/2025.2/Vitis/tps/tcl/tcllib2.0/rest/pkgIndex.tcl 
Execute           source C:/AMDDesignTools/2025.2/Vitis/tps/tcl/tcllib2.0/ripemd/pkgIndex.tcl 
Execute           source C:/AMDDesignTools/2025.2/Vitis/tps/tcl/tcllib2.0/sasl/pkgIndex.tcl 
Execute           source C:/AMDDesignTools/2025.2/Vitis/tps/tcl/tcllib2.0/sha1/pkgIndex.tcl 
Execute           source C:/AMDDesignTools/2025.2/Vitis/tps/tcl/tcllib2.0/simulation/pkgIndex.tcl 
Execute           source C:/AMDDesignTools/2025.2/Vitis/tps/tcl/tcllib2.0/smtpd/pkgIndex.tcl 
Execute           source C:/AMDDesignTools/2025.2/Vitis/tps/tcl/tcllib2.0/snit/pkgIndex.tcl 
Execute           source C:/AMDDesignTools/2025.2/Vitis/tps/tcl/tcllib2.0/soundex/pkgIndex.tcl 
Execute           source C:/AMDDesignTools/2025.2/Vitis/tps/tcl/tcllib2.0/stooop/pkgIndex.tcl 
Execute           source C:/AMDDesignTools/2025.2/Vitis/tps/tcl/tcllib2.0/string/pkgIndex.tcl 
Execute           source C:/AMDDesignTools/2025.2/Vitis/tps/tcl/tcllib2.0/stringprep/pkgIndex.tcl 
Execute           source C:/AMDDesignTools/2025.2/Vitis/tps/tcl/tcllib2.0/struct/pkgIndex.tcl 
Execute           source C:/AMDDesignTools/2025.2/Vitis/tps/tcl/tcllib2.0/tar/pkgIndex.tcl 
Execute           source C:/AMDDesignTools/2025.2/Vitis/tps/tcl/tcllib2.0/tepam/pkgIndex.tcl 
Execute           source C:/AMDDesignTools/2025.2/Vitis/tps/tcl/tcllib2.0/term/pkgIndex.tcl 
Execute           source C:/AMDDesignTools/2025.2/Vitis/tps/tcl/tcllib2.0/textutil/pkgIndex.tcl 
Execute           source C:/AMDDesignTools/2025.2/Vitis/tps/tcl/tcllib2.0/tie/pkgIndex.tcl 
Execute           source C:/AMDDesignTools/2025.2/Vitis/tps/tcl/tcllib2.0/tiff/pkgIndex.tcl 
Execute           source C:/AMDDesignTools/2025.2/Vitis/tps/tcl/tcllib2.0/tool/pkgIndex.tcl 
Execute           source C:/AMDDesignTools/2025.2/Vitis/tps/tcl/tcllib2.0/transfer/pkgIndex.tcl 
Execute           source C:/AMDDesignTools/2025.2/Vitis/tps/tcl/tcllib2.0/treeql/pkgIndex.tcl 
Execute           source C:/AMDDesignTools/2025.2/Vitis/tps/tcl/tcllib2.0/try/pkgIndex.tcl 
Execute           source C:/AMDDesignTools/2025.2/Vitis/tps/tcl/tcllib2.0/udpcluster/pkgIndex.tcl 
Execute           source C:/AMDDesignTools/2025.2/Vitis/tps/tcl/tcllib2.0/uev/pkgIndex.tcl 
Execute           source C:/AMDDesignTools/2025.2/Vitis/tps/tcl/tcllib2.0/units/pkgIndex.tcl 
Execute           source C:/AMDDesignTools/2025.2/Vitis/tps/tcl/tcllib2.0/uri/pkgIndex.tcl 
Execute           source C:/AMDDesignTools/2025.2/Vitis/tps/tcl/tcllib2.0/uuid/pkgIndex.tcl 
Execute           source C:/AMDDesignTools/2025.2/Vitis/tps/tcl/tcllib2.0/valtype/pkgIndex.tcl 
Execute           source C:/AMDDesignTools/2025.2/Vitis/tps/tcl/tcllib2.0/virtchannel_base/pkgIndex.tcl 
Execute           source C:/AMDDesignTools/2025.2/Vitis/tps/tcl/tcllib2.0/virtchannel_core/pkgIndex.tcl 
Execute           source C:/AMDDesignTools/2025.2/Vitis/tps/tcl/tcllib2.0/virtchannel_transform/pkgIndex.tcl 
Execute           source C:/AMDDesignTools/2025.2/Vitis/tps/tcl/tcllib2.0/websocket/pkgIndex.tcl 
Execute           source C:/AMDDesignTools/2025.2/Vitis/tps/tcl/tcllib2.0/wip/pkgIndex.tcl 
Execute           source C:/AMDDesignTools/2025.2/Vitis/tps/tcl/tcllib2.0/yaml/pkgIndex.tcl 
Execute           source C:/AMDDesignTools/2025.2/Vitis/tps/tcl/tcllib2.0/zip/pkgIndex.tcl 
Execute           source C:/AMDDesignTools/2025.2/Vitis/tps/tcl/tcllib2.0/pkgIndex.tcl 
Execute             source C:/AMDDesignTools/2025.2/Vitis/tps/tcl/tcllib2.0/0compatibility/pkgIndex.tcl 
Execute             source C:/AMDDesignTools/2025.2/Vitis/tps/tcl/tcllib2.0/amazon-s3/pkgIndex.tcl 
Execute             source C:/AMDDesignTools/2025.2/Vitis/tps/tcl/tcllib2.0/asn/pkgIndex.tcl 
Execute             source C:/AMDDesignTools/2025.2/Vitis/tps/tcl/tcllib2.0/base32/pkgIndex.tcl 
Execute             source C:/AMDDesignTools/2025.2/Vitis/tps/tcl/tcllib2.0/base64/pkgIndex.tcl 
Execute             source C:/AMDDesignTools/2025.2/Vitis/tps/tcl/tcllib2.0/bee/pkgIndex.tcl 
Execute             source C:/AMDDesignTools/2025.2/Vitis/tps/tcl/tcllib2.0/bench/pkgIndex.tcl 
Execute             source C:/AMDDesignTools/2025.2/Vitis/tps/tcl/tcllib2.0/bibtex/pkgIndex.tcl 
Execute             source C:/AMDDesignTools/2025.2/Vitis/tps/tcl/tcllib2.0/cache/pkgIndex.tcl 
Execute             source C:/AMDDesignTools/2025.2/Vitis/tps/tcl/tcllib2.0/clay/pkgIndex.tcl 
Execute             source C:/AMDDesignTools/2025.2/Vitis/tps/tcl/tcllib2.0/clock/pkgIndex.tcl 
Execute             source C:/AMDDesignTools/2025.2/Vitis/tps/tcl/tcllib2.0/cmdline/pkgIndex.tcl 
Execute             source C:/AMDDesignTools/2025.2/Vitis/tps/tcl/tcllib2.0/comm/pkgIndex.tcl 
Execute             source C:/AMDDesignTools/2025.2/Vitis/tps/tcl/tcllib2.0/control/pkgIndex.tcl 
Execute             source C:/AMDDesignTools/2025.2/Vitis/tps/tcl/tcllib2.0/coroutine/pkgIndex.tcl 
Execute             source C:/AMDDesignTools/2025.2/Vitis/tps/tcl/tcllib2.0/counter/pkgIndex.tcl 
Execute             source C:/AMDDesignTools/2025.2/Vitis/tps/tcl/tcllib2.0/crc/pkgIndex.tcl 
Execute             source C:/AMDDesignTools/2025.2/Vitis/tps/tcl/tcllib2.0/cron/pkgIndex.tcl 
Execute             source C:/AMDDesignTools/2025.2/Vitis/tps/tcl/tcllib2.0/csv/pkgIndex.tcl 
Execute             source C:/AMDDesignTools/2025.2/Vitis/tps/tcl/tcllib2.0/debug/pkgIndex.tcl 
Execute             source C:/AMDDesignTools/2025.2/Vitis/tps/tcl/tcllib2.0/defer/pkgIndex.tcl 
Execute             source C:/AMDDesignTools/2025.2/Vitis/tps/tcl/tcllib2.0/dicttool/pkgIndex.tcl 
Execute             source C:/AMDDesignTools/2025.2/Vitis/tps/tcl/tcllib2.0/dns/pkgIndex.tcl 
Execute             source C:/AMDDesignTools/2025.2/Vitis/tps/tcl/tcllib2.0/docstrip/pkgIndex.tcl 
Execute             source C:/AMDDesignTools/2025.2/Vitis/tps/tcl/tcllib2.0/doctools/pkgIndex.tcl 
Execute             source C:/AMDDesignTools/2025.2/Vitis/tps/tcl/tcllib2.0/doctools2base/pkgIndex.tcl 
Execute             source C:/AMDDesignTools/2025.2/Vitis/tps/tcl/tcllib2.0/doctools2idx/pkgIndex.tcl 
Execute             source C:/AMDDesignTools/2025.2/Vitis/tps/tcl/tcllib2.0/doctools2toc/pkgIndex.tcl 
Execute             source C:/AMDDesignTools/2025.2/Vitis/tps/tcl/tcllib2.0/dtplite/pkgIndex.tcl 
Execute             source C:/AMDDesignTools/2025.2/Vitis/tps/tcl/tcllib2.0/fileutil/pkgIndex.tcl 
Execute             source C:/AMDDesignTools/2025.2/Vitis/tps/tcl/tcllib2.0/ftp/pkgIndex.tcl 
Execute             source C:/AMDDesignTools/2025.2/Vitis/tps/tcl/tcllib2.0/ftpd/pkgIndex.tcl 
Execute             source C:/AMDDesignTools/2025.2/Vitis/tps/tcl/tcllib2.0/fumagic/pkgIndex.tcl 
Execute             source C:/AMDDesignTools/2025.2/Vitis/tps/tcl/tcllib2.0/generator/pkgIndex.tcl 
Execute             source C:/AMDDesignTools/2025.2/Vitis/tps/tcl/tcllib2.0/gpx/pkgIndex.tcl 
Execute             source C:/AMDDesignTools/2025.2/Vitis/tps/tcl/tcllib2.0/grammar_aycock/pkgIndex.tcl 
Execute             source C:/AMDDesignTools/2025.2/Vitis/tps/tcl/tcllib2.0/grammar_fa/pkgIndex.tcl 
Execute             source C:/AMDDesignTools/2025.2/Vitis/tps/tcl/tcllib2.0/grammar_me/pkgIndex.tcl 
Execute             source C:/AMDDesignTools/2025.2/Vitis/tps/tcl/tcllib2.0/grammar_peg/pkgIndex.tcl 
Execute             source C:/AMDDesignTools/2025.2/Vitis/tps/tcl/tcllib2.0/hook/pkgIndex.tcl 
Execute             source C:/AMDDesignTools/2025.2/Vitis/tps/tcl/tcllib2.0/html/pkgIndex.tcl 
Execute             source C:/AMDDesignTools/2025.2/Vitis/tps/tcl/tcllib2.0/htmlparse/pkgIndex.tcl 
Execute             source C:/AMDDesignTools/2025.2/Vitis/tps/tcl/tcllib2.0/http/pkgIndex.tcl 
Execute             source C:/AMDDesignTools/2025.2/Vitis/tps/tcl/tcllib2.0/httpd/pkgIndex.tcl 
Execute             source C:/AMDDesignTools/2025.2/Vitis/tps/tcl/tcllib2.0/httpwget/pkgIndex.tcl 
Execute             source C:/AMDDesignTools/2025.2/Vitis/tps/tcl/tcllib2.0/ident/pkgIndex.tcl 
Execute             source C:/AMDDesignTools/2025.2/Vitis/tps/tcl/tcllib2.0/imap4/pkgIndex.tcl 
Execute             source C:/AMDDesignTools/2025.2/Vitis/tps/tcl/tcllib2.0/inifile/pkgIndex.tcl 
Execute             source C:/AMDDesignTools/2025.2/Vitis/tps/tcl/tcllib2.0/interp/pkgIndex.tcl 
Execute             source C:/AMDDesignTools/2025.2/Vitis/tps/tcl/tcllib2.0/irc/pkgIndex.tcl 
Execute             source C:/AMDDesignTools/2025.2/Vitis/tps/tcl/tcllib2.0/javascript/pkgIndex.tcl 
Execute             source C:/AMDDesignTools/2025.2/Vitis/tps/tcl/tcllib2.0/jpeg/pkgIndex.tcl 
Execute             source C:/AMDDesignTools/2025.2/Vitis/tps/tcl/tcllib2.0/json/pkgIndex.tcl 
Execute             source C:/AMDDesignTools/2025.2/Vitis/tps/tcl/tcllib2.0/lambda/pkgIndex.tcl 
Execute             source C:/AMDDesignTools/2025.2/Vitis/tps/tcl/tcllib2.0/lazyset/pkgIndex.tcl 
Execute             source C:/AMDDesignTools/2025.2/Vitis/tps/tcl/tcllib2.0/ldap/pkgIndex.tcl 
Execute             source C:/AMDDesignTools/2025.2/Vitis/tps/tcl/tcllib2.0/log/pkgIndex.tcl 
Execute             source C:/AMDDesignTools/2025.2/Vitis/tps/tcl/tcllib2.0/map/pkgIndex.tcl 
Execute             source C:/AMDDesignTools/2025.2/Vitis/tps/tcl/tcllib2.0/mapproj/pkgIndex.tcl 
Execute             source C:/AMDDesignTools/2025.2/Vitis/tps/tcl/tcllib2.0/markdown/pkgIndex.tcl 
Execute             source C:/AMDDesignTools/2025.2/Vitis/tps/tcl/tcllib2.0/math/pkgIndex.tcl 
Execute             source C:/AMDDesignTools/2025.2/Vitis/tps/tcl/tcllib2.0/md4/pkgIndex.tcl 
Execute             source C:/AMDDesignTools/2025.2/Vitis/tps/tcl/tcllib2.0/md5/pkgIndex.tcl 
Execute             source C:/AMDDesignTools/2025.2/Vitis/tps/tcl/tcllib2.0/md5crypt/pkgIndex.tcl 
Execute             source C:/AMDDesignTools/2025.2/Vitis/tps/tcl/tcllib2.0/mime/pkgIndex.tcl 
Execute             source C:/AMDDesignTools/2025.2/Vitis/tps/tcl/tcllib2.0/mkdoc/pkgIndex.tcl 
Execute             source C:/AMDDesignTools/2025.2/Vitis/tps/tcl/tcllib2.0/multiplexer/pkgIndex.tcl 
Execute             source C:/AMDDesignTools/2025.2/Vitis/tps/tcl/tcllib2.0/namespacex/pkgIndex.tcl 
Execute             source C:/AMDDesignTools/2025.2/Vitis/tps/tcl/tcllib2.0/ncgi/pkgIndex.tcl 
Execute             source C:/AMDDesignTools/2025.2/Vitis/tps/tcl/tcllib2.0/nettool/pkgIndex.tcl 
Execute             source C:/AMDDesignTools/2025.2/Vitis/tps/tcl/tcllib2.0/nmea/pkgIndex.tcl 
Execute             source C:/AMDDesignTools/2025.2/Vitis/tps/tcl/tcllib2.0/nns/pkgIndex.tcl 
Execute             source C:/AMDDesignTools/2025.2/Vitis/tps/tcl/tcllib2.0/nntp/pkgIndex.tcl 
Execute             source C:/AMDDesignTools/2025.2/Vitis/tps/tcl/tcllib2.0/ntp/pkgIndex.tcl 
Execute             source C:/AMDDesignTools/2025.2/Vitis/tps/tcl/tcllib2.0/oauth/pkgIndex.tcl 
Execute             source C:/AMDDesignTools/2025.2/Vitis/tps/tcl/tcllib2.0/oodialect/pkgIndex.tcl 
Execute             source C:/AMDDesignTools/2025.2/Vitis/tps/tcl/tcllib2.0/oometa/pkgIndex.tcl 
Execute             source C:/AMDDesignTools/2025.2/Vitis/tps/tcl/tcllib2.0/ooutil/pkgIndex.tcl 
Execute             source C:/AMDDesignTools/2025.2/Vitis/tps/tcl/tcllib2.0/otp/pkgIndex.tcl 
Execute             source C:/AMDDesignTools/2025.2/Vitis/tps/tcl/tcllib2.0/page/pkgIndex.tcl 
Execute             source C:/AMDDesignTools/2025.2/Vitis/tps/tcl/tcllib2.0/pluginmgr/pkgIndex.tcl 
Execute             source C:/AMDDesignTools/2025.2/Vitis/tps/tcl/tcllib2.0/png/pkgIndex.tcl 
Execute             source C:/AMDDesignTools/2025.2/Vitis/tps/tcl/tcllib2.0/pop3/pkgIndex.tcl 
Execute             source C:/AMDDesignTools/2025.2/Vitis/tps/tcl/tcllib2.0/pop3d/pkgIndex.tcl 
Execute             source C:/AMDDesignTools/2025.2/Vitis/tps/tcl/tcllib2.0/practcl/pkgIndex.tcl 
Execute             source C:/AMDDesignTools/2025.2/Vitis/tps/tcl/tcllib2.0/processman/pkgIndex.tcl 
Execute             source C:/AMDDesignTools/2025.2/Vitis/tps/tcl/tcllib2.0/profiler/pkgIndex.tcl 
Execute             source C:/AMDDesignTools/2025.2/Vitis/tps/tcl/tcllib2.0/pt/pkgIndex.tcl 
Execute             source C:/AMDDesignTools/2025.2/Vitis/tps/tcl/tcllib2.0/rcs/pkgIndex.tcl 
Execute             source C:/AMDDesignTools/2025.2/Vitis/tps/tcl/tcllib2.0/report/pkgIndex.tcl 
Execute             source C:/AMDDesignTools/2025.2/Vitis/tps/tcl/tcllib2.0/rest/pkgIndex.tcl 
Execute             source C:/AMDDesignTools/2025.2/Vitis/tps/tcl/tcllib2.0/ripemd/pkgIndex.tcl 
Execute             source C:/AMDDesignTools/2025.2/Vitis/tps/tcl/tcllib2.0/sasl/pkgIndex.tcl 
Execute             source C:/AMDDesignTools/2025.2/Vitis/tps/tcl/tcllib2.0/sha1/pkgIndex.tcl 
Execute             source C:/AMDDesignTools/2025.2/Vitis/tps/tcl/tcllib2.0/simulation/pkgIndex.tcl 
Execute             source C:/AMDDesignTools/2025.2/Vitis/tps/tcl/tcllib2.0/smtpd/pkgIndex.tcl 
Execute             source C:/AMDDesignTools/2025.2/Vitis/tps/tcl/tcllib2.0/snit/pkgIndex.tcl 
Execute             source C:/AMDDesignTools/2025.2/Vitis/tps/tcl/tcllib2.0/soundex/pkgIndex.tcl 
Execute             source C:/AMDDesignTools/2025.2/Vitis/tps/tcl/tcllib2.0/stooop/pkgIndex.tcl 
Execute             source C:/AMDDesignTools/2025.2/Vitis/tps/tcl/tcllib2.0/string/pkgIndex.tcl 
Execute             source C:/AMDDesignTools/2025.2/Vitis/tps/tcl/tcllib2.0/stringprep/pkgIndex.tcl 
Execute             source C:/AMDDesignTools/2025.2/Vitis/tps/tcl/tcllib2.0/struct/pkgIndex.tcl 
Execute             source C:/AMDDesignTools/2025.2/Vitis/tps/tcl/tcllib2.0/tar/pkgIndex.tcl 
Execute             source C:/AMDDesignTools/2025.2/Vitis/tps/tcl/tcllib2.0/tepam/pkgIndex.tcl 
Execute             source C:/AMDDesignTools/2025.2/Vitis/tps/tcl/tcllib2.0/term/pkgIndex.tcl 
Execute             source C:/AMDDesignTools/2025.2/Vitis/tps/tcl/tcllib2.0/textutil/pkgIndex.tcl 
Execute             source C:/AMDDesignTools/2025.2/Vitis/tps/tcl/tcllib2.0/tie/pkgIndex.tcl 
Execute             source C:/AMDDesignTools/2025.2/Vitis/tps/tcl/tcllib2.0/tiff/pkgIndex.tcl 
Execute             source C:/AMDDesignTools/2025.2/Vitis/tps/tcl/tcllib2.0/tool/pkgIndex.tcl 
Execute             source C:/AMDDesignTools/2025.2/Vitis/tps/tcl/tcllib2.0/transfer/pkgIndex.tcl 
Execute             source C:/AMDDesignTools/2025.2/Vitis/tps/tcl/tcllib2.0/treeql/pkgIndex.tcl 
Execute             source C:/AMDDesignTools/2025.2/Vitis/tps/tcl/tcllib2.0/try/pkgIndex.tcl 
Execute             source C:/AMDDesignTools/2025.2/Vitis/tps/tcl/tcllib2.0/udpcluster/pkgIndex.tcl 
Execute             source C:/AMDDesignTools/2025.2/Vitis/tps/tcl/tcllib2.0/uev/pkgIndex.tcl 
Execute             source C:/AMDDesignTools/2025.2/Vitis/tps/tcl/tcllib2.0/units/pkgIndex.tcl 
Execute             source C:/AMDDesignTools/2025.2/Vitis/tps/tcl/tcllib2.0/uri/pkgIndex.tcl 
Execute             source C:/AMDDesignTools/2025.2/Vitis/tps/tcl/tcllib2.0/uuid/pkgIndex.tcl 
Execute             source C:/AMDDesignTools/2025.2/Vitis/tps/tcl/tcllib2.0/valtype/pkgIndex.tcl 
Execute             source C:/AMDDesignTools/2025.2/Vitis/tps/tcl/tcllib2.0/virtchannel_base/pkgIndex.tcl 
Execute             source C:/AMDDesignTools/2025.2/Vitis/tps/tcl/tcllib2.0/virtchannel_core/pkgIndex.tcl 
Execute             source C:/AMDDesignTools/2025.2/Vitis/tps/tcl/tcllib2.0/virtchannel_transform/pkgIndex.tcl 
Execute             source C:/AMDDesignTools/2025.2/Vitis/tps/tcl/tcllib2.0/websocket/pkgIndex.tcl 
Execute             source C:/AMDDesignTools/2025.2/Vitis/tps/tcl/tcllib2.0/wip/pkgIndex.tcl 
Execute             source C:/AMDDesignTools/2025.2/Vitis/tps/tcl/tcllib2.0/yaml/pkgIndex.tcl 
Execute             source C:/AMDDesignTools/2025.2/Vitis/tps/tcl/tcllib2.0/zip/pkgIndex.tcl 
Execute           source C:/AMDDesignTools/2025.2/Vitis/tps/tcl/tdom/pkgIndex.tcl 
Execute           source C:/AMDDesignTools/2025.2/Vitis/tps/tcl/tcl8.6/opt0.4/pkgIndex.tcl 
Execute           source C:/AMDDesignTools/2025.2/Vitis/tps/tcl/tcl8.6/pkgs/win/thread2.8.7/pkgIndex.tcl 
Command         ap_source done; 0.182 sec.
Execute         source C:/AMDDesignTools/2025.2/Vitis/tps/tcl/tcllib2.0/0compatibility/pkgIndex.tcl 
Execute         source C:/AMDDesignTools/2025.2/Vitis/tps/tcl/tcllib2.0/amazon-s3/pkgIndex.tcl 
Execute         source C:/AMDDesignTools/2025.2/Vitis/tps/tcl/tcllib2.0/asn/pkgIndex.tcl 
Execute         source C:/AMDDesignTools/2025.2/Vitis/tps/tcl/tcllib2.0/base32/pkgIndex.tcl 
Execute         source C:/AMDDesignTools/2025.2/Vitis/tps/tcl/tcllib2.0/base64/pkgIndex.tcl 
Execute         source C:/AMDDesignTools/2025.2/Vitis/tps/tcl/tcllib2.0/bee/pkgIndex.tcl 
Execute         source C:/AMDDesignTools/2025.2/Vitis/tps/tcl/tcllib2.0/bench/pkgIndex.tcl 
Execute         source C:/AMDDesignTools/2025.2/Vitis/tps/tcl/tcllib2.0/bibtex/pkgIndex.tcl 
Execute         source C:/AMDDesignTools/2025.2/Vitis/tps/tcl/tcllib2.0/cache/pkgIndex.tcl 
Execute         source C:/AMDDesignTools/2025.2/Vitis/tps/tcl/tcllib2.0/clay/pkgIndex.tcl 
Execute         source C:/AMDDesignTools/2025.2/Vitis/tps/tcl/tcllib2.0/clock/pkgIndex.tcl 
Execute         source C:/AMDDesignTools/2025.2/Vitis/tps/tcl/tcllib2.0/cmdline/pkgIndex.tcl 
Execute         source C:/AMDDesignTools/2025.2/Vitis/tps/tcl/tcllib2.0/comm/pkgIndex.tcl 
Execute         source C:/AMDDesignTools/2025.2/Vitis/tps/tcl/tcllib2.0/control/pkgIndex.tcl 
Execute         source C:/AMDDesignTools/2025.2/Vitis/tps/tcl/tcllib2.0/coroutine/pkgIndex.tcl 
Execute         source C:/AMDDesignTools/2025.2/Vitis/tps/tcl/tcllib2.0/counter/pkgIndex.tcl 
Execute         source C:/AMDDesignTools/2025.2/Vitis/tps/tcl/tcllib2.0/crc/pkgIndex.tcl 
Execute         source C:/AMDDesignTools/2025.2/Vitis/tps/tcl/tcllib2.0/cron/pkgIndex.tcl 
Execute         source C:/AMDDesignTools/2025.2/Vitis/tps/tcl/tcllib2.0/csv/pkgIndex.tcl 
Execute         source C:/AMDDesignTools/2025.2/Vitis/tps/tcl/tcllib2.0/debug/pkgIndex.tcl 
Execute         source C:/AMDDesignTools/2025.2/Vitis/tps/tcl/tcllib2.0/defer/pkgIndex.tcl 
Execute         source C:/AMDDesignTools/2025.2/Vitis/tps/tcl/tcllib2.0/dicttool/pkgIndex.tcl 
Execute         source C:/AMDDesignTools/2025.2/Vitis/tps/tcl/tcllib2.0/dns/pkgIndex.tcl 
Execute         source C:/AMDDesignTools/2025.2/Vitis/tps/tcl/tcllib2.0/docstrip/pkgIndex.tcl 
Execute         source C:/AMDDesignTools/2025.2/Vitis/tps/tcl/tcllib2.0/doctools/pkgIndex.tcl 
Execute         source C:/AMDDesignTools/2025.2/Vitis/tps/tcl/tcllib2.0/doctools2base/pkgIndex.tcl 
Execute         source C:/AMDDesignTools/2025.2/Vitis/tps/tcl/tcllib2.0/doctools2idx/pkgIndex.tcl 
Execute         source C:/AMDDesignTools/2025.2/Vitis/tps/tcl/tcllib2.0/doctools2toc/pkgIndex.tcl 
Execute         source C:/AMDDesignTools/2025.2/Vitis/tps/tcl/tcllib2.0/dtplite/pkgIndex.tcl 
Execute         source C:/AMDDesignTools/2025.2/Vitis/tps/tcl/tcllib2.0/fileutil/pkgIndex.tcl 
Execute         source C:/AMDDesignTools/2025.2/Vitis/tps/tcl/tcllib2.0/ftp/pkgIndex.tcl 
Execute         source C:/AMDDesignTools/2025.2/Vitis/tps/tcl/tcllib2.0/ftpd/pkgIndex.tcl 
Execute         source C:/AMDDesignTools/2025.2/Vitis/tps/tcl/tcllib2.0/fumagic/pkgIndex.tcl 
Execute         source C:/AMDDesignTools/2025.2/Vitis/tps/tcl/tcllib2.0/generator/pkgIndex.tcl 
Execute         source C:/AMDDesignTools/2025.2/Vitis/tps/tcl/tcllib2.0/gpx/pkgIndex.tcl 
Execute         source C:/AMDDesignTools/2025.2/Vitis/tps/tcl/tcllib2.0/grammar_aycock/pkgIndex.tcl 
Execute         source C:/AMDDesignTools/2025.2/Vitis/tps/tcl/tcllib2.0/grammar_fa/pkgIndex.tcl 
Execute         source C:/AMDDesignTools/2025.2/Vitis/tps/tcl/tcllib2.0/grammar_me/pkgIndex.tcl 
Execute         source C:/AMDDesignTools/2025.2/Vitis/tps/tcl/tcllib2.0/grammar_peg/pkgIndex.tcl 
Execute         source C:/AMDDesignTools/2025.2/Vitis/tps/tcl/tcllib2.0/hook/pkgIndex.tcl 
Execute         source C:/AMDDesignTools/2025.2/Vitis/tps/tcl/tcllib2.0/html/pkgIndex.tcl 
Execute         source C:/AMDDesignTools/2025.2/Vitis/tps/tcl/tcllib2.0/htmlparse/pkgIndex.tcl 
Execute         source C:/AMDDesignTools/2025.2/Vitis/tps/tcl/tcllib2.0/http/pkgIndex.tcl 
Execute         source C:/AMDDesignTools/2025.2/Vitis/tps/tcl/tcllib2.0/httpd/pkgIndex.tcl 
Execute         source C:/AMDDesignTools/2025.2/Vitis/tps/tcl/tcllib2.0/httpwget/pkgIndex.tcl 
Execute         source C:/AMDDesignTools/2025.2/Vitis/tps/tcl/tcllib2.0/ident/pkgIndex.tcl 
Execute         source C:/AMDDesignTools/2025.2/Vitis/tps/tcl/tcllib2.0/imap4/pkgIndex.tcl 
Execute         source C:/AMDDesignTools/2025.2/Vitis/tps/tcl/tcllib2.0/inifile/pkgIndex.tcl 
Execute         source C:/AMDDesignTools/2025.2/Vitis/tps/tcl/tcllib2.0/interp/pkgIndex.tcl 
Execute         source C:/AMDDesignTools/2025.2/Vitis/tps/tcl/tcllib2.0/irc/pkgIndex.tcl 
Execute         source C:/AMDDesignTools/2025.2/Vitis/tps/tcl/tcllib2.0/javascript/pkgIndex.tcl 
Execute         source C:/AMDDesignTools/2025.2/Vitis/tps/tcl/tcllib2.0/jpeg/pkgIndex.tcl 
Execute         source C:/AMDDesignTools/2025.2/Vitis/tps/tcl/tcllib2.0/json/pkgIndex.tcl 
Execute         source C:/AMDDesignTools/2025.2/Vitis/tps/tcl/tcllib2.0/lambda/pkgIndex.tcl 
Execute         source C:/AMDDesignTools/2025.2/Vitis/tps/tcl/tcllib2.0/lazyset/pkgIndex.tcl 
Execute         source C:/AMDDesignTools/2025.2/Vitis/tps/tcl/tcllib2.0/ldap/pkgIndex.tcl 
Execute         source C:/AMDDesignTools/2025.2/Vitis/tps/tcl/tcllib2.0/log/pkgIndex.tcl 
Execute         source C:/AMDDesignTools/2025.2/Vitis/tps/tcl/tcllib2.0/map/pkgIndex.tcl 
Execute         source C:/AMDDesignTools/2025.2/Vitis/tps/tcl/tcllib2.0/mapproj/pkgIndex.tcl 
Execute         source C:/AMDDesignTools/2025.2/Vitis/tps/tcl/tcllib2.0/markdown/pkgIndex.tcl 
Execute         source C:/AMDDesignTools/2025.2/Vitis/tps/tcl/tcllib2.0/math/pkgIndex.tcl 
Execute         source C:/AMDDesignTools/2025.2/Vitis/tps/tcl/tcllib2.0/md4/pkgIndex.tcl 
Execute         source C:/AMDDesignTools/2025.2/Vitis/tps/tcl/tcllib2.0/md5/pkgIndex.tcl 
Execute         source C:/AMDDesignTools/2025.2/Vitis/tps/tcl/tcllib2.0/md5crypt/pkgIndex.tcl 
Execute         source C:/AMDDesignTools/2025.2/Vitis/tps/tcl/tcllib2.0/mime/pkgIndex.tcl 
Execute         source C:/AMDDesignTools/2025.2/Vitis/tps/tcl/tcllib2.0/mkdoc/pkgIndex.tcl 
Execute         source C:/AMDDesignTools/2025.2/Vitis/tps/tcl/tcllib2.0/multiplexer/pkgIndex.tcl 
Execute         source C:/AMDDesignTools/2025.2/Vitis/tps/tcl/tcllib2.0/namespacex/pkgIndex.tcl 
Execute         source C:/AMDDesignTools/2025.2/Vitis/tps/tcl/tcllib2.0/ncgi/pkgIndex.tcl 
Execute         source C:/AMDDesignTools/2025.2/Vitis/tps/tcl/tcllib2.0/nettool/pkgIndex.tcl 
Execute         source C:/AMDDesignTools/2025.2/Vitis/tps/tcl/tcllib2.0/nmea/pkgIndex.tcl 
Execute         source C:/AMDDesignTools/2025.2/Vitis/tps/tcl/tcllib2.0/nns/pkgIndex.tcl 
Execute         source C:/AMDDesignTools/2025.2/Vitis/tps/tcl/tcllib2.0/nntp/pkgIndex.tcl 
Execute         source C:/AMDDesignTools/2025.2/Vitis/tps/tcl/tcllib2.0/ntp/pkgIndex.tcl 
Execute         source C:/AMDDesignTools/2025.2/Vitis/tps/tcl/tcllib2.0/oauth/pkgIndex.tcl 
Execute         source C:/AMDDesignTools/2025.2/Vitis/tps/tcl/tcllib2.0/oodialect/pkgIndex.tcl 
Execute         source C:/AMDDesignTools/2025.2/Vitis/tps/tcl/tcllib2.0/oometa/pkgIndex.tcl 
Execute         source C:/AMDDesignTools/2025.2/Vitis/tps/tcl/tcllib2.0/ooutil/pkgIndex.tcl 
Execute         source C:/AMDDesignTools/2025.2/Vitis/tps/tcl/tcllib2.0/otp/pkgIndex.tcl 
Execute         source C:/AMDDesignTools/2025.2/Vitis/tps/tcl/tcllib2.0/page/pkgIndex.tcl 
Execute         source C:/AMDDesignTools/2025.2/Vitis/tps/tcl/tcllib2.0/pluginmgr/pkgIndex.tcl 
Execute         source C:/AMDDesignTools/2025.2/Vitis/tps/tcl/tcllib2.0/png/pkgIndex.tcl 
Execute         source C:/AMDDesignTools/2025.2/Vitis/tps/tcl/tcllib2.0/pop3/pkgIndex.tcl 
Execute         source C:/AMDDesignTools/2025.2/Vitis/tps/tcl/tcllib2.0/pop3d/pkgIndex.tcl 
Execute         source C:/AMDDesignTools/2025.2/Vitis/tps/tcl/tcllib2.0/practcl/pkgIndex.tcl 
Execute         source C:/AMDDesignTools/2025.2/Vitis/tps/tcl/tcllib2.0/processman/pkgIndex.tcl 
Execute         source C:/AMDDesignTools/2025.2/Vitis/tps/tcl/tcllib2.0/profiler/pkgIndex.tcl 
Execute         source C:/AMDDesignTools/2025.2/Vitis/tps/tcl/tcllib2.0/pt/pkgIndex.tcl 
Execute         source C:/AMDDesignTools/2025.2/Vitis/tps/tcl/tcllib2.0/rcs/pkgIndex.tcl 
Execute         source C:/AMDDesignTools/2025.2/Vitis/tps/tcl/tcllib2.0/report/pkgIndex.tcl 
Execute         source C:/AMDDesignTools/2025.2/Vitis/tps/tcl/tcllib2.0/rest/pkgIndex.tcl 
Execute         source C:/AMDDesignTools/2025.2/Vitis/tps/tcl/tcllib2.0/ripemd/pkgIndex.tcl 
Execute         source C:/AMDDesignTools/2025.2/Vitis/tps/tcl/tcllib2.0/sasl/pkgIndex.tcl 
Execute         source C:/AMDDesignTools/2025.2/Vitis/tps/tcl/tcllib2.0/sha1/pkgIndex.tcl 
Execute         source C:/AMDDesignTools/2025.2/Vitis/tps/tcl/tcllib2.0/simulation/pkgIndex.tcl 
Execute         source C:/AMDDesignTools/2025.2/Vitis/tps/tcl/tcllib2.0/smtpd/pkgIndex.tcl 
Execute         source C:/AMDDesignTools/2025.2/Vitis/tps/tcl/tcllib2.0/snit/pkgIndex.tcl 
Execute         source C:/AMDDesignTools/2025.2/Vitis/tps/tcl/tcllib2.0/soundex/pkgIndex.tcl 
Execute         source C:/AMDDesignTools/2025.2/Vitis/tps/tcl/tcllib2.0/stooop/pkgIndex.tcl 
Execute         source C:/AMDDesignTools/2025.2/Vitis/tps/tcl/tcllib2.0/string/pkgIndex.tcl 
Execute         source C:/AMDDesignTools/2025.2/Vitis/tps/tcl/tcllib2.0/stringprep/pkgIndex.tcl 
Execute         source C:/AMDDesignTools/2025.2/Vitis/tps/tcl/tcllib2.0/struct/pkgIndex.tcl 
Execute         source C:/AMDDesignTools/2025.2/Vitis/tps/tcl/tcllib2.0/tar/pkgIndex.tcl 
Execute         source C:/AMDDesignTools/2025.2/Vitis/tps/tcl/tcllib2.0/tepam/pkgIndex.tcl 
Execute         source C:/AMDDesignTools/2025.2/Vitis/tps/tcl/tcllib2.0/term/pkgIndex.tcl 
Execute         source C:/AMDDesignTools/2025.2/Vitis/tps/tcl/tcllib2.0/textutil/pkgIndex.tcl 
Execute         source C:/AMDDesignTools/2025.2/Vitis/tps/tcl/tcllib2.0/tie/pkgIndex.tcl 
Execute         source C:/AMDDesignTools/2025.2/Vitis/tps/tcl/tcllib2.0/tiff/pkgIndex.tcl 
Execute         source C:/AMDDesignTools/2025.2/Vitis/tps/tcl/tcllib2.0/tool/pkgIndex.tcl 
Execute         source C:/AMDDesignTools/2025.2/Vitis/tps/tcl/tcllib2.0/transfer/pkgIndex.tcl 
Execute         source C:/AMDDesignTools/2025.2/Vitis/tps/tcl/tcllib2.0/treeql/pkgIndex.tcl 
Execute         source C:/AMDDesignTools/2025.2/Vitis/tps/tcl/tcllib2.0/try/pkgIndex.tcl 
Execute         source C:/AMDDesignTools/2025.2/Vitis/tps/tcl/tcllib2.0/udpcluster/pkgIndex.tcl 
Execute         source C:/AMDDesignTools/2025.2/Vitis/tps/tcl/tcllib2.0/uev/pkgIndex.tcl 
Execute         source C:/AMDDesignTools/2025.2/Vitis/tps/tcl/tcllib2.0/units/pkgIndex.tcl 
Execute         source C:/AMDDesignTools/2025.2/Vitis/tps/tcl/tcllib2.0/uri/pkgIndex.tcl 
Execute         source C:/AMDDesignTools/2025.2/Vitis/tps/tcl/tcllib2.0/uuid/pkgIndex.tcl 
Execute         source C:/AMDDesignTools/2025.2/Vitis/tps/tcl/tcllib2.0/valtype/pkgIndex.tcl 
Execute         source C:/AMDDesignTools/2025.2/Vitis/tps/tcl/tcllib2.0/virtchannel_base/pkgIndex.tcl 
Execute         source C:/AMDDesignTools/2025.2/Vitis/tps/tcl/tcllib2.0/virtchannel_core/pkgIndex.tcl 
Execute         source C:/AMDDesignTools/2025.2/Vitis/tps/tcl/tcllib2.0/virtchannel_transform/pkgIndex.tcl 
Execute         source C:/AMDDesignTools/2025.2/Vitis/tps/tcl/tcllib2.0/websocket/pkgIndex.tcl 
Execute         source C:/AMDDesignTools/2025.2/Vitis/tps/tcl/tcllib2.0/wip/pkgIndex.tcl 
Execute         source C:/AMDDesignTools/2025.2/Vitis/tps/tcl/tcllib2.0/yaml/pkgIndex.tcl 
Execute         source C:/AMDDesignTools/2025.2/Vitis/tps/tcl/tcllib2.0/zip/pkgIndex.tcl 
Execute         source C:/AMDDesignTools/2025.2/Vitis/tps/tcl/tcllib2.0/pkgIndex.tcl 
Execute           source C:/AMDDesignTools/2025.2/Vitis/tps/tcl/tcllib2.0/0compatibility/pkgIndex.tcl 
Execute           source C:/AMDDesignTools/2025.2/Vitis/tps/tcl/tcllib2.0/amazon-s3/pkgIndex.tcl 
Execute           source C:/AMDDesignTools/2025.2/Vitis/tps/tcl/tcllib2.0/asn/pkgIndex.tcl 
Execute           source C:/AMDDesignTools/2025.2/Vitis/tps/tcl/tcllib2.0/base32/pkgIndex.tcl 
Execute           source C:/AMDDesignTools/2025.2/Vitis/tps/tcl/tcllib2.0/base64/pkgIndex.tcl 
Execute           source C:/AMDDesignTools/2025.2/Vitis/tps/tcl/tcllib2.0/bee/pkgIndex.tcl 
Execute           source C:/AMDDesignTools/2025.2/Vitis/tps/tcl/tcllib2.0/bench/pkgIndex.tcl 
Execute           source C:/AMDDesignTools/2025.2/Vitis/tps/tcl/tcllib2.0/bibtex/pkgIndex.tcl 
Execute           source C:/AMDDesignTools/2025.2/Vitis/tps/tcl/tcllib2.0/cache/pkgIndex.tcl 
Execute           source C:/AMDDesignTools/2025.2/Vitis/tps/tcl/tcllib2.0/clay/pkgIndex.tcl 
Execute           source C:/AMDDesignTools/2025.2/Vitis/tps/tcl/tcllib2.0/clock/pkgIndex.tcl 
Execute           source C:/AMDDesignTools/2025.2/Vitis/tps/tcl/tcllib2.0/cmdline/pkgIndex.tcl 
Execute           source C:/AMDDesignTools/2025.2/Vitis/tps/tcl/tcllib2.0/comm/pkgIndex.tcl 
Execute           source C:/AMDDesignTools/2025.2/Vitis/tps/tcl/tcllib2.0/control/pkgIndex.tcl 
Execute           source C:/AMDDesignTools/2025.2/Vitis/tps/tcl/tcllib2.0/coroutine/pkgIndex.tcl 
Execute           source C:/AMDDesignTools/2025.2/Vitis/tps/tcl/tcllib2.0/counter/pkgIndex.tcl 
Execute           source C:/AMDDesignTools/2025.2/Vitis/tps/tcl/tcllib2.0/crc/pkgIndex.tcl 
Execute           source C:/AMDDesignTools/2025.2/Vitis/tps/tcl/tcllib2.0/cron/pkgIndex.tcl 
Execute           source C:/AMDDesignTools/2025.2/Vitis/tps/tcl/tcllib2.0/csv/pkgIndex.tcl 
Execute           source C:/AMDDesignTools/2025.2/Vitis/tps/tcl/tcllib2.0/debug/pkgIndex.tcl 
Execute           source C:/AMDDesignTools/2025.2/Vitis/tps/tcl/tcllib2.0/defer/pkgIndex.tcl 
Execute           source C:/AMDDesignTools/2025.2/Vitis/tps/tcl/tcllib2.0/dicttool/pkgIndex.tcl 
Execute           source C:/AMDDesignTools/2025.2/Vitis/tps/tcl/tcllib2.0/dns/pkgIndex.tcl 
Execute           source C:/AMDDesignTools/2025.2/Vitis/tps/tcl/tcllib2.0/docstrip/pkgIndex.tcl 
Execute           source C:/AMDDesignTools/2025.2/Vitis/tps/tcl/tcllib2.0/doctools/pkgIndex.tcl 
Execute           source C:/AMDDesignTools/2025.2/Vitis/tps/tcl/tcllib2.0/doctools2base/pkgIndex.tcl 
Execute           source C:/AMDDesignTools/2025.2/Vitis/tps/tcl/tcllib2.0/doctools2idx/pkgIndex.tcl 
Execute           source C:/AMDDesignTools/2025.2/Vitis/tps/tcl/tcllib2.0/doctools2toc/pkgIndex.tcl 
Execute           source C:/AMDDesignTools/2025.2/Vitis/tps/tcl/tcllib2.0/dtplite/pkgIndex.tcl 
Execute           source C:/AMDDesignTools/2025.2/Vitis/tps/tcl/tcllib2.0/fileutil/pkgIndex.tcl 
Execute           source C:/AMDDesignTools/2025.2/Vitis/tps/tcl/tcllib2.0/ftp/pkgIndex.tcl 
Execute           source C:/AMDDesignTools/2025.2/Vitis/tps/tcl/tcllib2.0/ftpd/pkgIndex.tcl 
Execute           source C:/AMDDesignTools/2025.2/Vitis/tps/tcl/tcllib2.0/fumagic/pkgIndex.tcl 
Execute           source C:/AMDDesignTools/2025.2/Vitis/tps/tcl/tcllib2.0/generator/pkgIndex.tcl 
Execute           source C:/AMDDesignTools/2025.2/Vitis/tps/tcl/tcllib2.0/gpx/pkgIndex.tcl 
Execute           source C:/AMDDesignTools/2025.2/Vitis/tps/tcl/tcllib2.0/grammar_aycock/pkgIndex.tcl 
Execute           source C:/AMDDesignTools/2025.2/Vitis/tps/tcl/tcllib2.0/grammar_fa/pkgIndex.tcl 
Execute           source C:/AMDDesignTools/2025.2/Vitis/tps/tcl/tcllib2.0/grammar_me/pkgIndex.tcl 
Execute           source C:/AMDDesignTools/2025.2/Vitis/tps/tcl/tcllib2.0/grammar_peg/pkgIndex.tcl 
Execute           source C:/AMDDesignTools/2025.2/Vitis/tps/tcl/tcllib2.0/hook/pkgIndex.tcl 
Execute           source C:/AMDDesignTools/2025.2/Vitis/tps/tcl/tcllib2.0/html/pkgIndex.tcl 
Execute           source C:/AMDDesignTools/2025.2/Vitis/tps/tcl/tcllib2.0/htmlparse/pkgIndex.tcl 
Execute           source C:/AMDDesignTools/2025.2/Vitis/tps/tcl/tcllib2.0/http/pkgIndex.tcl 
Execute           source C:/AMDDesignTools/2025.2/Vitis/tps/tcl/tcllib2.0/httpd/pkgIndex.tcl 
Execute           source C:/AMDDesignTools/2025.2/Vitis/tps/tcl/tcllib2.0/httpwget/pkgIndex.tcl 
Execute           source C:/AMDDesignTools/2025.2/Vitis/tps/tcl/tcllib2.0/ident/pkgIndex.tcl 
Execute           source C:/AMDDesignTools/2025.2/Vitis/tps/tcl/tcllib2.0/imap4/pkgIndex.tcl 
Execute           source C:/AMDDesignTools/2025.2/Vitis/tps/tcl/tcllib2.0/inifile/pkgIndex.tcl 
Execute           source C:/AMDDesignTools/2025.2/Vitis/tps/tcl/tcllib2.0/interp/pkgIndex.tcl 
Execute           source C:/AMDDesignTools/2025.2/Vitis/tps/tcl/tcllib2.0/irc/pkgIndex.tcl 
Execute           source C:/AMDDesignTools/2025.2/Vitis/tps/tcl/tcllib2.0/javascript/pkgIndex.tcl 
Execute           source C:/AMDDesignTools/2025.2/Vitis/tps/tcl/tcllib2.0/jpeg/pkgIndex.tcl 
Execute           source C:/AMDDesignTools/2025.2/Vitis/tps/tcl/tcllib2.0/json/pkgIndex.tcl 
Execute           source C:/AMDDesignTools/2025.2/Vitis/tps/tcl/tcllib2.0/lambda/pkgIndex.tcl 
Execute           source C:/AMDDesignTools/2025.2/Vitis/tps/tcl/tcllib2.0/lazyset/pkgIndex.tcl 
Execute           source C:/AMDDesignTools/2025.2/Vitis/tps/tcl/tcllib2.0/ldap/pkgIndex.tcl 
Execute           source C:/AMDDesignTools/2025.2/Vitis/tps/tcl/tcllib2.0/log/pkgIndex.tcl 
Execute           source C:/AMDDesignTools/2025.2/Vitis/tps/tcl/tcllib2.0/map/pkgIndex.tcl 
Execute           source C:/AMDDesignTools/2025.2/Vitis/tps/tcl/tcllib2.0/mapproj/pkgIndex.tcl 
Execute           source C:/AMDDesignTools/2025.2/Vitis/tps/tcl/tcllib2.0/markdown/pkgIndex.tcl 
Execute           source C:/AMDDesignTools/2025.2/Vitis/tps/tcl/tcllib2.0/math/pkgIndex.tcl 
Execute           source C:/AMDDesignTools/2025.2/Vitis/tps/tcl/tcllib2.0/md4/pkgIndex.tcl 
Execute           source C:/AMDDesignTools/2025.2/Vitis/tps/tcl/tcllib2.0/md5/pkgIndex.tcl 
Execute           source C:/AMDDesignTools/2025.2/Vitis/tps/tcl/tcllib2.0/md5crypt/pkgIndex.tcl 
Execute           source C:/AMDDesignTools/2025.2/Vitis/tps/tcl/tcllib2.0/mime/pkgIndex.tcl 
Execute           source C:/AMDDesignTools/2025.2/Vitis/tps/tcl/tcllib2.0/mkdoc/pkgIndex.tcl 
Execute           source C:/AMDDesignTools/2025.2/Vitis/tps/tcl/tcllib2.0/multiplexer/pkgIndex.tcl 
Execute           source C:/AMDDesignTools/2025.2/Vitis/tps/tcl/tcllib2.0/namespacex/pkgIndex.tcl 
Execute           source C:/AMDDesignTools/2025.2/Vitis/tps/tcl/tcllib2.0/ncgi/pkgIndex.tcl 
Execute           source C:/AMDDesignTools/2025.2/Vitis/tps/tcl/tcllib2.0/nettool/pkgIndex.tcl 
Execute           source C:/AMDDesignTools/2025.2/Vitis/tps/tcl/tcllib2.0/nmea/pkgIndex.tcl 
Execute           source C:/AMDDesignTools/2025.2/Vitis/tps/tcl/tcllib2.0/nns/pkgIndex.tcl 
Execute           source C:/AMDDesignTools/2025.2/Vitis/tps/tcl/tcllib2.0/nntp/pkgIndex.tcl 
Execute           source C:/AMDDesignTools/2025.2/Vitis/tps/tcl/tcllib2.0/ntp/pkgIndex.tcl 
Execute           source C:/AMDDesignTools/2025.2/Vitis/tps/tcl/tcllib2.0/oauth/pkgIndex.tcl 
Execute           source C:/AMDDesignTools/2025.2/Vitis/tps/tcl/tcllib2.0/oodialect/pkgIndex.tcl 
Execute           source C:/AMDDesignTools/2025.2/Vitis/tps/tcl/tcllib2.0/oometa/pkgIndex.tcl 
Execute           source C:/AMDDesignTools/2025.2/Vitis/tps/tcl/tcllib2.0/ooutil/pkgIndex.tcl 
Execute           source C:/AMDDesignTools/2025.2/Vitis/tps/tcl/tcllib2.0/otp/pkgIndex.tcl 
Execute           source C:/AMDDesignTools/2025.2/Vitis/tps/tcl/tcllib2.0/page/pkgIndex.tcl 
Execute           source C:/AMDDesignTools/2025.2/Vitis/tps/tcl/tcllib2.0/pluginmgr/pkgIndex.tcl 
Execute           source C:/AMDDesignTools/2025.2/Vitis/tps/tcl/tcllib2.0/png/pkgIndex.tcl 
Execute           source C:/AMDDesignTools/2025.2/Vitis/tps/tcl/tcllib2.0/pop3/pkgIndex.tcl 
Execute           source C:/AMDDesignTools/2025.2/Vitis/tps/tcl/tcllib2.0/pop3d/pkgIndex.tcl 
Execute           source C:/AMDDesignTools/2025.2/Vitis/tps/tcl/tcllib2.0/practcl/pkgIndex.tcl 
Execute           source C:/AMDDesignTools/2025.2/Vitis/tps/tcl/tcllib2.0/processman/pkgIndex.tcl 
Execute           source C:/AMDDesignTools/2025.2/Vitis/tps/tcl/tcllib2.0/profiler/pkgIndex.tcl 
Execute           source C:/AMDDesignTools/2025.2/Vitis/tps/tcl/tcllib2.0/pt/pkgIndex.tcl 
Execute           source C:/AMDDesignTools/2025.2/Vitis/tps/tcl/tcllib2.0/rcs/pkgIndex.tcl 
Execute           source C:/AMDDesignTools/2025.2/Vitis/tps/tcl/tcllib2.0/report/pkgIndex.tcl 
Execute           source C:/AMDDesignTools/2025.2/Vitis/tps/tcl/tcllib2.0/rest/pkgIndex.tcl 
Execute           source C:/AMDDesignTools/2025.2/Vitis/tps/tcl/tcllib2.0/ripemd/pkgIndex.tcl 
Execute           source C:/AMDDesignTools/2025.2/Vitis/tps/tcl/tcllib2.0/sasl/pkgIndex.tcl 
Execute           source C:/AMDDesignTools/2025.2/Vitis/tps/tcl/tcllib2.0/sha1/pkgIndex.tcl 
Execute           source C:/AMDDesignTools/2025.2/Vitis/tps/tcl/tcllib2.0/simulation/pkgIndex.tcl 
Execute           source C:/AMDDesignTools/2025.2/Vitis/tps/tcl/tcllib2.0/smtpd/pkgIndex.tcl 
Execute           source C:/AMDDesignTools/2025.2/Vitis/tps/tcl/tcllib2.0/snit/pkgIndex.tcl 
Execute           source C:/AMDDesignTools/2025.2/Vitis/tps/tcl/tcllib2.0/soundex/pkgIndex.tcl 
Execute           source C:/AMDDesignTools/2025.2/Vitis/tps/tcl/tcllib2.0/stooop/pkgIndex.tcl 
Execute           source C:/AMDDesignTools/2025.2/Vitis/tps/tcl/tcllib2.0/string/pkgIndex.tcl 
Execute           source C:/AMDDesignTools/2025.2/Vitis/tps/tcl/tcllib2.0/stringprep/pkgIndex.tcl 
Execute           source C:/AMDDesignTools/2025.2/Vitis/tps/tcl/tcllib2.0/struct/pkgIndex.tcl 
Execute           source C:/AMDDesignTools/2025.2/Vitis/tps/tcl/tcllib2.0/tar/pkgIndex.tcl 
Execute           source C:/AMDDesignTools/2025.2/Vitis/tps/tcl/tcllib2.0/tepam/pkgIndex.tcl 
Execute           source C:/AMDDesignTools/2025.2/Vitis/tps/tcl/tcllib2.0/term/pkgIndex.tcl 
Execute           source C:/AMDDesignTools/2025.2/Vitis/tps/tcl/tcllib2.0/textutil/pkgIndex.tcl 
Execute           source C:/AMDDesignTools/2025.2/Vitis/tps/tcl/tcllib2.0/tie/pkgIndex.tcl 
Execute           source C:/AMDDesignTools/2025.2/Vitis/tps/tcl/tcllib2.0/tiff/pkgIndex.tcl 
Execute           source C:/AMDDesignTools/2025.2/Vitis/tps/tcl/tcllib2.0/tool/pkgIndex.tcl 
Execute           source C:/AMDDesignTools/2025.2/Vitis/tps/tcl/tcllib2.0/transfer/pkgIndex.tcl 
Execute           source C:/AMDDesignTools/2025.2/Vitis/tps/tcl/tcllib2.0/treeql/pkgIndex.tcl 
Execute           source C:/AMDDesignTools/2025.2/Vitis/tps/tcl/tcllib2.0/try/pkgIndex.tcl 
Execute           source C:/AMDDesignTools/2025.2/Vitis/tps/tcl/tcllib2.0/udpcluster/pkgIndex.tcl 
Execute           source C:/AMDDesignTools/2025.2/Vitis/tps/tcl/tcllib2.0/uev/pkgIndex.tcl 
Execute           source C:/AMDDesignTools/2025.2/Vitis/tps/tcl/tcllib2.0/units/pkgIndex.tcl 
Execute           source C:/AMDDesignTools/2025.2/Vitis/tps/tcl/tcllib2.0/uri/pkgIndex.tcl 
Execute           source C:/AMDDesignTools/2025.2/Vitis/tps/tcl/tcllib2.0/uuid/pkgIndex.tcl 
Execute           source C:/AMDDesignTools/2025.2/Vitis/tps/tcl/tcllib2.0/valtype/pkgIndex.tcl 
Execute           source C:/AMDDesignTools/2025.2/Vitis/tps/tcl/tcllib2.0/virtchannel_base/pkgIndex.tcl 
Execute           source C:/AMDDesignTools/2025.2/Vitis/tps/tcl/tcllib2.0/virtchannel_core/pkgIndex.tcl 
Execute           source C:/AMDDesignTools/2025.2/Vitis/tps/tcl/tcllib2.0/virtchannel_transform/pkgIndex.tcl 
Execute           source C:/AMDDesignTools/2025.2/Vitis/tps/tcl/tcllib2.0/websocket/pkgIndex.tcl 
Execute           source C:/AMDDesignTools/2025.2/Vitis/tps/tcl/tcllib2.0/wip/pkgIndex.tcl 
Execute           source C:/AMDDesignTools/2025.2/Vitis/tps/tcl/tcllib2.0/yaml/pkgIndex.tcl 
Execute           source C:/AMDDesignTools/2025.2/Vitis/tps/tcl/tcllib2.0/zip/pkgIndex.tcl 
Execute         source C:/AMDDesignTools/2025.2/Vitis/tps/tcl/tdom/pkgIndex.tcl 
Execute         source C:/AMDDesignTools/2025.2/Vitis/tps/tcl/tcl8.6/opt0.4/pkgIndex.tcl 
Execute         source C:/AMDDesignTools/2025.2/Vitis/tps/tcl/tcl8.6/pkgs/win/thread2.8.7/pkgIndex.tcl 
Command       ap_source done; 0.367 sec.
INFO-FLOW: Workspace C:/Users/aniko/OneDrive/Desktop/ECE554/capstone/snake_hls/snake_hls/snake_top/hls opened at Sat Mar 21 02:23:48 -0500 2026
Execute       send_msg_by_id INFO @200-1505@%s%s default  vivado 
INFO: [HLS 200-1505] Using default flow_target 'vivado'
Execute       send_msg_by_id INFO @200-2174@%s%s component hls_config.cfg 
INFO: [HLS 200-2174] Applying component config ini file hls_config.cfg
Execute       apply_ini hls_config.cfg 
Execute         send_msg_by_id INFO @200-1465@%s 'syn.file=../snake.cpp' from hls_config.cfg(8) 
INFO: [HLS 200-1465] Applying config ini 'syn.file=../snake.cpp' from hls_config.cfg(8)
Execute         add_files C:/Users/aniko/OneDrive/Desktop/ECE554/capstone/snake_hls/snake.cpp 
INFO: [HLS 200-10] Adding design file 'C:/Users/aniko/OneDrive/Desktop/ECE554/capstone/snake_hls/snake.cpp' to the project
Execute         send_msg_by_id INFO @200-1465@%s 'tb.file=../snake_tb.cpp' from hls_config.cfg(9) 
INFO: [HLS 200-1465] Applying config ini 'tb.file=../snake_tb.cpp' from hls_config.cfg(9)
Execute         add_files -tb C:/Users/aniko/OneDrive/Desktop/ECE554/capstone/snake_hls/snake_tb.cpp 
INFO: [HLS 200-10] Adding test bench file 'C:/Users/aniko/OneDrive/Desktop/ECE554/capstone/snake_hls/snake_tb.cpp' to the project
Execute         send_msg_by_id INFO @200-1465@%s 'syn.top=snake_top' from hls_config.cfg(7) 
INFO: [HLS 200-1465] Applying config ini 'syn.top=snake_top' from hls_config.cfg(7)
Execute         set_top snake_top 
Execute         send_msg_by_id INFO @200-1465@%s 'flow_target=vivado' from hls_config.cfg(4) 
INFO: [HLS 200-1465] Applying config ini 'flow_target=vivado' from hls_config.cfg(4)
Execute         send_msg_by_id INFO @200-1505@%s%s  vivado 
INFO: [HLS 200-1505] Using flow_target 'vivado'
Execute         send_msg_by_id INFO @200-1465@%s 'part=xc7z010clg225-1' from hls_config.cfg(1) 
INFO: [HLS 200-1465] Applying config ini 'part=xc7z010clg225-1' from hls_config.cfg(1)
Execute         set_part xc7z010clg225-1 
Execute           create_platform xc7z010clg225-1 -board  
DBG:HLSDevice: Trying to load device library: C:/AMDDesignTools/2025.2/Vitis\lib\win64.o\xv_hlsvwrap.dll
DBG:HLSDevice: first parts/arch.xml in RDI_DATADIR: C:/AMDDesignTools/2025.2/Vivado/data/parts/arch.xml
DBG:HLSDevice: init success
INFO: [HLS 200-1611] Setting target device to 'xc7z010-clg225-1'
Command           create_platform done; 0.807 sec.
Execute           source C:/AMDDesignTools/2025.2/Vitis/common/technology/xilinx/common/xilinx.gen 
Execute             source C:/AMDDesignTools/2025.2/Vitis/common/technology/xilinx/interface/plb46.gen 
Execute             source C:/AMDDesignTools/2025.2/Vitis/common/technology/xilinx/interface/axi4.gen 
Execute             source C:/AMDDesignTools/2025.2/Vitis/common/technology/xilinx/interface/nativeAXI4.gen 
Execute               source C:/AMDDesignTools/2025.2/Vitis/common/technology/xilinx/interface/saxilite.gen 
Execute             source C:/AMDDesignTools/2025.2/Vitis/common/technology/xilinx/scripts/xilinxcoregen.gen 
Execute             source C:/AMDDesignTools/2025.2/Vitis/common/technology/xilinx/interface/XilEDKCoreGen.gen 
Execute             source C:/AMDDesignTools/2025.2/Vitis/common/technology/xilinx/ip/dds_compiler.gen 
Execute             source C:/AMDDesignTools/2025.2/Vitis/common/technology/xilinx/ip/util.gen 
Execute             source C:/AMDDesignTools/2025.2/Vitis/common/technology/xilinx/ip/xfft.gen 
Execute             source C:/AMDDesignTools/2025.2/Vitis/common/technology/xilinx/ip/xfir.gen 
Execute             source C:/AMDDesignTools/2025.2/Vitis/common/technology/xilinx/DSP48/dsp48.gen 
Execute           ap_part_info -name xc7z010-clg225-1 -data info 
Execute           config_compile -quiet -complex-mul-dsp=0 
Command         set_part done; 0.899 sec.
Execute         send_msg_by_id INFO @200-1465@%s 'clock=25ns' from hls_config.cfg(10) 
INFO: [HLS 200-1465] Applying config ini 'clock=25ns' from hls_config.cfg(10)
Execute         create_clock -period 25ns 
Execute           ap_set_clock -name default -period 25 -unit ns -default=false 
INFO: [SYN 201-201] Setting up clock 'default' with a period of 25ns.
Execute         send_msg_by_id INFO @200-1465@%s 'package.output.format=ip_catalog' from hls_config.cfg(5) 
INFO: [HLS 200-1465] Applying config ini 'package.output.format=ip_catalog' from hls_config.cfg(5)
Execute         config_export -format=ip_catalog 
Command       apply_ini done; 0.94 sec.
Execute       write_component -config C:/Users/aniko/OneDrive/Desktop/ECE554/capstone/snake_hls/snake_hls/hls_config.cfg 
Execute         send_msg_by_id INFO @200-2176@%s C:/Users/aniko/OneDrive/Desktop/ECE554/capstone/snake_hls/snake_hls/snake_top/vitis-comp.json 
INFO: [HLS 200-2176] Writing Vitis IDE component file C:/Users/aniko/OneDrive/Desktop/ECE554/capstone/snake_hls/snake_hls/snake_top/vitis-comp.json
Command     open_solution done; 1.356 sec.
Command   open_component done; 1.361 sec.
Execute   apply_ini C:/Users/aniko/OneDrive/Desktop/ECE554/capstone/snake_hls/snake_hls/snake_top/hls/config.cmdline -iscmdline 
Execute   ::AP::init_summary_file csynth 
Execute     AP::app_get_file_relativeroot [AP::app_get_root] {}
Execute   csynth_design 
Execute     AP::msg_collection_file -open C:/Users/aniko/OneDrive/Desktop/ECE554/capstone/snake_hls/snake_hls/snake_top/hls/.autopilot/db/be_messages.xml 
Execute     ap_part_info -name xc7z010-clg225-1 -data info 
INFO-FLOW: run_clang snake.cpp.xilinx-performance-pragma-detector exec: C:/AMDDesignTools/2025.2/Vitis/win64/tools/clang-16/bin/xilinx-performance-pragma-detector ../snake.cpp -- -fhls -D__VITIS_HLS__ -DAESL_SYN -D__SYNTHESIS__ -D__HLS_SYN__ -I C:/AMDDesignTools/2025.2/Vitis/common/technology/autopilot -I C:/AMDDesignTools/2025.2/Vitis/common/technology/autopilot/ap_sysc -include etc/autopilot_ssdm_op.h -D__DSP48E1__ -target fpga64-xilinx-mingw32 --sysroot C:/AMDDesignTools/2025.2/Vitis/tps/mingw/8.3.0/win64.o/nt {-hls-platform-db-name=C:/AMDDesignTools/2025.2/Vitis\common/technology\xilinx/common/platform.db} -hls-platform-name=zynq_slow -device-resource-info=BRAM_120.000000_DSP_80.000000_FF_35200.000000_LUT_17600.000000_SLICE_4400.000000_URAM_0.000000 -device-name-info=xc7z010clg225-1 > C:/Users/aniko/OneDrive/Desktop/ECE554/capstone/snake_hls/snake_hls/snake_top/hls/.autopilot/db/snake.cpp.xilinx-performance-pragma-detector.out.log 2> C:/Users/aniko/OneDrive/Desktop/ECE554/capstone/snake_hls/snake_hls/snake_top/hls/.autopilot/db/snake.cpp.xilinx-performance-pragma-detector.err.log
INFO-FLOW: run_clang result=success num-err-msgs=0 num-stderr-lines=1
Execute     elaborate -effort=medium -skip_syncheck=0 -keep_printf=0 -skip_cdt=0 -skip_transform=0 -ng=0 -g=0 -from_csynth_design=1 
INFO: [HLS 200-111] Finished File checks and directory preparation: CPU user time: 1 seconds. CPU system time: 1 seconds. Elapsed time: 3.443 seconds; current allocated memory: 157.047 MB.
Execute       send_msg_by_id INFO @200-2191@%s%s C-Synthesis clang-16 
INFO: [HLS 200-2191] C-Synthesis will use clang-16 as the compiler
Execute       set_directive_top snake_top -name=snake_top 
INFO: [HLS 200-10] Analyzing design file '../snake.cpp' ... 
INFO-FLOW: Compiling one TU...
INFO-FLOW: Handling ../snake.cpp as C++
Execute       ap_part_info -name xc7z010-clg225-1 -data info 
INFO-FLOW: Running: GCC PP 39
INFO-FLOW: Source preprocessing
INFO-FLOW: run_clang snake.cpp.clang exec: C:/AMDDesignTools/2025.2/Vitis/win64/tools/clang-16/bin/clang ../snake.cpp -foptimization-record-file=C:/Users/aniko/OneDrive/Desktop/ECE554/capstone/snake_hls/snake_hls/snake_top/hls/.autopilot/db/snake.cpp.clang.diag.yml -mllvm -pass-remarks-missed=reflow|pasta|unroll|inline -mllvm -pass-remarks=reflow|pasta|unroll|inline -fno-limit-debug-info --sysroot C:/AMDDesignTools/2025.2/Vitis/tps/mingw/8.3.0/win64.o/nt -fhls -fno-exceptions -insert-hls-directive=C:/Users/aniko/OneDrive/Desktop/ECE554/capstone/snake_hls/snake_hls/snake_top/hls/.autopilot/db/all.directive.json -hls-directive-location -E -fno-math-errno -c -emit-llvm -mllvm -disable-llvm-optzns -Xclang -no-opaque-pointers -Xclang -fmerge-all-constants -Werror=implicit-hls-streams -Werror=return-type -Wpragmas -Wunused-parameter -Wdump-hls-pragmas -Wno-error=dump-hls-pragmas -hls-clock-period=25 -fno-threadsafe-statics -fno-use-cxa-atexit -target fpga64-xilinx-mingw32 -fno-threadsafe-statics -fno-use-cxa-atexit -D__VITIS_HLS__ -DAESL_SYN -D__SYNTHESIS__ -D__HLS_SYN__ -I C:/AMDDesignTools/2025.2/Vitis/common/technology/autopilot -I C:/AMDDesignTools/2025.2/Vitis/common/technology/autopilot/ap_sysc -include etc/autopilot_ssdm_op.h -D__DSP48E1__ -o C:/Users/aniko/OneDrive/Desktop/ECE554/capstone/snake_hls/snake_hls/snake_top/hls/.autopilot/db/snake.pp.0.cpp {-hls-platform-db-name=C:/AMDDesignTools/2025.2/Vitis\common/technology\xilinx/common/platform.db} -hls-platform-name=zynq_slow -device-resource-info=BRAM_120.000000_DSP_80.000000_FF_35200.000000_LUT_17600.000000_SLICE_4400.000000_URAM_0.000000 -device-name-info=xc7z010clg225-1 > C:/Users/aniko/OneDrive/Desktop/ECE554/capstone/snake_hls/snake_hls/snake_top/hls/.autopilot/db/snake.cpp.clang.out.log 2> C:/Users/aniko/OneDrive/Desktop/ECE554/capstone/snake_hls/snake_hls/snake_top/hls/.autopilot/db/snake.cpp.clang.err.log
INFO-FLOW: run_clang result=success num-err-msgs=0 num-stderr-lines=0
INFO-FLOW: Done: GCC PP 39 time: 0.4 seconds 
INFO-FLOW: Source syntax check for synthesis
INFO-FLOW: run_clang clang exec: C:/AMDDesignTools/2025.2/Vitis/win64/tools/clang-16/bin/clang -foptimization-record-file=C:/Users/aniko/OneDrive/Desktop/ECE554/capstone/snake_hls/snake_hls/snake_top/hls/.autopilot/db/clang.diag.yml -mllvm -pass-remarks-missed=reflow|pasta|unroll|inline -mllvm -pass-remarks=reflow|pasta|unroll|inline -fsyntax-only -fhls -target fpga64-xilinx-linux-gnu C:/Users/aniko/OneDrive/Desktop/ECE554/capstone/snake_hls/snake_hls/snake_top/hls/.autopilot/db/snake.pp.0.cpp {-hls-platform-db-name=C:/AMDDesignTools/2025.2/Vitis\common/technology\xilinx/common/platform.db} -hls-platform-name=zynq_slow -device-resource-info=BRAM_120.000000_DSP_80.000000_FF_35200.000000_LUT_17600.000000_SLICE_4400.000000_URAM_0.000000 -device-name-info=xc7z010clg225-1 > C:/Users/aniko/OneDrive/Desktop/ECE554/capstone/snake_hls/snake_hls/snake_top/hls/.autopilot/db/clang.out.log 2> C:/Users/aniko/OneDrive/Desktop/ECE554/capstone/snake_hls/snake_hls/snake_top/hls/.autopilot/db/clang.err.log
INFO-FLOW: run_clang result=success num-err-msgs=0 num-stderr-lines=0
Execute       clang_tidy xilinx-systemc-detector -desc systemc-detector C:/Users/aniko/OneDrive/Desktop/ECE554/capstone/snake_hls/snake_hls/snake_top/hls/.autopilot/db/snake.pp.0.cpp  -target fpga -directive=C:/Users/aniko/OneDrive/Desktop/ECE554/capstone/snake_hls/snake_hls/snake_top/hls/.autopilot/db/.systemc_flag 
INFO-FLOW: exec C:/AMDDesignTools/2025.2/Vitis/win64/tools/clang-16/bin/clang-tidy -header-filter=.* --checks=-*,xilinx-systemc-detector -import-directive=C:/Users/aniko/OneDrive/Desktop/ECE554/capstone/snake_hls/snake_hls/snake_top/hls/.autopilot/db/.systemc_flag -fix-errors C:/Users/aniko/OneDrive/Desktop/ECE554/capstone/snake_hls/snake_hls/snake_top/hls/.autopilot/db/snake.pp.0.cpp -- - -target fpga -fhls -ferror-limit=0
Command       clang_tidy done; 1.325 sec.
INFO-FLOW: Running: clang-tidy CDT preprocess 39
Execute       clang_tidy xilinx-directive2pragma -desc directive2pragma C:/Users/aniko/OneDrive/Desktop/ECE554/capstone/snake_hls/snake_hls/snake_top/hls/.autopilot/db/snake.pp.0.cpp  -target fpga -directive=C:/Users/aniko/OneDrive/Desktop/ECE554/capstone/snake_hls/snake_hls/snake_top/hls/.autopilot/db/all.directive.json 
INFO-FLOW: exec C:/AMDDesignTools/2025.2/Vitis/win64/tools/clang-16/bin/clang-tidy -header-filter=.* --checks=-*,xilinx-directive2pragma -import-directive=C:/Users/aniko/OneDrive/Desktop/ECE554/capstone/snake_hls/snake_hls/snake_top/hls/.autopilot/db/all.directive.json -fix-errors C:/Users/aniko/OneDrive/Desktop/ECE554/capstone/snake_hls/snake_hls/snake_top/hls/.autopilot/db/snake.pp.0.cpp -- - -target fpga -fhls -ferror-limit=0
Command       clang_tidy done; 1.376 sec.
INFO-FLOW: Done: clang-tidy CDT preprocess 39 time: 1.4 seconds 
INFO-FLOW: Calling xilinx-label-all-loops ... 
INFO-FLOW: Calling xilinx-aggregate-on-hls-vector ... 
Execute       clang_tidy -errorcheck -desc loop-label xilinx-label-all-loops,xilinx-aggregate-on-hls-vector,,xilinx-warn-mayneed-no-ctor-attribute C:/Users/aniko/OneDrive/Desktop/ECE554/capstone/snake_hls/snake_hls/snake_top/hls/.autopilot/db/snake.pp.0.cpp  -target fpga 
INFO-FLOW: run_clang loop-label exec: C:/AMDDesignTools/2025.2/Vitis/win64/tools/clang-16/bin/clang-tidy -export-fixes=C:/Users/aniko/OneDrive/Desktop/ECE554/capstone/snake_hls/snake_hls/snake_top/hls/.autopilot/db/snake.pp.0.cpp.clang-tidy.loop-label.diag.yml -header-filter=.* --checks=-*,xilinx-label-all-loops,xilinx-aggregate-on-hls-vector,,xilinx-warn-mayneed-no-ctor-attribute -fix-errors C:/Users/aniko/OneDrive/Desktop/ECE554/capstone/snake_hls/snake_hls/snake_top/hls/.autopilot/db/snake.pp.0.cpp -- - -target fpga -fhls -ferror-limit=0 > C:/Users/aniko/OneDrive/Desktop/ECE554/capstone/snake_hls/snake_hls/snake_top/hls/.autopilot/db/snake.pp.0.cpp.clang-tidy.loop-label.out.log 2> C:/Users/aniko/OneDrive/Desktop/ECE554/capstone/snake_hls/snake_hls/snake_top/hls/.autopilot/db/snake.pp.0.cpp.clang-tidy.loop-label.err.log
Execute         source C:/AMDDesignTools/2025.2/Vitis/tps/tcl/tcllib2.0/yaml/yaml.tcl 
Execute           source C:/AMDDesignTools/2025.2/Vitis/tps/tcl/tcllib2.0/cmdline/cmdline.tcl 
INFO-FLOW: run_clang result=success num-err-msgs=0 num-stderr-lines=53
Command       clang_tidy done; 1.806 sec.
INFO-FLOW: run_clang snake.pp.0.cpp.xilinx-dataflow-lawyer exec: C:/AMDDesignTools/2025.2/Vitis/win64/tools/clang-16/bin/xilinx-dataflow-lawyer -export-fixes=C:/Users/aniko/OneDrive/Desktop/ECE554/capstone/snake_hls/snake_hls/snake_top/hls/.autopilot/db/snake.pp.0.cpp.xilinx-dataflow-lawyer.diag.yml C:/Users/aniko/OneDrive/Desktop/ECE554/capstone/snake_hls/snake_hls/snake_top/hls/.autopilot/db/snake.pp.0.cpp -- - -target fpga -fhls -ferror-limit=0 -fstrict-dataflow > C:/Users/aniko/OneDrive/Desktop/ECE554/capstone/snake_hls/snake_hls/snake_top/hls/.autopilot/db/snake.pp.0.cpp.xilinx-dataflow-lawyer.out.log 2> C:/Users/aniko/OneDrive/Desktop/ECE554/capstone/snake_hls/snake_hls/snake_top/hls/.autopilot/db/snake.pp.0.cpp.xilinx-dataflow-lawyer.err.log
INFO-FLOW: run_clang result=success num-err-msgs=0 num-stderr-lines=0
Execute       ap_part_info -name xc7z010-clg225-1 -data info 
INFO-FLOW: compiling source code to llvm bc
INFO-FLOW: run_clang snake.pp.0.cpp.clang exec: C:/AMDDesignTools/2025.2/Vitis/win64/tools/clang-16/bin/clang -foptimization-record-file=C:/Users/aniko/OneDrive/Desktop/ECE554/capstone/snake_hls/snake_hls/snake_top/hls/.autopilot/db/snake.pp.0.cpp.clang.diag.yml -mllvm -pass-remarks-missed=reflow|pasta|unroll|inline -mllvm -pass-remarks=reflow|pasta|unroll|inline -flto -fno-exceptions -Wno-error=c++11-narrowing -fno-limit-debug-info -fhls -hls-emit-hint-scope C:/Users/aniko/OneDrive/Desktop/ECE554/capstone/snake_hls/snake_hls/snake_top/hls/.autopilot/db/snake.pp.0.cpp -fno-math-errno -c -emit-llvm -mllvm -disable-llvm-optzns -Xclang -no-opaque-pointers -Xclang -fmerge-all-constants -Werror=implicit-hls-streams -Werror=return-type -Wpragmas -Wunused-parameter -Wdump-hls-pragmas -Wno-error=dump-hls-pragmas -hls-clock-period=25 -fno-threadsafe-statics -fno-use-cxa-atexit -target fpga64-xilinx-linux-gnu -D__VITIS_HLS__ -DAESL_SYN -D__SYNTHESIS__ -D__HLS_SYN__ -I C:/AMDDesignTools/2025.2/Vitis/common/technology/autopilot -I C:/AMDDesignTools/2025.2/Vitis/common/technology/autopilot/ap_sysc -include etc/autopilot_ssdm_op.h -D__DSP48E1__ -g -o C:/Users/aniko/OneDrive/Desktop/ECE554/capstone/snake_hls/snake_hls/snake_top/hls/.autopilot/db/snake.pre.g.bc {-hls-platform-db-name=C:/AMDDesignTools/2025.2/Vitis\common/technology\xilinx/common/platform.db} -hls-platform-name=zynq_slow -device-resource-info=BRAM_120.000000_DSP_80.000000_FF_35200.000000_LUT_17600.000000_SLICE_4400.000000_URAM_0.000000 -device-name-info=xc7z010clg225-1 > C:/Users/aniko/OneDrive/Desktop/ECE554/capstone/snake_hls/snake_hls/snake_top/hls/.autopilot/db/snake.pp.0.cpp.clang.out.log 2> C:/Users/aniko/OneDrive/Desktop/ECE554/capstone/snake_hls/snake_hls/snake_top/hls/.autopilot/db/snake.pp.0.cpp.clang.err.log
INFO-FLOW: run_clang result=success num-err-msgs=0 num-stderr-lines=0
INFO-FLOW: converting llvm 16.0.4 bc to downstrem bc
INFO-FLOW: run_clang snake.bc.llvm-converter exec: C:/AMDDesignTools/2025.2/Vitis/win64/tools/clang-16/bin/llvm-converter -opaque-pointers=0 C:/Users/aniko/OneDrive/Desktop/ECE554/capstone/snake_hls/snake_hls/snake_top/hls/.autopilot/db/snake.pre.g.bc -o C:/Users/aniko/OneDrive/Desktop/ECE554/capstone/snake_hls/snake_hls/snake_top/hls/.autopilot/db/snake.bc > C:/Users/aniko/OneDrive/Desktop/ECE554/capstone/snake_hls/snake_hls/snake_top/hls/.autopilot/db/snake.bc.llvm-converter.out.log 2> C:/Users/aniko/OneDrive/Desktop/ECE554/capstone/snake_hls/snake_hls/snake_top/hls/.autopilot/db/snake.bc.llvm-converter.err.log
INFO-FLOW: run_clang result=success num-err-msgs=0 num-stderr-lines=0
INFO: [HLS 200-111] Finished Source Code Analysis and Preprocessing: CPU user time: 0 seconds. CPU system time: 1 seconds. Elapsed time: 8.556 seconds; current allocated memory: 159.980 MB.
INFO-FLOW: Linking Debug ...
INFO-FLOW: Linking dut bc code.
Execute       run_link_or_opt -out C:/Users/aniko/OneDrive/Desktop/ECE554/capstone/snake_hls/snake_hls/snake_top/hls/.autopilot/db/a.g.ld.0.bc -args C:/Users/aniko/OneDrive/Desktop/ECE554/capstone/snake_hls/snake_hls/snake_top/hls/.autopilot/db/snake.bc 
INFO-FLOW: run_clang a.g.ld.0.bc.llvm-link exec: C:/AMDDesignTools/2025.2/Vitis/win64/tools/clang-3.9-csynth/bin/llvm-link C:/Users/aniko/OneDrive/Desktop/ECE554/capstone/snake_hls/snake_hls/snake_top/hls/.autopilot/db/snake.bc -o C:/Users/aniko/OneDrive/Desktop/ECE554/capstone/snake_hls/snake_hls/snake_top/hls/.autopilot/db/a.g.ld.0.bc > C:/Users/aniko/OneDrive/Desktop/ECE554/capstone/snake_hls/snake_hls/snake_top/hls/.autopilot/db/a.g.ld.0.bc.llvm-link.out.log 2> C:/Users/aniko/OneDrive/Desktop/ECE554/capstone/snake_hls/snake_hls/snake_top/hls/.autopilot/db/a.g.ld.0.bc.llvm-link.err.log
INFO-FLOW: run_clang result=success num-err-msgs=0 num-stderr-lines=0
Command       run_link_or_opt done; 0.168 sec.
Execute       run_link_or_opt -opt -out C:/Users/aniko/OneDrive/Desktop/ECE554/capstone/snake_hls/snake_hls/snake_top/hls/.autopilot/db/a.g.ld.1.lower.bc -args C:/Users/aniko/OneDrive/Desktop/ECE554/capstone/snake_hls/snake_hls/snake_top/hls/.autopilot/db/a.g.ld.0.bc -reflow-lower-math-intrinsics 
INFO-FLOW: run_clang a.g.ld.1.lower.bc.opt exec: C:/AMDDesignTools/2025.2/Vitis/win64/tools/clang-3.9-csynth/bin/opt -pass-remarks-missed=reflow|pasta|unroll|inline -pass-remarks=reflow|pasta|unroll|inline -pass-remarks-output=C:/Users/aniko/OneDrive/Desktop/ECE554/capstone/snake_hls/snake_hls/snake_top/hls/.autopilot/db/a.g.ld.1.lower.bc.opt.diag.yml C:/Users/aniko/OneDrive/Desktop/ECE554/capstone/snake_hls/snake_hls/snake_top/hls/.autopilot/db/a.g.ld.0.bc -reflow-lower-math-intrinsics -o C:/Users/aniko/OneDrive/Desktop/ECE554/capstone/snake_hls/snake_hls/snake_top/hls/.autopilot/db/a.g.ld.1.lower.bc > C:/Users/aniko/OneDrive/Desktop/ECE554/capstone/snake_hls/snake_hls/snake_top/hls/.autopilot/db/a.g.ld.1.lower.bc.opt.out.log 2> C:/Users/aniko/OneDrive/Desktop/ECE554/capstone/snake_hls/snake_hls/snake_top/hls/.autopilot/db/a.g.ld.1.lower.bc.opt.err.log
INFO-FLOW: run_clang result=success num-err-msgs=0 num-stderr-lines=0
INFO-FLOW: Running: gen_design_size_report post-opt
INFO-FLOW: Done: gen_design_size_report post-opt time: 0 seconds 
Command       run_link_or_opt done; 0.286 sec.
INFO-FLOW: Linking math bc lib
Execute       run_link_or_opt -out C:/Users/aniko/OneDrive/Desktop/ECE554/capstone/snake_hls/snake_hls/snake_top/hls/.autopilot/db/a.g.ld.2.m1.bc -args C:/Users/aniko/OneDrive/Desktop/ECE554/capstone/snake_hls/snake_hls/snake_top/hls/.autopilot/db/a.g.ld.1.lower.bc -only-needed C:/AMDDesignTools/2025.2/Vitis/win64/lib/libhlsm_39.bc C:/AMDDesignTools/2025.2/Vitis/win64/lib/libhlsmc++_39.bc 
INFO-FLOW: run_clang a.g.ld.2.m1.bc.llvm-link exec: C:/AMDDesignTools/2025.2/Vitis/win64/tools/clang-3.9-csynth/bin/llvm-link C:/Users/aniko/OneDrive/Desktop/ECE554/capstone/snake_hls/snake_hls/snake_top/hls/.autopilot/db/a.g.ld.1.lower.bc -only-needed C:/AMDDesignTools/2025.2/Vitis/win64/lib/libhlsm_39.bc C:/AMDDesignTools/2025.2/Vitis/win64/lib/libhlsmc++_39.bc -o C:/Users/aniko/OneDrive/Desktop/ECE554/capstone/snake_hls/snake_hls/snake_top/hls/.autopilot/db/a.g.ld.2.m1.bc > C:/Users/aniko/OneDrive/Desktop/ECE554/capstone/snake_hls/snake_hls/snake_top/hls/.autopilot/db/a.g.ld.2.m1.bc.llvm-link.out.log 2> C:/Users/aniko/OneDrive/Desktop/ECE554/capstone/snake_hls/snake_hls/snake_top/hls/.autopilot/db/a.g.ld.2.m1.bc.llvm-link.err.log
INFO-FLOW: run_clang result=success num-err-msgs=0 num-stderr-lines=0
Command       run_link_or_opt done; 1.82 sec.
Execute       run_link_or_opt -opt -out C:/Users/aniko/OneDrive/Desktop/ECE554/capstone/snake_hls/snake_hls/snake_top/hls/.autopilot/db/a.g.ld.3.fpc.bc -args C:/Users/aniko/OneDrive/Desktop/ECE554/capstone/snake_hls/snake_hls/snake_top/hls/.autopilot/db/a.g.ld.2.m1.bc -reflow-globaldce -hls-top-function-name=snake_top -reflow-float-conversion 
INFO-FLOW: run_clang a.g.ld.3.fpc.bc.opt exec: C:/AMDDesignTools/2025.2/Vitis/win64/tools/clang-3.9-csynth/bin/opt -pass-remarks-missed=reflow|pasta|unroll|inline -pass-remarks=reflow|pasta|unroll|inline -pass-remarks-output=C:/Users/aniko/OneDrive/Desktop/ECE554/capstone/snake_hls/snake_hls/snake_top/hls/.autopilot/db/a.g.ld.3.fpc.bc.opt.diag.yml C:/Users/aniko/OneDrive/Desktop/ECE554/capstone/snake_hls/snake_hls/snake_top/hls/.autopilot/db/a.g.ld.2.m1.bc -reflow-globaldce -hls-top-function-name=snake_top -reflow-float-conversion -o C:/Users/aniko/OneDrive/Desktop/ECE554/capstone/snake_hls/snake_hls/snake_top/hls/.autopilot/db/a.g.ld.3.fpc.bc > C:/Users/aniko/OneDrive/Desktop/ECE554/capstone/snake_hls/snake_hls/snake_top/hls/.autopilot/db/a.g.ld.3.fpc.bc.opt.out.log 2> C:/Users/aniko/OneDrive/Desktop/ECE554/capstone/snake_hls/snake_hls/snake_top/hls/.autopilot/db/a.g.ld.3.fpc.bc.opt.err.log
INFO-FLOW: run_clang result=success num-err-msgs=0 num-stderr-lines=0
INFO-FLOW: Running: gen_design_size_report post-opt
INFO-FLOW: Done: gen_design_size_report post-opt time: 0 seconds 
Command       run_link_or_opt done; 0.838 sec.
Execute       run_link_or_opt -out C:/Users/aniko/OneDrive/Desktop/ECE554/capstone/snake_hls/snake_hls/snake_top/hls/.autopilot/db/a.g.ld.4.m2.bc -args C:/Users/aniko/OneDrive/Desktop/ECE554/capstone/snake_hls/snake_hls/snake_top/hls/.autopilot/db/a.g.ld.3.fpc.bc -only-needed C:/AMDDesignTools/2025.2/Vitis/win64/lib/libfloatconversion_39.bc 
INFO-FLOW: run_clang a.g.ld.4.m2.bc.llvm-link exec: C:/AMDDesignTools/2025.2/Vitis/win64/tools/clang-3.9-csynth/bin/llvm-link C:/Users/aniko/OneDrive/Desktop/ECE554/capstone/snake_hls/snake_hls/snake_top/hls/.autopilot/db/a.g.ld.3.fpc.bc -only-needed C:/AMDDesignTools/2025.2/Vitis/win64/lib/libfloatconversion_39.bc -o C:/Users/aniko/OneDrive/Desktop/ECE554/capstone/snake_hls/snake_hls/snake_top/hls/.autopilot/db/a.g.ld.4.m2.bc > C:/Users/aniko/OneDrive/Desktop/ECE554/capstone/snake_hls/snake_hls/snake_top/hls/.autopilot/db/a.g.ld.4.m2.bc.llvm-link.out.log 2> C:/Users/aniko/OneDrive/Desktop/ECE554/capstone/snake_hls/snake_hls/snake_top/hls/.autopilot/db/a.g.ld.4.m2.bc.llvm-link.err.log
INFO-FLOW: run_clang result=success num-err-msgs=0 num-stderr-lines=0
Execute       run_link_or_opt -opt -out C:/Users/aniko/OneDrive/Desktop/ECE554/capstone/snake_hls/snake_hls/snake_top/hls/.autopilot/db/a.g.ld.5.gdce.bc -args C:/Users/aniko/OneDrive/Desktop/ECE554/capstone/snake_hls/snake_hls/snake_top/hls/.autopilot/db/a.g.ld.4.m2.bc -reflow-globaldce -hls-top-function-name=snake_top 
INFO-FLOW: run_clang a.g.ld.5.gdce.bc.opt exec: C:/AMDDesignTools/2025.2/Vitis/win64/tools/clang-3.9-csynth/bin/opt -pass-remarks-missed=reflow|pasta|unroll|inline -pass-remarks=reflow|pasta|unroll|inline -pass-remarks-output=C:/Users/aniko/OneDrive/Desktop/ECE554/capstone/snake_hls/snake_hls/snake_top/hls/.autopilot/db/a.g.ld.5.gdce.bc.opt.diag.yml C:/Users/aniko/OneDrive/Desktop/ECE554/capstone/snake_hls/snake_hls/snake_top/hls/.autopilot/db/a.g.ld.4.m2.bc -reflow-globaldce -hls-top-function-name=snake_top -o C:/Users/aniko/OneDrive/Desktop/ECE554/capstone/snake_hls/snake_hls/snake_top/hls/.autopilot/db/a.g.ld.5.gdce.bc > C:/Users/aniko/OneDrive/Desktop/ECE554/capstone/snake_hls/snake_hls/snake_top/hls/.autopilot/db/a.g.ld.5.gdce.bc.opt.out.log 2> C:/Users/aniko/OneDrive/Desktop/ECE554/capstone/snake_hls/snake_hls/snake_top/hls/.autopilot/db/a.g.ld.5.gdce.bc.opt.err.log
INFO-FLOW: run_clang result=success num-err-msgs=0 num-stderr-lines=0
INFO-FLOW: Running: gen_design_size_report post-opt
INFO-FLOW: Done: gen_design_size_report post-opt time: 0 seconds 
Execute       send_msg_by_id INFO @200-777@%s Vivado 
INFO: [HLS 200-777] Using interface defaults for 'Vivado' flow target.
Execute       is_m_axi_addr64 
INFO-FLOW: Doing LTO.
INFO-FLOW: run_clang reflow (background poll_ms 5000) exec: C:/AMDDesignTools/2025.2/Vitis/win64/tools/clang-3.9-csynth/bin/clang -foptimization-record-file=C:/Users/aniko/OneDrive/Desktop/ECE554/capstone/snake_hls/snake_hls/snake_top/hls/.autopilot/db/a.g.ld.0.bc.clang.reflow.diag.yml -mllvm -pass-remarks-missed=reflow|pasta|unroll|inline -mllvm -pass-remarks=reflow|pasta|unroll|inline -fhls -mllvm -hls-top-function-name=snake_top -mllvm -hls-db-dir -mllvm C:/Users/aniko/OneDrive/Desktop/ECE554/capstone/snake_hls/snake_hls/snake_top/hls/.autopilot/db -emit-llvm -c -target fpga64-xilinx-none -mllvm -xcl-xmlinfo=C:/Users/aniko/OneDrive/Desktop/ECE554/capstone/snake_hls/snake_hls/snake_top/hls/.autopilot/db/kernel.internal.xml -mllvm -top-io-mapping-info=C:/Users/aniko/OneDrive/Desktop/ECE554/capstone/snake_hls/snake_hls/snake_top/hls/.autopilot/db/top-io-fe.xml -mllvm -hls-bitcode-version=3.1 -mllvm -reflow-enable-slave-interface-default-setting=true -mllvm -gen-kernel-xml=false -mllvm -default-maxi-offset=slave -mllvm -reflow-unroll-size-threshold=10000 -mllvm -reflow-unroll-cost-threshold=1000000 -mllvm -maxi-latency=0 -mllvm -hls-maxi-data-size-in-bits=8 -mllvm -hls-maxi-max-data-size-in-bits=1024 -mllvm -hls-max-widen-size-in-bits=0 -mllvm -xcl-kernel-max-mem-ports=0 -mllvm -maxi-read-trans=16 -mllvm -maxi-write-trans=16 -mllvm -maxi-read-burst-len=16 -mllvm -maxi-write-burst-len=16 -mllvm -reflow-enable-saxi-64bits=0 -mllvm -reflow-basic-block-instr-threshold=200000 -mllvm -reflow-auto-pipeline-threshold=64 -mllvm -reflow-enable-maxi-auto-id-channel=0 -mllvm -reflow-bdd-simplify-threshold=1048576 -mllvm -reflow-fanout-threshold=16 -mllvm -reflow-force-aggressive-unroll=0 -mllvm -reflow-aggressive-unroll-adjust-factor=1.000000 -mllvm -reflow-complete-threshold=4 -mllvm -reflow-array-promotion-threshold=64 -mllvm -reflow-enable-critical-path-for-performance=1 -mllvm -assume-maxi-align=1 -mllvm -reflow-enable-dataflow-strict-mode-checking=1 -ftime-report -mllvm -time-passes -mllvm -reflow-auto-array-partition-mode=default -mllvm -reflow-enable-auto-small-array-partition=true -mllvm -reflow-enable-auto-array-promotion=true -mllvm -reflow-enable-auto-array-partition-for-flatten=true -mllvm -reflow-enable-auto-parallel-performance-driven=true -mllvm -reflow-enable-partition-for-automation=true -mllvm -reflow-aggregate-bitwidth-threshold=4096 -mllvm -reflow-reserved-saxilite-registers=0 -mllvm -enable-reflow-auto-loop-pipeline -mllvm -reflow-max-unroll-threshold=409600 -mllvm -auto-unroll-tripcount-threshold=0 -mllvm -reflow-assume-no-address-wrap=true -mllvm -reflow-enable-occurrence-inference=true -mllvm -reflow-emit-hint-scope=true -mllvm -reflow-enable-codegen-with-if=true -mllvm -reflow-enable-dataflow-canon=true -mllvm -reflow-enable-dataflow-canon2=true -mllvm -reflow-dump-extra-complexity-metric=true -mllvm -reflow-enable-dse-loop-nest-extraction=false -mllvm -hls -mllvm -disable-inlined-alloca-merging=true -mllvm -default-clock-period=25 -mllvm -use_read_first_ram_in_loop=1 -mllvm -default-clock-uncertainty=6.75 -x ir C:/Users/aniko/OneDrive/Desktop/ECE554/capstone/snake_hls/snake_hls/snake_top/hls/.autopilot/db/a.g.ld.5.gdce.bc -o C:/Users/aniko/OneDrive/Desktop/ECE554/capstone/snake_hls/snake_hls/snake_top/hls/.autopilot/db/a.g.lto.bc {-hls-platform-db-name=C:/AMDDesignTools/2025.2/Vitis\common/technology\xilinx/common/platform.db} -hls-platform-name=zynq_slow -device-resource-info=BRAM_120.000000_DSP_80.000000_FF_35200.000000_LUT_17600.000000_SLICE_4400.000000_URAM_0.000000 -device-name-info=xc7z010clg225-1 2> C:/Users/aniko/OneDrive/Desktop/ECE554/capstone/snake_hls/snake_hls/snake_top/hls/.autopilot/db/a.g.ld.0.bc.clang.reflow.err.log bg_poll_cmd: ::AP::poll_clang_39_closed_source
Execute       send_msg_by_id INFO @200-1995@%s%s%s 5,310 Compile/Link (C:/Users/aniko/OneDrive/Desktop/ECE554/capstone/snake_hls/snake_hls/snake_top/hls/syn/report/csynth_design_size.rpt:2) 
INFO: [HLS 200-1995] There were 5,310 instructions in the design after the 'Compile/Link' phase of compilation. See the Design Size Report for more details (C:/Users/aniko/OneDrive/Desktop/ECE554/capstone/snake_hls/snake_hls/snake_top/hls/syn/report/csynth_design_size.rpt:2)
Execute       send_msg_by_id INFO @200-1995@%s%s%s 510 Unroll/Inline (step 1) (C:/Users/aniko/OneDrive/Desktop/ECE554/capstone/snake_hls/snake_hls/snake_top/hls/syn/report/csynth_design_size.rpt:2) 
INFO: [HLS 200-1995] There were 510 instructions in the design after the 'Unroll/Inline (step 1)' phase of compilation. See the Design Size Report for more details (C:/Users/aniko/OneDrive/Desktop/ECE554/capstone/snake_hls/snake_hls/snake_top/hls/syn/report/csynth_design_size.rpt:2)
Execute       send_msg_by_id INFO @200-1995@%s%s%s 411 Unroll/Inline (step 2) (C:/Users/aniko/OneDrive/Desktop/ECE554/capstone/snake_hls/snake_hls/snake_top/hls/syn/report/csynth_design_size.rpt:2) 
INFO: [HLS 200-1995] There were 411 instructions in the design after the 'Unroll/Inline (step 2)' phase of compilation. See the Design Size Report for more details (C:/Users/aniko/OneDrive/Desktop/ECE554/capstone/snake_hls/snake_hls/snake_top/hls/syn/report/csynth_design_size.rpt:2)
Execute       send_msg_by_id INFO @200-1995@%s%s%s 400 Unroll/Inline (step 3) (C:/Users/aniko/OneDrive/Desktop/ECE554/capstone/snake_hls/snake_hls/snake_top/hls/syn/report/csynth_design_size.rpt:2) 
INFO: [HLS 200-1995] There were 400 instructions in the design after the 'Unroll/Inline (step 3)' phase of compilation. See the Design Size Report for more details (C:/Users/aniko/OneDrive/Desktop/ECE554/capstone/snake_hls/snake_hls/snake_top/hls/syn/report/csynth_design_size.rpt:2)
Execute       send_msg_by_id INFO @200-1995@%s%s%s 355 Unroll/Inline (step 4) (C:/Users/aniko/OneDrive/Desktop/ECE554/capstone/snake_hls/snake_hls/snake_top/hls/syn/report/csynth_design_size.rpt:2) 
INFO: [HLS 200-1995] There were 355 instructions in the design after the 'Unroll/Inline (step 4)' phase of compilation. See the Design Size Report for more details (C:/Users/aniko/OneDrive/Desktop/ECE554/capstone/snake_hls/snake_hls/snake_top/hls/syn/report/csynth_design_size.rpt:2)
Execute       send_msg_by_id INFO @200-1995@%s%s%s 353 Array/Struct (step 1) (C:/Users/aniko/OneDrive/Desktop/ECE554/capstone/snake_hls/snake_hls/snake_top/hls/syn/report/csynth_design_size.rpt:2) 
INFO: [HLS 200-1995] There were 353 instructions in the design after the 'Array/Struct (step 1)' phase of compilation. See the Design Size Report for more details (C:/Users/aniko/OneDrive/Desktop/ECE554/capstone/snake_hls/snake_hls/snake_top/hls/syn/report/csynth_design_size.rpt:2)
Execute       send_msg_by_id INFO @200-1995@%s%s%s 353 Array/Struct (step 2) (C:/Users/aniko/OneDrive/Desktop/ECE554/capstone/snake_hls/snake_hls/snake_top/hls/syn/report/csynth_design_size.rpt:2) 
INFO: [HLS 200-1995] There were 353 instructions in the design after the 'Array/Struct (step 2)' phase of compilation. See the Design Size Report for more details (C:/Users/aniko/OneDrive/Desktop/ECE554/capstone/snake_hls/snake_hls/snake_top/hls/syn/report/csynth_design_size.rpt:2)
Execute       send_msg_by_id INFO @200-1995@%s%s%s 353 Array/Struct (step 3) (C:/Users/aniko/OneDrive/Desktop/ECE554/capstone/snake_hls/snake_hls/snake_top/hls/syn/report/csynth_design_size.rpt:2) 
INFO: [HLS 200-1995] There were 353 instructions in the design after the 'Array/Struct (step 3)' phase of compilation. See the Design Size Report for more details (C:/Users/aniko/OneDrive/Desktop/ECE554/capstone/snake_hls/snake_hls/snake_top/hls/syn/report/csynth_design_size.rpt:2)
Execute       send_msg_by_id INFO @200-1995@%s%s%s 353 Array/Struct (step 4) (C:/Users/aniko/OneDrive/Desktop/ECE554/capstone/snake_hls/snake_hls/snake_top/hls/syn/report/csynth_design_size.rpt:2) 
INFO: [HLS 200-1995] There were 353 instructions in the design after the 'Array/Struct (step 4)' phase of compilation. See the Design Size Report for more details (C:/Users/aniko/OneDrive/Desktop/ECE554/capstone/snake_hls/snake_hls/snake_top/hls/syn/report/csynth_design_size.rpt:2)
Execute       send_msg_by_id INFO @200-1995@%s%s%s 359 Array/Struct (step 5) (C:/Users/aniko/OneDrive/Desktop/ECE554/capstone/snake_hls/snake_hls/snake_top/hls/syn/report/csynth_design_size.rpt:2) 
INFO: [HLS 200-1995] There were 359 instructions in the design after the 'Array/Struct (step 5)' phase of compilation. See the Design Size Report for more details (C:/Users/aniko/OneDrive/Desktop/ECE554/capstone/snake_hls/snake_hls/snake_top/hls/syn/report/csynth_design_size.rpt:2)
Execute       send_msg_by_id INFO @200-1995@%s%s%s 359 Performance (step 1) (C:/Users/aniko/OneDrive/Desktop/ECE554/capstone/snake_hls/snake_hls/snake_top/hls/syn/report/csynth_design_size.rpt:2) 
INFO: [HLS 200-1995] There were 359 instructions in the design after the 'Performance (step 1)' phase of compilation. See the Design Size Report for more details (C:/Users/aniko/OneDrive/Desktop/ECE554/capstone/snake_hls/snake_hls/snake_top/hls/syn/report/csynth_design_size.rpt:2)
Execute       send_msg_by_id INFO @200-1995@%s%s%s 353 Performance (step 2) (C:/Users/aniko/OneDrive/Desktop/ECE554/capstone/snake_hls/snake_hls/snake_top/hls/syn/report/csynth_design_size.rpt:2) 
INFO: [HLS 200-1995] There were 353 instructions in the design after the 'Performance (step 2)' phase of compilation. See the Design Size Report for more details (C:/Users/aniko/OneDrive/Desktop/ECE554/capstone/snake_hls/snake_hls/snake_top/hls/syn/report/csynth_design_size.rpt:2)
Execute       send_msg_by_id INFO @200-1995@%s%s%s 353 Performance (step 3) (C:/Users/aniko/OneDrive/Desktop/ECE554/capstone/snake_hls/snake_hls/snake_top/hls/syn/report/csynth_design_size.rpt:2) 
INFO: [HLS 200-1995] There were 353 instructions in the design after the 'Performance (step 3)' phase of compilation. See the Design Size Report for more details (C:/Users/aniko/OneDrive/Desktop/ECE554/capstone/snake_hls/snake_hls/snake_top/hls/syn/report/csynth_design_size.rpt:2)
Execute       send_msg_by_id INFO @200-1995@%s%s%s 353 Performance (step 4) (C:/Users/aniko/OneDrive/Desktop/ECE554/capstone/snake_hls/snake_hls/snake_top/hls/syn/report/csynth_design_size.rpt:2) 
INFO: [HLS 200-1995] There were 353 instructions in the design after the 'Performance (step 4)' phase of compilation. See the Design Size Report for more details (C:/Users/aniko/OneDrive/Desktop/ECE554/capstone/snake_hls/snake_hls/snake_top/hls/syn/report/csynth_design_size.rpt:2)
Execute       send_msg_by_id INFO @200-1995@%s%s%s 366 HW Transforms (step 1) (C:/Users/aniko/OneDrive/Desktop/ECE554/capstone/snake_hls/snake_hls/snake_top/hls/syn/report/csynth_design_size.rpt:2) 
INFO: [HLS 200-1995] There were 366 instructions in the design after the 'HW Transforms (step 1)' phase of compilation. See the Design Size Report for more details (C:/Users/aniko/OneDrive/Desktop/ECE554/capstone/snake_hls/snake_hls/snake_top/hls/syn/report/csynth_design_size.rpt:2)
Command       send_msg_by_id done; 0.904 sec.
Execute       send_msg_by_id INFO @200-1995@%s%s%s 387 HW Transforms (step 2) (C:/Users/aniko/OneDrive/Desktop/ECE554/capstone/snake_hls/snake_hls/snake_top/hls/syn/report/csynth_design_size.rpt:2) 
INFO: [HLS 200-1995] There were 387 instructions in the design after the 'HW Transforms (step 2)' phase of compilation. See the Design Size Report for more details (C:/Users/aniko/OneDrive/Desktop/ECE554/capstone/snake_hls/snake_hls/snake_top/hls/syn/report/csynth_design_size.rpt:2)
INFO: [HLS 214-178] Inlining function 'lfsr_step(ap_uint<16>)' into 'spawn_food(ap_uint<16>&, bool (*) [15])' (../snake.cpp:23:0)
INFO: [HLS 214-178] Inlining function 'spawn_food(ap_uint<16>&, bool (*) [15])' into 'snake_top(ap_uint<10>, ap_uint<10>, bool, ap_uint<10>, ap_uint<10>, bool, bool, ap_uint<10>&, ap_uint<10>&, ap_uint<10>&)' (../snake.cpp:59:0)
INFO: [HLS 214-376] Pipelining loop< VITIS_LOOP_74_2> at ../snake.cpp:74:30 due to pipeline_loops threshold
INFO: [HLS 214-376] Pipelining loop< VITIS_LOOP_85_3> at ../snake.cpp:85:26 due to pipeline_loops threshold
INFO: [HLS 214-376] Pipelining loop< VITIS_LOOP_94_4> at ../snake.cpp:94:26 due to pipeline_loops threshold
INFO: [HLS 214-376] Pipelining loop< VITIS_LOOP_27_1> at ../snake.cpp:27:22 due to pipeline_loops threshold
INFO: [HLS 214-376] Pipelining loop< VITIS_LOOP_207_5> at ../snake.cpp:207:39 due to pipeline_loops threshold
INFO-FLOW: run_clang result=success num-err-msgs=0 num-stderr-lines=36
INFO-FLOW: DBG:PUTS: copy_raw_kernel_xml ap_link_39: kernel.xml not generated: C:/Users/aniko/OneDrive/Desktop/ECE554/capstone/snake_hls/snake_hls/snake_top/hls/.autopilot/db/kernel.internal.xml
INFO: [HLS 200-111] Finished Compiling Optimization and Transform: CPU user time: 0 seconds. CPU system time: 0 seconds. Elapsed time: 9.691 seconds; current allocated memory: 162.086 MB.
INFO: [HLS 200-111] Finished Checking Pragmas: CPU user time: 0 seconds. CPU system time: 0 seconds. Elapsed time: 0.005 seconds; current allocated memory: 162.094 MB.
Execute       opt_and_import_c a -opt_level=2 -skip_syncheck=0 -ng=0 -keep_printf=0 
Execute         cleanup_all_models 
INFO: [HLS 200-10] Starting code transformations ...
INFO-FLOW: Running Standard Transforms...
Execute         transform -hls -share-std-xform -demangle-name -inline-byval-memcpy -always-inline -promote-dbg-pointer -interface-preproc -mem2reg -reassociate -gvn -reassociate -scalarrepl -mem2reg -keep-read-access -instcombine -dce -promote-dbg-pointer -bitop-raise -loop-simplify -indvarspre -indvars -loop-simplify -constprop -instcombine -simplifycfg -indvars -simplifycfg -dce -globaldce -basicaa -simplifycfg -mem2reg -globalopt -global-constprop -deadargelim -instcombine -simplifycfg -scalarrepl -instcombine -reassociate -licm -simplifycfg -loop-simplify -indvars -instcombine -simplifycfg -mem2reg -loop-simplify -indvars -instcombine -gvn -gvn -instcombine -adce -break-crit-edges -simplifycfg -loop-delete -global-array-opt -dce -dse -adce -find-syn-modules -top snake_top -deadargelim -mem2reg -instcombine -dce -presyn-prepare -interface-preproc -syn-check -check-rec-only -find-region -simplifycfg -func-extr -function-inline -globaldce -mem2reg -instcombine -dce -gvn -globaldce -adce -adse -constprop -instcombine -bit-constprop -instcombine -dce -simplifycfg -bitop-raise -simplifycfg -dce -loop-delete -reassociate -globalopt -global-privatize -mem2reg -dce -global-constprop -pointer-simplify -constprop -dce -promote-dbg-pointer -norm-name C:/Users/aniko/OneDrive/Desktop/ECE554/capstone/snake_hls/snake_hls/snake_top/hls/.autopilot/db/a.g.0.bc -o C:/Users/aniko/OneDrive/Desktop/ECE554/capstone/snake_hls/snake_hls/snake_top/hls/.autopilot/db/a.g.1.bc -f -phase std-opt 
Command         transform done; 0.187 sec.
INFO: [HLS 200-111] Finished Standard Transforms: CPU user time: 0 seconds. CPU system time: 0 seconds. Elapsed time: 0.207 seconds; current allocated memory: 168.043 MB.
INFO: [HLS 200-10] Checking synthesizability ...
INFO-FLOW: Checking Synthesizability 1/2..
Execute         transform -hls -syn-check -check-rec-only -scalarrepl -norm-name -dce -mem2reg -instcombine -directive-preproc -mem2reg -dse -dce -dce -pag -array-normalize -instcombine -dce -array-seg-normalize -instcombine -dce -data-pack -instcombine -dce -inst-simplify -array-flatten -instcombine -dce -array-burst -dce -deadargelim -promote-global-argument -simplifycfg -mem2reg -globaldce -dce -deadargelim -dce -instcombine -function-inline -globaldce -dce -doublePtrSimplify -doublePtrElim -dce -doublePtrSimplify -promote-dbg-pointer -dce -scalarrepl -dse -adse -instcombine -ptrLegalization -simplifycfg -dce -instcombine -pointer-simplify -ptrArgReplace -dce -instcombine -resolve-double-ptr -scalarrepl -norm-name -dce -mem2reg -instcombine -ptrLegalization -simplifycfg -deadargelim -instcombine -dce -inst-simplify -directive-preproc -mem2reg -dse -dce -globaldce C:/Users/aniko/OneDrive/Desktop/ECE554/capstone/snake_hls/snake_hls/snake_top/hls/.autopilot/db/a.g.1.bc -o C:/Users/aniko/OneDrive/Desktop/ECE554/capstone/snake_hls/snake_hls/snake_top/hls/.autopilot/db/a.g.2.prechk.bc -f 
INFO-FLOW: Checking Synthesizability 2/2..
Execute         transform -syn-check C:/Users/aniko/OneDrive/Desktop/ECE554/capstone/snake_hls/snake_hls/snake_top/hls/.autopilot/db/a.g.2.prechk.bc -o C:/Users/aniko/OneDrive/Desktop/ECE554/capstone/snake_hls/snake_hls/snake_top/hls/.autopilot/db/a.g.2.bc -f -phase syn-check 
INFO: [HLS 200-111] Finished Checking Synthesizability: CPU user time: 0 seconds. CPU system time: 0 seconds. Elapsed time: 0.081 seconds; current allocated memory: 170.422 MB.
INFO-FLOW: Compiler optimizing ...
INFO-FLOW: Share syncheck's 1.bc for syn flow: copy C:/Users/aniko/OneDrive/Desktop/ECE554/capstone/snake_hls/snake_hls/snake_top/hls/.autopilot/db/a.g.1.bc to C:/Users/aniko/OneDrive/Desktop/ECE554/capstone/snake_hls/snake_hls/snake_top/hls/.autopilot/db/a.o.1.bc
INFO-FLOW: Presyn 1...
Execute         transform -hls -tmp C:/Users/aniko/OneDrive/Desktop/ECE554/capstone/snake_hls/snake_hls/snake_top/hls/.autopilot/db -interface-port-rename -directive-preproc -mem2reg -dse -dce -scalarrepl -norm-name -deadargelim -dce -hls-dead-arg-elim -deadargelim -mem2reg -instcombine -dce -simplifycfg -dce -resource-proc -clib-intrinsic-prepare -dce -func-buffer -dce -pag -array-normalize -func-legal -instcombine -gvn -constprop -dce -simplifycfg -mem2reg -globaldce -resolve-double-ptr -dce -deadargelim -dce -instcombine -ptrArgReplace -mem2reg -dce -array-seg-normalize -deadargelim -instcombine -dce -directive-preproc -mem2reg -dse -dce -pointer-simplify -dce -dce -interface-preproc -data-pack -instcombine -dce -basicaa -aggr-aa -aggrmodref-aa -aggr-aa -gvn -gvn -basicaa -aggr-aa -aggrmodref-aa -aggr-aa -dse -adse -adce -loop-simplify -indvars -instcombine -gvn -loop-simplify -mem2reg -dce -find-region -instcombine -inst-simplify -interface-preproc -cfgopt -instcombine -indvars -loop-simplify -loop-bound -constprop -instcombine -simplifycfg -indvars -simplifycfg -dce -globaldce -clean-region -attach-range -gvn -inst-simplify -constprop -simplifycfg -dce -pointer-simplify -dce -globalopt -constprop -dce -ptrArgReplace -mem2reg -simplifycfg -dce -instcombine -dce -array-transform-check -array-reshape -instcombine -simplifycfg -dce -ptrArgReplace -deadargelim -mem2reg -instcombine -simplifycfg -dce -indvars -loop-simplify -loop-bound -constprop -instcombine -simplifycfg -indvars -simplifycfg -dce -globaldce -basicaa -aggr-aa -aggrmodref-aa -aggr-aa -dse -duplicate-dataflow-processes -globaldce -instcombine -array-partition -prepare-dynamic-array-partition -instcombine -simplifycfg -dce -ptrArgReplace -global-constprop -deadargelim -mem2reg -func-legal -dce -global-constprop -deadargelim -mem2reg -simplifycfg -dce -merge-param -deadargelim -globalopt -constprop -dce -ptrArgReplace -mem2reg -simplifycfg -dce -mem-intrinsic-preproc -dce -global-internalize -global-privatize -mem2reg -globaldce -lcssa -loop-simplify -phi-select-elim -promote-global-argument -ptrArgReplace -mem2reg -dce -globalopt -mergereturn -simplify-global-access -mem2reg -dce -pointer-simplify -dce -basicaa -aggr-aa -aggrmodref-aa -aggr-aa -functionattrs -basicaa -aggr-aa -aggrmodref-aa -aggr-aa -gvn -gvn -basicaa -aggr-aa -aggrmodref-aa -aggr-aa -dse -adse -adce -dce -norm-name -basicaa -aggr-aa -aggrmodref-aa -aggr-aa -accesses-merge -function-inline -complex-op-raise -inst-simplify -globaldce -func-legal -dce -loop-bound -arraycheck -bitwidthmin2 -bitwidthmin2 -on-by-dataflow -loop-delete -instcombine -simplifycfg -globaldce -dce -gvn -deadargelim -dce -loop-simplify -clean-region -simplifycfg -propagate-stable-arguments -instcombine -simplifycfg -dce -globaldce -duplicate-dataflow-processes -stream-intrinsic-preproc -dce -check-ap-stream -loop-simplify -eliminate-keepreads -extract-dataflow-in-loop -loop-simplify -dce -gvn -deadargelim -dse -duplicate-dataflow-processes -check-dataflow-syntax -legalize-stream-variable -globaldce -extract-subproc -global-constprop -deadargelim -globaldce -legalize-global -dce -dead-channel-elimination -canonicalize-gep -globaldce -dce -gvn -hls-dead-arg-elim -deadargelim -canonicalize-dataflow -directive-preproc -dce -globaldce -scalar-preprocessing -scalar-propagation2 -scalar-stream -deadargelim -globaldce -mem2reg -check-dataflow-channels -function-stream -dce -globaldce -prop-fifo-spec -internal-stream-gen -canonicalize-gep -globaldce -dce -gvn -deadargelim -mergereturn -indvars -loop-simplify -instcombine -array-stream -array-seg-normalize -array-partition -clean-array-spec -func-legal -instcombine -simplifycfg -dce -bundle-memfifo-ops -deadargelim -directive-preproc -mem2reg -dse -dce -group-axi-access -licm -simplifycfg -dce -loop-delete -hls-display -norm-name C:/Users/aniko/OneDrive/Desktop/ECE554/capstone/snake_hls/snake_hls/snake_top/hls/.autopilot/db/a.o.1.bc -o C:/Users/aniko/OneDrive/Desktop/ECE554/capstone/snake_hls/snake_hls/snake_top/hls/.autopilot/db/a.o.1.tmp.bc -f 
INFO-FLOW: Presyn 2...
Execute         transform -hls -keep-callgraph -scalarrepl -mem2reg -attach-range -dce -pipe-mux-gen -indvars -loop-bound -inst-simplify -instcombine -dce -merge-array-access -mem2reg -dce -clean-region -mergereturn -if-conv -instcombine -dce -constprop -basicaa -aggr-aa -aggrmodref-aa -aggr-aa -gvn -gvn -basicaa -aggr-aa -aggrmodref-aa -aggr-aa -dse -adse -adce -scalarrepl -mem2reg -global-constprop -deadargelim -deadargelim -instcombine -dce -simplifycfg -ptrArgReplace -mem2reg -function-inline -globaldce -mem2reg -instcombine -dce -expr-balance -instcombine -dce -bitwidthmin2 -bitwidthmin2 -interface-preproc -directive-preproc -inst-rectify -instcombine -dce -basicaa -aggr-aa -aggrmodref-aa -aggr-aa -functionattrs -constprop -instcombine -bit-constprop -simplify-global-access -globalopt -globaldce -inst-simplify -instcombine -elimdeaddata -dce -loop-delete -simplifycfg -loop-simplify -barrier -norm-name C:/Users/aniko/OneDrive/Desktop/ECE554/capstone/snake_hls/snake_hls/snake_top/hls/.autopilot/db/a.o.1.tmp.bc -o C:/Users/aniko/OneDrive/Desktop/ECE554/capstone/snake_hls/snake_hls/snake_top/hls/.autopilot/db/a.o.2.bc -f -phase presyn 
INFO: [XFORM 203-401] Performing if-conversion on hyperblock from (../snake.cpp:27:31) in function 'snake_top'... converting 4 basic blocks.
INFO: [XFORM 203-401] Performing if-conversion on hyperblock from (../snake.cpp:27:31) in function 'snake_top'... converting 4 basic blocks.
INFO: [XFORM 203-401] Performing if-conversion on hyperblock from (../snake.cpp:231:36) to (../snake.cpp:264:1) in function 'snake_top'... converting 3 basic blocks.
INFO: [XFORM 203-401] Performing if-conversion on hyperblock from (../snake.cpp:180:47) to (../snake.cpp:194:21) in function 'snake_top'... converting 3 basic blocks.
INFO: [HLS 200-111] Finished Loop, function and other optimizations: CPU user time: 0 seconds. CPU system time: 0 seconds. Elapsed time: 0.165 seconds; current allocated memory: 194.344 MB.
Execute         transform -hls -auto-function-inline -globaldce -ptrArgReplace -mem2reg -dce -reset-lda -loop-simplify -indvars -aggr-aa -licm -loop-dep -loop-bound -licm -loop-simplify -loop-sink-hoist -flattenloopnest -array-flatten -gvn -instcombine -dce -array-map -dce -func-legal -gvn -adce -instcombine -cfgopt -simplifycfg-lite -loop-simplify -array-burst -promote-global-argument -dce -array-seg-normalize -basicaa -aggrmodref-aa -globalsmodref-aa -aggr-aa -gvn -gvn -basicaa -aggrmodref-aa -globalsmodref-aa -aggr-aa -dse -adse -adce -licm -inst-simplify -dce -globaldce -instcombine -array-stream -eliminate-keepreads -instcombine -dce -deadargelim -doublePtrSimplify -doublePtrElim -dce -doublePtrSimplify -promote-dbg-pointer -dce -scalarrepl -mem2reg -norm-name -mem2reg -instcombine -dse -adse -adce -ptrLegalization -dce -array-flatten -dce -instcombine -check-doubleptr -loop-rot -constprop -inst-simplify -cfgopt -simplifycfg-lite -loop-simplify -indvars -pointer-simplify -dce -loop-bound -loop-simplify -loop-preproc -constprop -global-constprop -gvn -mem2reg -instcombine -dce -loop-bound -loop-merge -dce -deadargelim -dce -canonicalize-dataflow -dce -deadargelim -globaldce -mem2reg -bram-byte-enable -inst-simplify -inst-rectify -instcombine -adce -deadargelim -load-elim -read-loop-dep -loop-simplify -loop-rewind-sink-hoist -loop-outline -hls-dead-arg-elim -directive-preproc -bitwidthmin2 -bitwidthmin2 -read-loop-dep -interface-preproc -directive-preproc -interface-gen -bram-byte-enable-spec-prop -mul2addshift -deadargelim -inst-simplify -dce -mem2reg -instcombine -gvn -dce -adse -loop-bound -instcombine -cfgopt -simplifycfg-lite -loop-simplify -clean-region -io-protocol -find-region -mem2reg -bitop-raise -complex-op-raise -inst-simplify -inst-rectify -instcombine -gvn -adce -deadargelim -float-op-raise -loop-simplify -phi-opt -bitop-raise -cfgopt -simplifycfg-lite -strip-dead-prototypes -interface-lower -bitop-lower -intrinsic-lower -auto-function-inline -basicaa -aggrmodref-aa -globalsmodref-aa -aggr-aa -inst-simplify -simplifycfg-lite -loop-simplify -mergereturn -inst-simplify -inst-rectify -globaldce -dce -load-elim -bitop-lower -float-op-raise -fma-raise -loop-rewind -pointer-simplify -dce -cfgopt -dce -loop-bound -loop-dep -read-loop-dep -dce -dyn-mem-reuse -dce -recurrence-min -dce -share-scalar-alloca -deadargelim -dce -check-stream -norm-name -legalize -inst-clarity -bitwidth -dce -validate-dataflow -dump-loop-dep-to-ir -check-all-ssdm -drop-inferred-ii -dump-complexity-metric C:/Users/aniko/OneDrive/Desktop/ECE554/capstone/snake_hls/snake_hls/snake_top/hls/.autopilot/db/a.o.2.bc -o C:/Users/aniko/OneDrive/Desktop/ECE554/capstone/snake_hls/snake_hls/snake_top/hls/.autopilot/db/a.o.3.bc -f -phase build-ssdm 
INFO: [HLS 200-2061] Successfully converted nested loops 'VITIS_LOOP_73_1'(../snake.cpp:73:26) and 'VITIS_LOOP_74_2'(../snake.cpp:74:30) in function 'snake_top' into perfectly nested loops.
INFO: [XFORM 203-541] Flattening a loop nest 'VITIS_LOOP_73_1' (../snake.cpp:73:26) in function 'snake_top'.
Execute           AP::auto_get_db
Command         transform done; 0.136 sec.
INFO-FLOW: Building ssdm...
Execute         transform -hls -cdfg-build C:/Users/aniko/OneDrive/Desktop/ECE554/capstone/snake_hls/snake_hls/snake_top/hls/.autopilot/db/a.o.3.bc -o C:/Users/aniko/OneDrive/Desktop/ECE554/capstone/snake_hls/snake_hls/snake_top/hls/.autopilot/db/a.o.3.bc -f -phase build-ssdm 
INFO: [HLS 200-111] Finished Architecture Synthesis: CPU user time: 0 seconds. CPU system time: 0 seconds. Elapsed time: 0.218 seconds; current allocated memory: 241.371 MB.
INFO-FLOW: Finish building internal data model.
Command       opt_and_import_c done; 0.676 sec.
Command     elaborate done; 18.934 sec.
Execute     ap_eval exec zip -j C:/Users/aniko/OneDrive/Desktop/ECE554/capstone/snake_hls/snake_hls/snake_top/hls/.autopilot/db/dut.hcp $dbDir/a.o.3.bc $dbDir/${topname}.rtl_wrap.cfg.tcl $dbDir/apatb_${topname}.cpp $dbDir/apatb_${topname}_util.cpp $dbDir/apatb_${topname}_ir.ll $dbDir/mapper_${topname}.cpp $dbDir/top-io-fe.xml $dbDir/kernel.internal.xml $workdir/../hls.app 
Command     ap_eval done; 0.158 sec.
INFO: [HLS 200-10] Starting hardware synthesis ...
INFO-FLOW: Synthesizing C/C++ design AP::SynTopModule=snake_top
INFO: [HLS 200-10] Synthesizing 'snake_top' ...
Execute     ap_set_top_model snake_top 
Execute     get_model_list snake_top -filter all-wo-channel -topdown 
Execute     preproc_iomode -model snake_top 
Execute     preproc_iomode -model snake_top_Pipeline_VITIS_LOOP_27_11 
Execute     preproc_iomode -model snake_top_Pipeline_VITIS_LOOP_207_5 
Execute     preproc_iomode -model snake_top_Pipeline_VITIS_LOOP_27_1 
Execute     preproc_iomode -model snake_top_Pipeline_VITIS_LOOP_94_4 
Execute     preproc_iomode -model snake_top_Pipeline_VITIS_LOOP_85_3 
Execute     preproc_iomode -model snake_top_Pipeline_VITIS_LOOP_73_1_VITIS_LOOP_74_2 
Execute     get_model_list snake_top -filter all-wo-channel 
INFO-FLOW: Model list for configure: snake_top_Pipeline_VITIS_LOOP_73_1_VITIS_LOOP_74_2 snake_top_Pipeline_VITIS_LOOP_85_3 snake_top_Pipeline_VITIS_LOOP_94_4 snake_top_Pipeline_VITIS_LOOP_27_1 snake_top_Pipeline_VITIS_LOOP_207_5 snake_top_Pipeline_VITIS_LOOP_27_11 snake_top
INFO-FLOW: Configuring Module : snake_top_Pipeline_VITIS_LOOP_73_1_VITIS_LOOP_74_2 ...
Execute     set_default_model snake_top_Pipeline_VITIS_LOOP_73_1_VITIS_LOOP_74_2 
Execute     apply_spec_resource_limit snake_top_Pipeline_VITIS_LOOP_73_1_VITIS_LOOP_74_2 
INFO-FLOW: Configuring Module : snake_top_Pipeline_VITIS_LOOP_85_3 ...
Execute     set_default_model snake_top_Pipeline_VITIS_LOOP_85_3 
Execute     apply_spec_resource_limit snake_top_Pipeline_VITIS_LOOP_85_3 
INFO-FLOW: Configuring Module : snake_top_Pipeline_VITIS_LOOP_94_4 ...
Execute     set_default_model snake_top_Pipeline_VITIS_LOOP_94_4 
Execute     apply_spec_resource_limit snake_top_Pipeline_VITIS_LOOP_94_4 
INFO-FLOW: Configuring Module : snake_top_Pipeline_VITIS_LOOP_27_1 ...
Execute     set_default_model snake_top_Pipeline_VITIS_LOOP_27_1 
Execute     apply_spec_resource_limit snake_top_Pipeline_VITIS_LOOP_27_1 
INFO-FLOW: Configuring Module : snake_top_Pipeline_VITIS_LOOP_207_5 ...
Execute     set_default_model snake_top_Pipeline_VITIS_LOOP_207_5 
Execute     apply_spec_resource_limit snake_top_Pipeline_VITIS_LOOP_207_5 
INFO-FLOW: Configuring Module : snake_top_Pipeline_VITIS_LOOP_27_11 ...
Execute     set_default_model snake_top_Pipeline_VITIS_LOOP_27_11 
Execute     apply_spec_resource_limit snake_top_Pipeline_VITIS_LOOP_27_11 
INFO-FLOW: Configuring Module : snake_top ...
Execute     set_default_model snake_top 
Execute     apply_spec_resource_limit snake_top 
INFO-FLOW: Model list for preprocess: snake_top_Pipeline_VITIS_LOOP_73_1_VITIS_LOOP_74_2 snake_top_Pipeline_VITIS_LOOP_85_3 snake_top_Pipeline_VITIS_LOOP_94_4 snake_top_Pipeline_VITIS_LOOP_27_1 snake_top_Pipeline_VITIS_LOOP_207_5 snake_top_Pipeline_VITIS_LOOP_27_11 snake_top
INFO-FLOW: Preprocessing Module: snake_top_Pipeline_VITIS_LOOP_73_1_VITIS_LOOP_74_2 ...
Execute     set_default_model snake_top_Pipeline_VITIS_LOOP_73_1_VITIS_LOOP_74_2 
Execute     cdfg_preprocess -model snake_top_Pipeline_VITIS_LOOP_73_1_VITIS_LOOP_74_2 
Execute     rtl_gen_preprocess snake_top_Pipeline_VITIS_LOOP_73_1_VITIS_LOOP_74_2 
INFO-FLOW: Preprocessing Module: snake_top_Pipeline_VITIS_LOOP_85_3 ...
Execute     set_default_model snake_top_Pipeline_VITIS_LOOP_85_3 
Execute     cdfg_preprocess -model snake_top_Pipeline_VITIS_LOOP_85_3 
Execute     rtl_gen_preprocess snake_top_Pipeline_VITIS_LOOP_85_3 
INFO-FLOW: Preprocessing Module: snake_top_Pipeline_VITIS_LOOP_94_4 ...
Execute     set_default_model snake_top_Pipeline_VITIS_LOOP_94_4 
Execute     cdfg_preprocess -model snake_top_Pipeline_VITIS_LOOP_94_4 
Execute     rtl_gen_preprocess snake_top_Pipeline_VITIS_LOOP_94_4 
INFO-FLOW: Preprocessing Module: snake_top_Pipeline_VITIS_LOOP_27_1 ...
Execute     set_default_model snake_top_Pipeline_VITIS_LOOP_27_1 
Execute     cdfg_preprocess -model snake_top_Pipeline_VITIS_LOOP_27_1 
Execute     rtl_gen_preprocess snake_top_Pipeline_VITIS_LOOP_27_1 
INFO-FLOW: Preprocessing Module: snake_top_Pipeline_VITIS_LOOP_207_5 ...
Execute     set_default_model snake_top_Pipeline_VITIS_LOOP_207_5 
Execute     cdfg_preprocess -model snake_top_Pipeline_VITIS_LOOP_207_5 
Execute     rtl_gen_preprocess snake_top_Pipeline_VITIS_LOOP_207_5 
INFO-FLOW: Preprocessing Module: snake_top_Pipeline_VITIS_LOOP_27_11 ...
Execute     set_default_model snake_top_Pipeline_VITIS_LOOP_27_11 
Execute     cdfg_preprocess -model snake_top_Pipeline_VITIS_LOOP_27_11 
Execute     rtl_gen_preprocess snake_top_Pipeline_VITIS_LOOP_27_11 
INFO-FLOW: Preprocessing Module: snake_top ...
Execute     set_default_model snake_top 
Execute     cdfg_preprocess -model snake_top 
Execute     rtl_gen_preprocess snake_top 
INFO-FLOW: Model list for synthesis: snake_top_Pipeline_VITIS_LOOP_73_1_VITIS_LOOP_74_2 snake_top_Pipeline_VITIS_LOOP_85_3 snake_top_Pipeline_VITIS_LOOP_94_4 snake_top_Pipeline_VITIS_LOOP_27_1 snake_top_Pipeline_VITIS_LOOP_207_5 snake_top_Pipeline_VITIS_LOOP_27_11 snake_top
INFO: [HLS 200-10] ----------------------------------------------------------------
INFO: [HLS 200-42] -- Implementing module 'snake_top_Pipeline_VITIS_LOOP_73_1_VITIS_LOOP_74_2' 
INFO: [HLS 200-10] ----------------------------------------------------------------
Execute     set_default_model snake_top_Pipeline_VITIS_LOOP_73_1_VITIS_LOOP_74_2 
Execute     schedule -model snake_top_Pipeline_VITIS_LOOP_73_1_VITIS_LOOP_74_2 
INFO: [SCHED 204-11] Starting scheduling ...
INFO: [SCHED 204-61] Pipelining loop 'VITIS_LOOP_73_1_VITIS_LOOP_74_2'.
INFO: [HLS 200-1470] Pipelining result : Target II = NA, Final II = 1, Depth = 1, loop 'VITIS_LOOP_73_1_VITIS_LOOP_74_2'
INFO: [SCHED 204-11] Finished scheduling.
Command     schedule done; 0.12 sec.
INFO: [HLS 200-111] Finished Scheduling: CPU user time: 0 seconds. CPU system time: 0 seconds. Elapsed time: 0.315 seconds; current allocated memory: 245.621 MB.
Execute     syn_report -verbosereport -o C:/Users/aniko/OneDrive/Desktop/ECE554/capstone/snake_hls/snake_hls/snake_top/hls/.autopilot/db/snake_top_Pipeline_VITIS_LOOP_73_1_VITIS_LOOP_74_2.verbose.sched.rpt 
Execute       list_part -family xc7z010-clg225-1 
Execute         ap_family_info -name xc7z010-clg225-1 -data names 
Execute         ap_part_info -quiet -name xc7z010-clg225-1 -data family 
Execute     db_write -o C:/Users/aniko/OneDrive/Desktop/ECE554/capstone/snake_hls/snake_hls/snake_top/hls/.autopilot/db/snake_top_Pipeline_VITIS_LOOP_73_1_VITIS_LOOP_74_2.sched.adb -f 
INFO-FLOW: Finish scheduling snake_top_Pipeline_VITIS_LOOP_73_1_VITIS_LOOP_74_2.
Execute     set_default_model snake_top_Pipeline_VITIS_LOOP_73_1_VITIS_LOOP_74_2 
Execute     bind -model snake_top_Pipeline_VITIS_LOOP_73_1_VITIS_LOOP_74_2 
INFO: [BIND 205-100] Starting micro-architecture generation ...
INFO: [BIND 205-101] Performing variable lifetime analysis.
INFO: [BIND 205-101] Exploring resource sharing.
INFO: [BIND 205-101] Binding ...
INFO: [BIND 205-100] Finished micro-architecture generation.
INFO: [HLS 200-111] Finished Binding: CPU user time: 0 seconds. CPU system time: 0 seconds. Elapsed time: 0.057 seconds; current allocated memory: 246.859 MB.
Execute     syn_report -verbosereport -o C:/Users/aniko/OneDrive/Desktop/ECE554/capstone/snake_hls/snake_hls/snake_top/hls/.autopilot/db/snake_top_Pipeline_VITIS_LOOP_73_1_VITIS_LOOP_74_2.verbose.bind.rpt 
Execute       list_part -family xc7z010-clg225-1 
Execute         ap_family_info -name xc7z010-clg225-1 -data names 
Execute         ap_part_info -quiet -name xc7z010-clg225-1 -data family 
Execute     db_write -o C:/Users/aniko/OneDrive/Desktop/ECE554/capstone/snake_hls/snake_hls/snake_top/hls/.autopilot/db/snake_top_Pipeline_VITIS_LOOP_73_1_VITIS_LOOP_74_2.bind.adb -f 
INFO-FLOW: Finish binding snake_top_Pipeline_VITIS_LOOP_73_1_VITIS_LOOP_74_2.
INFO: [HLS 200-10] ----------------------------------------------------------------
INFO: [HLS 200-42] -- Implementing module 'snake_top_Pipeline_VITIS_LOOP_85_3' 
INFO: [HLS 200-10] ----------------------------------------------------------------
Execute     set_default_model snake_top_Pipeline_VITIS_LOOP_85_3 
Execute     schedule -model snake_top_Pipeline_VITIS_LOOP_85_3 
INFO: [SCHED 204-11] Starting scheduling ...
INFO: [SCHED 204-61] Pipelining loop 'VITIS_LOOP_85_3'.
INFO: [HLS 200-1470] Pipelining result : Target II = NA, Final II = 1, Depth = 1, loop 'VITIS_LOOP_85_3'
INFO: [SCHED 204-11] Finished scheduling.
INFO: [HLS 200-111] Finished Scheduling: CPU user time: 0 seconds. CPU system time: 0 seconds. Elapsed time: 0.044 seconds; current allocated memory: 246.988 MB.
Execute     syn_report -verbosereport -o C:/Users/aniko/OneDrive/Desktop/ECE554/capstone/snake_hls/snake_hls/snake_top/hls/.autopilot/db/snake_top_Pipeline_VITIS_LOOP_85_3.verbose.sched.rpt 
Execute       list_part -family xc7z010-clg225-1 
Execute         ap_family_info -name xc7z010-clg225-1 -data names 
Execute         ap_part_info -quiet -name xc7z010-clg225-1 -data family 
Execute     db_write -o C:/Users/aniko/OneDrive/Desktop/ECE554/capstone/snake_hls/snake_hls/snake_top/hls/.autopilot/db/snake_top_Pipeline_VITIS_LOOP_85_3.sched.adb -f 
INFO-FLOW: Finish scheduling snake_top_Pipeline_VITIS_LOOP_85_3.
Execute     set_default_model snake_top_Pipeline_VITIS_LOOP_85_3 
Execute     bind -model snake_top_Pipeline_VITIS_LOOP_85_3 
INFO: [BIND 205-100] Starting micro-architecture generation ...
INFO: [BIND 205-101] Performing variable lifetime analysis.
INFO: [BIND 205-101] Exploring resource sharing.
INFO: [BIND 205-101] Binding ...
INFO: [BIND 205-100] Finished micro-architecture generation.
INFO: [HLS 200-111] Finished Binding: CPU user time: 0 seconds. CPU system time: 0 seconds. Elapsed time: 0.022 seconds; current allocated memory: 247.020 MB.
Execute     syn_report -verbosereport -o C:/Users/aniko/OneDrive/Desktop/ECE554/capstone/snake_hls/snake_hls/snake_top/hls/.autopilot/db/snake_top_Pipeline_VITIS_LOOP_85_3.verbose.bind.rpt 
Execute       list_part -family xc7z010-clg225-1 
Execute         ap_family_info -name xc7z010-clg225-1 -data names 
Execute         ap_part_info -quiet -name xc7z010-clg225-1 -data family 
Execute     db_write -o C:/Users/aniko/OneDrive/Desktop/ECE554/capstone/snake_hls/snake_hls/snake_top/hls/.autopilot/db/snake_top_Pipeline_VITIS_LOOP_85_3.bind.adb -f 
INFO-FLOW: Finish binding snake_top_Pipeline_VITIS_LOOP_85_3.
INFO: [HLS 200-10] ----------------------------------------------------------------
INFO: [HLS 200-42] -- Implementing module 'snake_top_Pipeline_VITIS_LOOP_94_4' 
INFO: [HLS 200-10] ----------------------------------------------------------------
Execute     set_default_model snake_top_Pipeline_VITIS_LOOP_94_4 
Execute     schedule -model snake_top_Pipeline_VITIS_LOOP_94_4 
INFO: [SCHED 204-11] Starting scheduling ...
INFO: [SCHED 204-61] Pipelining loop 'VITIS_LOOP_94_4'.
INFO: [HLS 200-1470] Pipelining result : Target II = NA, Final II = 1, Depth = 1, loop 'VITIS_LOOP_94_4'
INFO: [SCHED 204-11] Finished scheduling.
INFO: [HLS 200-111] Finished Scheduling: CPU user time: 1 seconds. CPU system time: 0 seconds. Elapsed time: 0.028 seconds; current allocated memory: 247.082 MB.
Execute     syn_report -verbosereport -o C:/Users/aniko/OneDrive/Desktop/ECE554/capstone/snake_hls/snake_hls/snake_top/hls/.autopilot/db/snake_top_Pipeline_VITIS_LOOP_94_4.verbose.sched.rpt 
Execute       list_part -family xc7z010-clg225-1 
Execute         ap_family_info -name xc7z010-clg225-1 -data names 
Execute         ap_part_info -quiet -name xc7z010-clg225-1 -data family 
Execute     db_write -o C:/Users/aniko/OneDrive/Desktop/ECE554/capstone/snake_hls/snake_hls/snake_top/hls/.autopilot/db/snake_top_Pipeline_VITIS_LOOP_94_4.sched.adb -f 
INFO-FLOW: Finish scheduling snake_top_Pipeline_VITIS_LOOP_94_4.
Execute     set_default_model snake_top_Pipeline_VITIS_LOOP_94_4 
Execute     bind -model snake_top_Pipeline_VITIS_LOOP_94_4 
INFO: [BIND 205-100] Starting micro-architecture generation ...
INFO: [BIND 205-101] Performing variable lifetime analysis.
INFO: [BIND 205-101] Exploring resource sharing.
INFO: [BIND 205-101] Binding ...
INFO: [BIND 205-100] Finished micro-architecture generation.
INFO: [HLS 200-111] Finished Binding: CPU user time: 0 seconds. CPU system time: 0 seconds. Elapsed time: 0.019 seconds; current allocated memory: 247.105 MB.
Execute     syn_report -verbosereport -o C:/Users/aniko/OneDrive/Desktop/ECE554/capstone/snake_hls/snake_hls/snake_top/hls/.autopilot/db/snake_top_Pipeline_VITIS_LOOP_94_4.verbose.bind.rpt 
Execute       list_part -family xc7z010-clg225-1 
Execute         ap_family_info -name xc7z010-clg225-1 -data names 
Execute         ap_part_info -quiet -name xc7z010-clg225-1 -data family 
Execute     db_write -o C:/Users/aniko/OneDrive/Desktop/ECE554/capstone/snake_hls/snake_hls/snake_top/hls/.autopilot/db/snake_top_Pipeline_VITIS_LOOP_94_4.bind.adb -f 
INFO-FLOW: Finish binding snake_top_Pipeline_VITIS_LOOP_94_4.
INFO: [HLS 200-10] ----------------------------------------------------------------
INFO: [HLS 200-42] -- Implementing module 'snake_top_Pipeline_VITIS_LOOP_27_1' 
INFO: [HLS 200-10] ----------------------------------------------------------------
Execute     set_default_model snake_top_Pipeline_VITIS_LOOP_27_1 
Execute     schedule -model snake_top_Pipeline_VITIS_LOOP_27_1 
INFO: [SCHED 204-11] Starting scheduling ...
INFO: [SCHED 204-61] Pipelining loop 'VITIS_LOOP_27_1'.
INFO: [HLS 200-1470] Pipelining result : Target II = NA, Final II = 1, Depth = 2, loop 'VITIS_LOOP_27_1'
INFO: [SCHED 204-11] Finished scheduling.
INFO: [HLS 200-111] Finished Scheduling: CPU user time: 0 seconds. CPU system time: 0 seconds. Elapsed time: 0.039 seconds; current allocated memory: 247.199 MB.
Execute     syn_report -verbosereport -o C:/Users/aniko/OneDrive/Desktop/ECE554/capstone/snake_hls/snake_hls/snake_top/hls/.autopilot/db/snake_top_Pipeline_VITIS_LOOP_27_1.verbose.sched.rpt 
Execute       list_part -family xc7z010-clg225-1 
Execute         ap_family_info -name xc7z010-clg225-1 -data names 
Execute         ap_part_info -quiet -name xc7z010-clg225-1 -data family 
Execute     db_write -o C:/Users/aniko/OneDrive/Desktop/ECE554/capstone/snake_hls/snake_hls/snake_top/hls/.autopilot/db/snake_top_Pipeline_VITIS_LOOP_27_1.sched.adb -f 
INFO-FLOW: Finish scheduling snake_top_Pipeline_VITIS_LOOP_27_1.
Execute     set_default_model snake_top_Pipeline_VITIS_LOOP_27_1 
Execute     bind -model snake_top_Pipeline_VITIS_LOOP_27_1 
INFO: [BIND 205-100] Starting micro-architecture generation ...
INFO: [BIND 205-101] Performing variable lifetime analysis.
INFO: [BIND 205-101] Exploring resource sharing.
INFO: [BIND 205-101] Binding ...
INFO: [BIND 205-100] Finished micro-architecture generation.
INFO: [HLS 200-111] Finished Binding: CPU user time: 0 seconds. CPU system time: 0 seconds. Elapsed time: 0.029 seconds; current allocated memory: 247.246 MB.
Execute     syn_report -verbosereport -o C:/Users/aniko/OneDrive/Desktop/ECE554/capstone/snake_hls/snake_hls/snake_top/hls/.autopilot/db/snake_top_Pipeline_VITIS_LOOP_27_1.verbose.bind.rpt 
Execute       list_part -family xc7z010-clg225-1 
Execute         ap_family_info -name xc7z010-clg225-1 -data names 
Execute         ap_part_info -quiet -name xc7z010-clg225-1 -data family 
Execute     db_write -o C:/Users/aniko/OneDrive/Desktop/ECE554/capstone/snake_hls/snake_hls/snake_top/hls/.autopilot/db/snake_top_Pipeline_VITIS_LOOP_27_1.bind.adb -f 
INFO-FLOW: Finish binding snake_top_Pipeline_VITIS_LOOP_27_1.
INFO: [HLS 200-10] ----------------------------------------------------------------
INFO: [HLS 200-42] -- Implementing module 'snake_top_Pipeline_VITIS_LOOP_207_5' 
INFO: [HLS 200-10] ----------------------------------------------------------------
Execute     set_default_model snake_top_Pipeline_VITIS_LOOP_207_5 
Execute     schedule -model snake_top_Pipeline_VITIS_LOOP_207_5 
INFO: [SCHED 204-11] Starting scheduling ...
INFO: [SCHED 204-61] Pipelining loop 'VITIS_LOOP_207_5'.
INFO: [HLS 200-1470] Pipelining result : Target II = NA, Final II = 1, Depth = 2, loop 'VITIS_LOOP_207_5'
INFO: [SCHED 204-11] Finished scheduling.
INFO: [HLS 200-111] Finished Scheduling: CPU user time: 0 seconds. CPU system time: 0 seconds. Elapsed time: 0.037 seconds; current allocated memory: 247.316 MB.
Execute     syn_report -verbosereport -o C:/Users/aniko/OneDrive/Desktop/ECE554/capstone/snake_hls/snake_hls/snake_top/hls/.autopilot/db/snake_top_Pipeline_VITIS_LOOP_207_5.verbose.sched.rpt 
Execute       list_part -family xc7z010-clg225-1 
Execute         ap_family_info -name xc7z010-clg225-1 -data names 
Execute         ap_part_info -quiet -name xc7z010-clg225-1 -data family 
Execute     db_write -o C:/Users/aniko/OneDrive/Desktop/ECE554/capstone/snake_hls/snake_hls/snake_top/hls/.autopilot/db/snake_top_Pipeline_VITIS_LOOP_207_5.sched.adb -f 
INFO-FLOW: Finish scheduling snake_top_Pipeline_VITIS_LOOP_207_5.
Execute     set_default_model snake_top_Pipeline_VITIS_LOOP_207_5 
Execute     bind -model snake_top_Pipeline_VITIS_LOOP_207_5 
INFO: [BIND 205-100] Starting micro-architecture generation ...
INFO: [BIND 205-101] Performing variable lifetime analysis.
INFO: [BIND 205-101] Exploring resource sharing.
INFO: [BIND 205-101] Binding ...
INFO: [BIND 205-100] Finished micro-architecture generation.
Command     bind done; 1.776 sec.
INFO: [HLS 200-111] Finished Binding: CPU user time: 0 seconds. CPU system time: 0 seconds. Elapsed time: 1.797 seconds; current allocated memory: 247.320 MB.
Execute     syn_report -verbosereport -o C:/Users/aniko/OneDrive/Desktop/ECE554/capstone/snake_hls/snake_hls/snake_top/hls/.autopilot/db/snake_top_Pipeline_VITIS_LOOP_207_5.verbose.bind.rpt 
Execute       list_part -family xc7z010-clg225-1 
Execute         ap_family_info -name xc7z010-clg225-1 -data names 
Execute         ap_part_info -quiet -name xc7z010-clg225-1 -data family 
Execute     db_write -o C:/Users/aniko/OneDrive/Desktop/ECE554/capstone/snake_hls/snake_hls/snake_top/hls/.autopilot/db/snake_top_Pipeline_VITIS_LOOP_207_5.bind.adb -f 
INFO-FLOW: Finish binding snake_top_Pipeline_VITIS_LOOP_207_5.
INFO: [HLS 200-10] ----------------------------------------------------------------
INFO: [HLS 200-42] -- Implementing module 'snake_top_Pipeline_VITIS_LOOP_27_11' 
INFO: [HLS 200-10] ----------------------------------------------------------------
Execute     set_default_model snake_top_Pipeline_VITIS_LOOP_27_11 
Execute     schedule -model snake_top_Pipeline_VITIS_LOOP_27_11 
INFO: [SCHED 204-11] Starting scheduling ...
INFO: [SCHED 204-61] Pipelining loop 'VITIS_LOOP_27_1'.
INFO: [HLS 200-1470] Pipelining result : Target II = NA, Final II = 1, Depth = 2, loop 'VITIS_LOOP_27_1'
INFO: [SCHED 204-11] Finished scheduling.
INFO: [HLS 200-111] Finished Scheduling: CPU user time: 0 seconds. CPU system time: 0 seconds. Elapsed time: 0.042 seconds; current allocated memory: 247.371 MB.
Execute     syn_report -verbosereport -o C:/Users/aniko/OneDrive/Desktop/ECE554/capstone/snake_hls/snake_hls/snake_top/hls/.autopilot/db/snake_top_Pipeline_VITIS_LOOP_27_11.verbose.sched.rpt 
Execute       list_part -family xc7z010-clg225-1 
Execute         ap_family_info -name xc7z010-clg225-1 -data names 
Execute         ap_part_info -quiet -name xc7z010-clg225-1 -data family 
Execute     db_write -o C:/Users/aniko/OneDrive/Desktop/ECE554/capstone/snake_hls/snake_hls/snake_top/hls/.autopilot/db/snake_top_Pipeline_VITIS_LOOP_27_11.sched.adb -f 
INFO-FLOW: Finish scheduling snake_top_Pipeline_VITIS_LOOP_27_11.
Execute     set_default_model snake_top_Pipeline_VITIS_LOOP_27_11 
Execute     bind -model snake_top_Pipeline_VITIS_LOOP_27_11 
INFO: [BIND 205-100] Starting micro-architecture generation ...
INFO: [BIND 205-101] Performing variable lifetime analysis.
INFO: [BIND 205-101] Exploring resource sharing.
INFO: [BIND 205-101] Binding ...
INFO: [BIND 205-100] Finished micro-architecture generation.
INFO: [HLS 200-111] Finished Binding: CPU user time: 0 seconds. CPU system time: 0 seconds. Elapsed time: 0.029 seconds; current allocated memory: 247.402 MB.
Execute     syn_report -verbosereport -o C:/Users/aniko/OneDrive/Desktop/ECE554/capstone/snake_hls/snake_hls/snake_top/hls/.autopilot/db/snake_top_Pipeline_VITIS_LOOP_27_11.verbose.bind.rpt 
Execute       list_part -family xc7z010-clg225-1 
Execute         ap_family_info -name xc7z010-clg225-1 -data names 
Execute         ap_part_info -quiet -name xc7z010-clg225-1 -data family 
Execute     db_write -o C:/Users/aniko/OneDrive/Desktop/ECE554/capstone/snake_hls/snake_hls/snake_top/hls/.autopilot/db/snake_top_Pipeline_VITIS_LOOP_27_11.bind.adb -f 
INFO-FLOW: Finish binding snake_top_Pipeline_VITIS_LOOP_27_11.
INFO: [HLS 200-10] ----------------------------------------------------------------
INFO: [HLS 200-42] -- Implementing module 'snake_top' 
INFO: [HLS 200-10] ----------------------------------------------------------------
Execute     set_default_model snake_top 
Execute     schedule -model snake_top 
INFO: [SCHED 204-11] Starting scheduling ...
INFO: [SCHED 204-11] Finished scheduling.
INFO: [HLS 200-111] Finished Scheduling: CPU user time: 0 seconds. CPU system time: 0 seconds. Elapsed time: 0.105 seconds; current allocated memory: 250.242 MB.
Execute     syn_report -verbosereport -o C:/Users/aniko/OneDrive/Desktop/ECE554/capstone/snake_hls/snake_hls/snake_top/hls/.autopilot/db/snake_top.verbose.sched.rpt 
Execute       list_part -family xc7z010-clg225-1 
Execute         ap_family_info -name xc7z010-clg225-1 -data names 
Execute         ap_part_info -quiet -name xc7z010-clg225-1 -data family 
Execute     db_write -o C:/Users/aniko/OneDrive/Desktop/ECE554/capstone/snake_hls/snake_hls/snake_top/hls/.autopilot/db/snake_top.sched.adb -f 
INFO-FLOW: Finish scheduling snake_top.
Execute     set_default_model snake_top 
Execute     bind -model snake_top 
INFO: [BIND 205-100] Starting micro-architecture generation ...
INFO: [BIND 205-101] Performing variable lifetime analysis.
INFO: [BIND 205-101] Exploring resource sharing.
INFO: [BIND 205-101] Binding ...
INFO: [BIND 205-100] Finished micro-architecture generation.
INFO: [HLS 200-111] Finished Binding: CPU user time: 0 seconds. CPU system time: 0 seconds. Elapsed time: 0.056 seconds; current allocated memory: 250.512 MB.
Execute     syn_report -verbosereport -o C:/Users/aniko/OneDrive/Desktop/ECE554/capstone/snake_hls/snake_hls/snake_top/hls/.autopilot/db/snake_top.verbose.bind.rpt 
Execute       list_part -family xc7z010-clg225-1 
Execute         ap_family_info -name xc7z010-clg225-1 -data names 
Execute         ap_part_info -quiet -name xc7z010-clg225-1 -data family 
Execute     db_write -o C:/Users/aniko/OneDrive/Desktop/ECE554/capstone/snake_hls/snake_hls/snake_top/hls/.autopilot/db/snake_top.bind.adb -f 
INFO-FLOW: Finish binding snake_top.
Execute     get_model_list snake_top -filter all-wo-channel 
INFO-FLOW: Preprocessing for RTLGen ...
Execute     rtl_gen_preprocess snake_top_Pipeline_VITIS_LOOP_73_1_VITIS_LOOP_74_2 
Execute     rtl_gen_preprocess snake_top_Pipeline_VITIS_LOOP_85_3 
Execute     rtl_gen_preprocess snake_top_Pipeline_VITIS_LOOP_94_4 
Execute     rtl_gen_preprocess snake_top_Pipeline_VITIS_LOOP_27_1 
Execute     rtl_gen_preprocess snake_top_Pipeline_VITIS_LOOP_207_5 
Execute     rtl_gen_preprocess snake_top_Pipeline_VITIS_LOOP_27_11 
Execute     rtl_gen_preprocess snake_top 
INFO-FLOW: Model list for RTL generation: snake_top_Pipeline_VITIS_LOOP_73_1_VITIS_LOOP_74_2 snake_top_Pipeline_VITIS_LOOP_85_3 snake_top_Pipeline_VITIS_LOOP_94_4 snake_top_Pipeline_VITIS_LOOP_27_1 snake_top_Pipeline_VITIS_LOOP_207_5 snake_top_Pipeline_VITIS_LOOP_27_11 snake_top
INFO: [HLS 200-10] ----------------------------------------------------------------
INFO: [HLS 200-10] -- Generating RTL for module 'snake_top_Pipeline_VITIS_LOOP_73_1_VITIS_LOOP_74_2' 
INFO: [HLS 200-10] ----------------------------------------------------------------
Execute     create_rtl_model snake_top_Pipeline_VITIS_LOOP_73_1_VITIS_LOOP_74_2 -top_prefix snake_top_ -sub_prefix snake_top_ -mg_file C:/Users/aniko/OneDrive/Desktop/ECE554/capstone/snake_hls/snake_hls/snake_top/hls/.autopilot/db/snake_top_Pipeline_VITIS_LOOP_73_1_VITIS_LOOP_74_2.compgen.tcl 
INFO: [RTGEN 206-100] Finished creating RTL model for 'snake_top_Pipeline_VITIS_LOOP_73_1_VITIS_LOOP_74_2'.
INFO: [HLS 200-111] Finished Creating RTL model: CPU user time: 0 seconds. CPU system time: 0 seconds. Elapsed time: 0.119 seconds; current allocated memory: 252.102 MB.
Execute     source C:/Users/aniko/OneDrive/Desktop/ECE554/capstone/snake_hls/snake_hls/snake_top/hls/.autopilot/db/snake_top.rtl_wrap.cfg.tcl 
Execute     gen_rtl snake_top_Pipeline_VITIS_LOOP_73_1_VITIS_LOOP_74_2 -style xilinx -f -lang vhdl -o C:/Users/aniko/OneDrive/Desktop/ECE554/capstone/snake_hls/snake_hls/snake_top/hls/syn/vhdl/snake_top_snake_top_Pipeline_VITIS_LOOP_73_1_VITIS_LOOP_74_2 
Execute     gen_rtl snake_top_Pipeline_VITIS_LOOP_73_1_VITIS_LOOP_74_2 -style xilinx -f -lang vlog -o C:/Users/aniko/OneDrive/Desktop/ECE554/capstone/snake_hls/snake_hls/snake_top/hls/syn/verilog/snake_top_snake_top_Pipeline_VITIS_LOOP_73_1_VITIS_LOOP_74_2 
Execute     syn_report -csynth -model snake_top_Pipeline_VITIS_LOOP_73_1_VITIS_LOOP_74_2 -o C:/Users/aniko/OneDrive/Desktop/ECE554/capstone/snake_hls/snake_hls/snake_top/hls/syn/report/snake_top_Pipeline_VITIS_LOOP_73_1_VITIS_LOOP_74_2_csynth.rpt 
Execute       list_part -family xc7z010-clg225-1 
Execute         ap_family_info -name xc7z010-clg225-1 -data names 
Execute         ap_part_info -quiet -name xc7z010-clg225-1 -data family 
Execute     syn_report -rtlxml -model snake_top_Pipeline_VITIS_LOOP_73_1_VITIS_LOOP_74_2 -o C:/Users/aniko/OneDrive/Desktop/ECE554/capstone/snake_hls/snake_hls/snake_top/hls/syn/report/snake_top_Pipeline_VITIS_LOOP_73_1_VITIS_LOOP_74_2_csynth.xml 
Execute       list_part -family xc7z010-clg225-1 
Execute         ap_family_info -name xc7z010-clg225-1 -data names 
Execute         ap_part_info -quiet -name xc7z010-clg225-1 -data family 
Execute     syn_report -verbosereport -model snake_top_Pipeline_VITIS_LOOP_73_1_VITIS_LOOP_74_2 -o C:/Users/aniko/OneDrive/Desktop/ECE554/capstone/snake_hls/snake_hls/snake_top/hls/.autopilot/db/snake_top_Pipeline_VITIS_LOOP_73_1_VITIS_LOOP_74_2.verbose.rpt 
Execute       list_part -family xc7z010-clg225-1 
Execute         ap_family_info -name xc7z010-clg225-1 -data names 
Execute         ap_part_info -quiet -name xc7z010-clg225-1 -data family 
Execute     db_write -model snake_top_Pipeline_VITIS_LOOP_73_1_VITIS_LOOP_74_2 -f -o C:/Users/aniko/OneDrive/Desktop/ECE554/capstone/snake_hls/snake_hls/snake_top/hls/.autopilot/db/snake_top_Pipeline_VITIS_LOOP_73_1_VITIS_LOOP_74_2.adb 
Execute     db_write -model snake_top_Pipeline_VITIS_LOOP_73_1_VITIS_LOOP_74_2 -bindview -o C:/Users/aniko/OneDrive/Desktop/ECE554/capstone/snake_hls/snake_hls/snake_top/hls/.autopilot/db/design.bindinfo.xml 
Execute     gen_tb_info snake_top_Pipeline_VITIS_LOOP_73_1_VITIS_LOOP_74_2 -p C:/Users/aniko/OneDrive/Desktop/ECE554/capstone/snake_hls/snake_hls/snake_top/hls/.autopilot/db -o C:/Users/aniko/OneDrive/Desktop/ECE554/capstone/snake_hls/snake_hls/snake_top/hls/.autopilot/db/snake_top_Pipeline_VITIS_LOOP_73_1_VITIS_LOOP_74_2 
INFO: [HLS 200-10] ----------------------------------------------------------------
INFO: [HLS 200-10] -- Generating RTL for module 'snake_top_Pipeline_VITIS_LOOP_85_3' 
INFO: [HLS 200-10] ----------------------------------------------------------------
Execute     create_rtl_model snake_top_Pipeline_VITIS_LOOP_85_3 -top_prefix snake_top_ -sub_prefix snake_top_ -mg_file C:/Users/aniko/OneDrive/Desktop/ECE554/capstone/snake_hls/snake_hls/snake_top/hls/.autopilot/db/snake_top_Pipeline_VITIS_LOOP_85_3.compgen.tcl 
INFO: [RTGEN 206-100] Finished creating RTL model for 'snake_top_Pipeline_VITIS_LOOP_85_3'.
INFO: [HLS 200-111] Finished Creating RTL model: CPU user time: 0 seconds. CPU system time: 0 seconds. Elapsed time: 0.147 seconds; current allocated memory: 253.559 MB.
Execute     source C:/Users/aniko/OneDrive/Desktop/ECE554/capstone/snake_hls/snake_hls/snake_top/hls/.autopilot/db/snake_top.rtl_wrap.cfg.tcl 
Execute     gen_rtl snake_top_Pipeline_VITIS_LOOP_85_3 -style xilinx -f -lang vhdl -o C:/Users/aniko/OneDrive/Desktop/ECE554/capstone/snake_hls/snake_hls/snake_top/hls/syn/vhdl/snake_top_snake_top_Pipeline_VITIS_LOOP_85_3 
Execute     gen_rtl snake_top_Pipeline_VITIS_LOOP_85_3 -style xilinx -f -lang vlog -o C:/Users/aniko/OneDrive/Desktop/ECE554/capstone/snake_hls/snake_hls/snake_top/hls/syn/verilog/snake_top_snake_top_Pipeline_VITIS_LOOP_85_3 
Execute     syn_report -csynth -model snake_top_Pipeline_VITIS_LOOP_85_3 -o C:/Users/aniko/OneDrive/Desktop/ECE554/capstone/snake_hls/snake_hls/snake_top/hls/syn/report/snake_top_Pipeline_VITIS_LOOP_85_3_csynth.rpt 
Execute       list_part -family xc7z010-clg225-1 
Execute         ap_family_info -name xc7z010-clg225-1 -data names 
Execute         ap_part_info -quiet -name xc7z010-clg225-1 -data family 
Execute     syn_report -rtlxml -model snake_top_Pipeline_VITIS_LOOP_85_3 -o C:/Users/aniko/OneDrive/Desktop/ECE554/capstone/snake_hls/snake_hls/snake_top/hls/syn/report/snake_top_Pipeline_VITIS_LOOP_85_3_csynth.xml 
Execute       list_part -family xc7z010-clg225-1 
Execute         ap_family_info -name xc7z010-clg225-1 -data names 
Execute         ap_part_info -quiet -name xc7z010-clg225-1 -data family 
Execute     syn_report -verbosereport -model snake_top_Pipeline_VITIS_LOOP_85_3 -o C:/Users/aniko/OneDrive/Desktop/ECE554/capstone/snake_hls/snake_hls/snake_top/hls/.autopilot/db/snake_top_Pipeline_VITIS_LOOP_85_3.verbose.rpt 
Execute       list_part -family xc7z010-clg225-1 
Execute         ap_family_info -name xc7z010-clg225-1 -data names 
Execute         ap_part_info -quiet -name xc7z010-clg225-1 -data family 
Execute     db_write -model snake_top_Pipeline_VITIS_LOOP_85_3 -f -o C:/Users/aniko/OneDrive/Desktop/ECE554/capstone/snake_hls/snake_hls/snake_top/hls/.autopilot/db/snake_top_Pipeline_VITIS_LOOP_85_3.adb 
Execute     db_write -model snake_top_Pipeline_VITIS_LOOP_85_3 -bindview -o C:/Users/aniko/OneDrive/Desktop/ECE554/capstone/snake_hls/snake_hls/snake_top/hls/.autopilot/db/design.bindinfo.xml 
Execute     gen_tb_info snake_top_Pipeline_VITIS_LOOP_85_3 -p C:/Users/aniko/OneDrive/Desktop/ECE554/capstone/snake_hls/snake_hls/snake_top/hls/.autopilot/db -o C:/Users/aniko/OneDrive/Desktop/ECE554/capstone/snake_hls/snake_hls/snake_top/hls/.autopilot/db/snake_top_Pipeline_VITIS_LOOP_85_3 
INFO: [HLS 200-10] ----------------------------------------------------------------
INFO: [HLS 200-10] -- Generating RTL for module 'snake_top_Pipeline_VITIS_LOOP_94_4' 
INFO: [HLS 200-10] ----------------------------------------------------------------
Execute     create_rtl_model snake_top_Pipeline_VITIS_LOOP_94_4 -top_prefix snake_top_ -sub_prefix snake_top_ -mg_file C:/Users/aniko/OneDrive/Desktop/ECE554/capstone/snake_hls/snake_hls/snake_top/hls/.autopilot/db/snake_top_Pipeline_VITIS_LOOP_94_4.compgen.tcl 
INFO: [RTGEN 206-100] Finished creating RTL model for 'snake_top_Pipeline_VITIS_LOOP_94_4'.
INFO: [HLS 200-111] Finished Creating RTL model: CPU user time: 0 seconds. CPU system time: 0 seconds. Elapsed time: 0.119 seconds; current allocated memory: 254.309 MB.
Execute     source C:/Users/aniko/OneDrive/Desktop/ECE554/capstone/snake_hls/snake_hls/snake_top/hls/.autopilot/db/snake_top.rtl_wrap.cfg.tcl 
Execute     gen_rtl snake_top_Pipeline_VITIS_LOOP_94_4 -style xilinx -f -lang vhdl -o C:/Users/aniko/OneDrive/Desktop/ECE554/capstone/snake_hls/snake_hls/snake_top/hls/syn/vhdl/snake_top_snake_top_Pipeline_VITIS_LOOP_94_4 
Execute     gen_rtl snake_top_Pipeline_VITIS_LOOP_94_4 -style xilinx -f -lang vlog -o C:/Users/aniko/OneDrive/Desktop/ECE554/capstone/snake_hls/snake_hls/snake_top/hls/syn/verilog/snake_top_snake_top_Pipeline_VITIS_LOOP_94_4 
Execute     syn_report -csynth -model snake_top_Pipeline_VITIS_LOOP_94_4 -o C:/Users/aniko/OneDrive/Desktop/ECE554/capstone/snake_hls/snake_hls/snake_top/hls/syn/report/snake_top_Pipeline_VITIS_LOOP_94_4_csynth.rpt 
Execute       list_part -family xc7z010-clg225-1 
Execute         ap_family_info -name xc7z010-clg225-1 -data names 
Execute         ap_part_info -quiet -name xc7z010-clg225-1 -data family 
Execute     syn_report -rtlxml -model snake_top_Pipeline_VITIS_LOOP_94_4 -o C:/Users/aniko/OneDrive/Desktop/ECE554/capstone/snake_hls/snake_hls/snake_top/hls/syn/report/snake_top_Pipeline_VITIS_LOOP_94_4_csynth.xml 
Execute       list_part -family xc7z010-clg225-1 
Execute         ap_family_info -name xc7z010-clg225-1 -data names 
Execute         ap_part_info -quiet -name xc7z010-clg225-1 -data family 
Execute     syn_report -verbosereport -model snake_top_Pipeline_VITIS_LOOP_94_4 -o C:/Users/aniko/OneDrive/Desktop/ECE554/capstone/snake_hls/snake_hls/snake_top/hls/.autopilot/db/snake_top_Pipeline_VITIS_LOOP_94_4.verbose.rpt 
Execute       list_part -family xc7z010-clg225-1 
Execute         ap_family_info -name xc7z010-clg225-1 -data names 
Execute         ap_part_info -quiet -name xc7z010-clg225-1 -data family 
Execute     db_write -model snake_top_Pipeline_VITIS_LOOP_94_4 -f -o C:/Users/aniko/OneDrive/Desktop/ECE554/capstone/snake_hls/snake_hls/snake_top/hls/.autopilot/db/snake_top_Pipeline_VITIS_LOOP_94_4.adb 
Execute     db_write -model snake_top_Pipeline_VITIS_LOOP_94_4 -bindview -o C:/Users/aniko/OneDrive/Desktop/ECE554/capstone/snake_hls/snake_hls/snake_top/hls/.autopilot/db/design.bindinfo.xml 
Execute     gen_tb_info snake_top_Pipeline_VITIS_LOOP_94_4 -p C:/Users/aniko/OneDrive/Desktop/ECE554/capstone/snake_hls/snake_hls/snake_top/hls/.autopilot/db -o C:/Users/aniko/OneDrive/Desktop/ECE554/capstone/snake_hls/snake_hls/snake_top/hls/.autopilot/db/snake_top_Pipeline_VITIS_LOOP_94_4 
INFO: [HLS 200-10] ----------------------------------------------------------------
INFO: [HLS 200-10] -- Generating RTL for module 'snake_top_Pipeline_VITIS_LOOP_27_1' 
INFO: [HLS 200-10] ----------------------------------------------------------------
Execute     create_rtl_model snake_top_Pipeline_VITIS_LOOP_27_1 -top_prefix snake_top_ -sub_prefix snake_top_ -mg_file C:/Users/aniko/OneDrive/Desktop/ECE554/capstone/snake_hls/snake_hls/snake_top/hls/.autopilot/db/snake_top_Pipeline_VITIS_LOOP_27_1.compgen.tcl 
INFO: [HLS 200-1030] Apply Unified Pipeline Control on module 'snake_top_Pipeline_VITIS_LOOP_27_1' pipeline 'VITIS_LOOP_27_1' pipeline type 'loop pipeline'
INFO: [RTGEN 206-100] Finished creating RTL model for 'snake_top_Pipeline_VITIS_LOOP_27_1'.
Command     create_rtl_model done; 1.324 sec.
INFO: [HLS 200-111] Finished Creating RTL model: CPU user time: 0 seconds. CPU system time: 0 seconds. Elapsed time: 1.419 seconds; current allocated memory: 255.156 MB.
Execute     source C:/Users/aniko/OneDrive/Desktop/ECE554/capstone/snake_hls/snake_hls/snake_top/hls/.autopilot/db/snake_top.rtl_wrap.cfg.tcl 
Execute     gen_rtl snake_top_Pipeline_VITIS_LOOP_27_1 -style xilinx -f -lang vhdl -o C:/Users/aniko/OneDrive/Desktop/ECE554/capstone/snake_hls/snake_hls/snake_top/hls/syn/vhdl/snake_top_snake_top_Pipeline_VITIS_LOOP_27_1 
Execute     gen_rtl snake_top_Pipeline_VITIS_LOOP_27_1 -style xilinx -f -lang vlog -o C:/Users/aniko/OneDrive/Desktop/ECE554/capstone/snake_hls/snake_hls/snake_top/hls/syn/verilog/snake_top_snake_top_Pipeline_VITIS_LOOP_27_1 
Execute     syn_report -csynth -model snake_top_Pipeline_VITIS_LOOP_27_1 -o C:/Users/aniko/OneDrive/Desktop/ECE554/capstone/snake_hls/snake_hls/snake_top/hls/syn/report/snake_top_Pipeline_VITIS_LOOP_27_1_csynth.rpt 
Execute       list_part -family xc7z010-clg225-1 
Execute         ap_family_info -name xc7z010-clg225-1 -data names 
Execute         ap_part_info -quiet -name xc7z010-clg225-1 -data family 
Execute     syn_report -rtlxml -model snake_top_Pipeline_VITIS_LOOP_27_1 -o C:/Users/aniko/OneDrive/Desktop/ECE554/capstone/snake_hls/snake_hls/snake_top/hls/syn/report/snake_top_Pipeline_VITIS_LOOP_27_1_csynth.xml 
Execute       list_part -family xc7z010-clg225-1 
Execute         ap_family_info -name xc7z010-clg225-1 -data names 
Execute         ap_part_info -quiet -name xc7z010-clg225-1 -data family 
Execute     syn_report -verbosereport -model snake_top_Pipeline_VITIS_LOOP_27_1 -o C:/Users/aniko/OneDrive/Desktop/ECE554/capstone/snake_hls/snake_hls/snake_top/hls/.autopilot/db/snake_top_Pipeline_VITIS_LOOP_27_1.verbose.rpt 
Execute       list_part -family xc7z010-clg225-1 
Execute         ap_family_info -name xc7z010-clg225-1 -data names 
Execute         ap_part_info -quiet -name xc7z010-clg225-1 -data family 
Execute     db_write -model snake_top_Pipeline_VITIS_LOOP_27_1 -f -o C:/Users/aniko/OneDrive/Desktop/ECE554/capstone/snake_hls/snake_hls/snake_top/hls/.autopilot/db/snake_top_Pipeline_VITIS_LOOP_27_1.adb 
Execute     db_write -model snake_top_Pipeline_VITIS_LOOP_27_1 -bindview -o C:/Users/aniko/OneDrive/Desktop/ECE554/capstone/snake_hls/snake_hls/snake_top/hls/.autopilot/db/design.bindinfo.xml 
Execute     gen_tb_info snake_top_Pipeline_VITIS_LOOP_27_1 -p C:/Users/aniko/OneDrive/Desktop/ECE554/capstone/snake_hls/snake_hls/snake_top/hls/.autopilot/db -o C:/Users/aniko/OneDrive/Desktop/ECE554/capstone/snake_hls/snake_hls/snake_top/hls/.autopilot/db/snake_top_Pipeline_VITIS_LOOP_27_1 
INFO: [HLS 200-10] ----------------------------------------------------------------
INFO: [HLS 200-10] -- Generating RTL for module 'snake_top_Pipeline_VITIS_LOOP_207_5' 
INFO: [HLS 200-10] ----------------------------------------------------------------
Execute     create_rtl_model snake_top_Pipeline_VITIS_LOOP_207_5 -top_prefix snake_top_ -sub_prefix snake_top_ -mg_file C:/Users/aniko/OneDrive/Desktop/ECE554/capstone/snake_hls/snake_hls/snake_top/hls/.autopilot/db/snake_top_Pipeline_VITIS_LOOP_207_5.compgen.tcl 
INFO: [HLS 200-1030] Apply Unified Pipeline Control on module 'snake_top_Pipeline_VITIS_LOOP_207_5' pipeline 'VITIS_LOOP_207_5' pipeline type 'loop pipeline'
INFO: [RTGEN 206-100] Finished creating RTL model for 'snake_top_Pipeline_VITIS_LOOP_207_5'.
INFO: [HLS 200-111] Finished Creating RTL model: CPU user time: 0 seconds. CPU system time: 0 seconds. Elapsed time: 0.181 seconds; current allocated memory: 256.578 MB.
Execute     source C:/Users/aniko/OneDrive/Desktop/ECE554/capstone/snake_hls/snake_hls/snake_top/hls/.autopilot/db/snake_top.rtl_wrap.cfg.tcl 
Execute     gen_rtl snake_top_Pipeline_VITIS_LOOP_207_5 -style xilinx -f -lang vhdl -o C:/Users/aniko/OneDrive/Desktop/ECE554/capstone/snake_hls/snake_hls/snake_top/hls/syn/vhdl/snake_top_snake_top_Pipeline_VITIS_LOOP_207_5 
Execute     gen_rtl snake_top_Pipeline_VITIS_LOOP_207_5 -style xilinx -f -lang vlog -o C:/Users/aniko/OneDrive/Desktop/ECE554/capstone/snake_hls/snake_hls/snake_top/hls/syn/verilog/snake_top_snake_top_Pipeline_VITIS_LOOP_207_5 
Execute     syn_report -csynth -model snake_top_Pipeline_VITIS_LOOP_207_5 -o C:/Users/aniko/OneDrive/Desktop/ECE554/capstone/snake_hls/snake_hls/snake_top/hls/syn/report/snake_top_Pipeline_VITIS_LOOP_207_5_csynth.rpt 
Execute       list_part -family xc7z010-clg225-1 
Execute         ap_family_info -name xc7z010-clg225-1 -data names 
Execute         ap_part_info -quiet -name xc7z010-clg225-1 -data family 
Execute     syn_report -rtlxml -model snake_top_Pipeline_VITIS_LOOP_207_5 -o C:/Users/aniko/OneDrive/Desktop/ECE554/capstone/snake_hls/snake_hls/snake_top/hls/syn/report/snake_top_Pipeline_VITIS_LOOP_207_5_csynth.xml 
Execute       list_part -family xc7z010-clg225-1 
Execute         ap_family_info -name xc7z010-clg225-1 -data names 
Execute         ap_part_info -quiet -name xc7z010-clg225-1 -data family 
Execute     syn_report -verbosereport -model snake_top_Pipeline_VITIS_LOOP_207_5 -o C:/Users/aniko/OneDrive/Desktop/ECE554/capstone/snake_hls/snake_hls/snake_top/hls/.autopilot/db/snake_top_Pipeline_VITIS_LOOP_207_5.verbose.rpt 
Execute       list_part -family xc7z010-clg225-1 
Execute         ap_family_info -name xc7z010-clg225-1 -data names 
Execute         ap_part_info -quiet -name xc7z010-clg225-1 -data family 
Execute     db_write -model snake_top_Pipeline_VITIS_LOOP_207_5 -f -o C:/Users/aniko/OneDrive/Desktop/ECE554/capstone/snake_hls/snake_hls/snake_top/hls/.autopilot/db/snake_top_Pipeline_VITIS_LOOP_207_5.adb 
Execute     db_write -model snake_top_Pipeline_VITIS_LOOP_207_5 -bindview -o C:/Users/aniko/OneDrive/Desktop/ECE554/capstone/snake_hls/snake_hls/snake_top/hls/.autopilot/db/design.bindinfo.xml 
Execute     gen_tb_info snake_top_Pipeline_VITIS_LOOP_207_5 -p C:/Users/aniko/OneDrive/Desktop/ECE554/capstone/snake_hls/snake_hls/snake_top/hls/.autopilot/db -o C:/Users/aniko/OneDrive/Desktop/ECE554/capstone/snake_hls/snake_hls/snake_top/hls/.autopilot/db/snake_top_Pipeline_VITIS_LOOP_207_5 
INFO: [HLS 200-10] ----------------------------------------------------------------
INFO: [HLS 200-10] -- Generating RTL for module 'snake_top_Pipeline_VITIS_LOOP_27_11' 
INFO: [HLS 200-10] ----------------------------------------------------------------
Execute     create_rtl_model snake_top_Pipeline_VITIS_LOOP_27_11 -top_prefix snake_top_ -sub_prefix snake_top_ -mg_file C:/Users/aniko/OneDrive/Desktop/ECE554/capstone/snake_hls/snake_hls/snake_top/hls/.autopilot/db/snake_top_Pipeline_VITIS_LOOP_27_11.compgen.tcl 
INFO: [HLS 200-1030] Apply Unified Pipeline Control on module 'snake_top_Pipeline_VITIS_LOOP_27_11' pipeline 'VITIS_LOOP_27_1' pipeline type 'loop pipeline'
INFO: [RTGEN 206-100] Finished creating RTL model for 'snake_top_Pipeline_VITIS_LOOP_27_11'.
INFO: [HLS 200-111] Finished Creating RTL model: CPU user time: 0 seconds. CPU system time: 0 seconds. Elapsed time: 0.122 seconds; current allocated memory: 257.188 MB.
Execute     source C:/Users/aniko/OneDrive/Desktop/ECE554/capstone/snake_hls/snake_hls/snake_top/hls/.autopilot/db/snake_top.rtl_wrap.cfg.tcl 
Execute     gen_rtl snake_top_Pipeline_VITIS_LOOP_27_11 -style xilinx -f -lang vhdl -o C:/Users/aniko/OneDrive/Desktop/ECE554/capstone/snake_hls/snake_hls/snake_top/hls/syn/vhdl/snake_top_snake_top_Pipeline_VITIS_LOOP_27_11 
Execute     gen_rtl snake_top_Pipeline_VITIS_LOOP_27_11 -style xilinx -f -lang vlog -o C:/Users/aniko/OneDrive/Desktop/ECE554/capstone/snake_hls/snake_hls/snake_top/hls/syn/verilog/snake_top_snake_top_Pipeline_VITIS_LOOP_27_11 
Execute     syn_report -csynth -model snake_top_Pipeline_VITIS_LOOP_27_11 -o C:/Users/aniko/OneDrive/Desktop/ECE554/capstone/snake_hls/snake_hls/snake_top/hls/syn/report/snake_top_Pipeline_VITIS_LOOP_27_11_csynth.rpt 
Execute       list_part -family xc7z010-clg225-1 
Execute         ap_family_info -name xc7z010-clg225-1 -data names 
Execute         ap_part_info -quiet -name xc7z010-clg225-1 -data family 
Execute     syn_report -rtlxml -model snake_top_Pipeline_VITIS_LOOP_27_11 -o C:/Users/aniko/OneDrive/Desktop/ECE554/capstone/snake_hls/snake_hls/snake_top/hls/syn/report/snake_top_Pipeline_VITIS_LOOP_27_11_csynth.xml 
Execute       list_part -family xc7z010-clg225-1 
Execute         ap_family_info -name xc7z010-clg225-1 -data names 
Execute         ap_part_info -quiet -name xc7z010-clg225-1 -data family 
Execute     syn_report -verbosereport -model snake_top_Pipeline_VITIS_LOOP_27_11 -o C:/Users/aniko/OneDrive/Desktop/ECE554/capstone/snake_hls/snake_hls/snake_top/hls/.autopilot/db/snake_top_Pipeline_VITIS_LOOP_27_11.verbose.rpt 
Execute       list_part -family xc7z010-clg225-1 
Execute         ap_family_info -name xc7z010-clg225-1 -data names 
Execute         ap_part_info -quiet -name xc7z010-clg225-1 -data family 
Execute     db_write -model snake_top_Pipeline_VITIS_LOOP_27_11 -f -o C:/Users/aniko/OneDrive/Desktop/ECE554/capstone/snake_hls/snake_hls/snake_top/hls/.autopilot/db/snake_top_Pipeline_VITIS_LOOP_27_11.adb 
Execute     db_write -model snake_top_Pipeline_VITIS_LOOP_27_11 -bindview -o C:/Users/aniko/OneDrive/Desktop/ECE554/capstone/snake_hls/snake_hls/snake_top/hls/.autopilot/db/design.bindinfo.xml 
Execute     gen_tb_info snake_top_Pipeline_VITIS_LOOP_27_11 -p C:/Users/aniko/OneDrive/Desktop/ECE554/capstone/snake_hls/snake_hls/snake_top/hls/.autopilot/db -o C:/Users/aniko/OneDrive/Desktop/ECE554/capstone/snake_hls/snake_hls/snake_top/hls/.autopilot/db/snake_top_Pipeline_VITIS_LOOP_27_11 
INFO: [HLS 200-10] ----------------------------------------------------------------
INFO: [HLS 200-10] -- Generating RTL for module 'snake_top' 
INFO: [HLS 200-10] ----------------------------------------------------------------
Execute     create_rtl_model snake_top -top_prefix  -sub_prefix snake_top_ -mg_file C:/Users/aniko/OneDrive/Desktop/ECE554/capstone/snake_hls/snake_hls/snake_top/hls/.autopilot/db/snake_top.compgen.tcl 
INFO: [RTGEN 206-500] Setting interface mode on port 'snake_top/hand_x' to 'ap_none'.
INFO: [RTGEN 206-500] Setting interface mode on port 'snake_top/hand_y' to 'ap_none'.
INFO: [RTGEN 206-500] Setting interface mode on port 'snake_top/detected' to 'ap_none'.
INFO: [RTGEN 206-500] Setting interface mode on port 'snake_top/vga_x' to 'ap_none'.
INFO: [RTGEN 206-500] Setting interface mode on port 'snake_top/vga_y' to 'ap_none'.
INFO: [RTGEN 206-500] Setting interface mode on port 'snake_top/vsync' to 'ap_none'.
INFO: [RTGEN 206-500] Setting interface mode on port 'snake_top/rst_n' to 'ap_none'.
INFO: [RTGEN 206-500] Setting interface mode on port 'snake_top/R_out' to 'ap_vld'.
INFO: [RTGEN 206-500] Setting interface mode on port 'snake_top/G_out' to 'ap_vld'.
INFO: [RTGEN 206-500] Setting interface mode on port 'snake_top/B_out' to 'ap_vld'.
INFO: [RTGEN 206-500] Setting interface mode on function 'snake_top' to 'ap_ctrl_hs'.
WARNING: [RTGEN 206-101] Register 'st_direction' is power-on initialization.
WARNING: [RTGEN 206-101] Register 'st_frame_count' is power-on initialization.
WARNING: [RTGEN 206-101] Register 'st_food_col' is power-on initialization.
WARNING: [RTGEN 206-101] Register 'st_food_row' is power-on initialization.
WARNING: [RTGEN 206-101] Register 'st_length' is power-on initialization.
WARNING: [RTGEN 206-101] Register 'st_game_over' is power-on initialization.
WARNING: [RTGEN 206-101] Register 'vsync_prev' is power-on initialization.
WARNING: [RTGEN 206-101] Register 'lfsr' is power-on initialization.
INFO: [RTGEN 206-100] Finished creating RTL model for 'snake_top'.
INFO: [RTMG 210-278] Implementing memory 'snake_top_grid_RAM_AUTO_1R1W' using auto RAMs.
INFO: [RTMG 210-278] Implementing memory 'snake_top_st_body_col_RAM_AUTO_1R1W' using auto RAMs.
INFO: [RTMG 210-278] Implementing memory 'snake_top_st_body_row_RAM_AUTO_1R1W' using auto RAMs.
INFO: [HLS 200-111] Finished Creating RTL model: CPU user time: 0 seconds. CPU system time: 0 seconds. Elapsed time: 0.264 seconds; current allocated memory: 260.629 MB.
Execute     source C:/Users/aniko/OneDrive/Desktop/ECE554/capstone/snake_hls/snake_hls/snake_top/hls/.autopilot/db/snake_top.rtl_wrap.cfg.tcl 
Execute     gen_rtl snake_top -istop -style xilinx -f -lang vhdl -o C:/Users/aniko/OneDrive/Desktop/ECE554/capstone/snake_hls/snake_hls/snake_top/hls/syn/vhdl/snake_top 
Execute     gen_rtl snake_top -istop -style xilinx -f -lang vlog -o C:/Users/aniko/OneDrive/Desktop/ECE554/capstone/snake_hls/snake_hls/snake_top/hls/syn/verilog/snake_top 
Execute     syn_report -csynth -model snake_top -o C:/Users/aniko/OneDrive/Desktop/ECE554/capstone/snake_hls/snake_hls/snake_top/hls/syn/report/snake_top_csynth.rpt 
Execute       list_part -family xc7z010-clg225-1 
Execute         ap_family_info -name xc7z010-clg225-1 -data names 
Execute         ap_part_info -quiet -name xc7z010-clg225-1 -data family 
Execute     syn_report -rtlxml -model snake_top -o C:/Users/aniko/OneDrive/Desktop/ECE554/capstone/snake_hls/snake_hls/snake_top/hls/syn/report/snake_top_csynth.xml 
Execute       list_part -family xc7z010-clg225-1 
Execute         ap_family_info -name xc7z010-clg225-1 -data names 
Execute         ap_part_info -quiet -name xc7z010-clg225-1 -data family 
Execute     syn_report -verbosereport -model snake_top -o C:/Users/aniko/OneDrive/Desktop/ECE554/capstone/snake_hls/snake_hls/snake_top/hls/.autopilot/db/snake_top.verbose.rpt 
Execute       list_part -family xc7z010-clg225-1 
Execute         ap_family_info -name xc7z010-clg225-1 -data names 
Execute         ap_part_info -quiet -name xc7z010-clg225-1 -data family 
Execute     db_write -model snake_top -f -o C:/Users/aniko/OneDrive/Desktop/ECE554/capstone/snake_hls/snake_hls/snake_top/hls/.autopilot/db/snake_top.adb 
Execute     db_write -model snake_top -bindview -o C:/Users/aniko/OneDrive/Desktop/ECE554/capstone/snake_hls/snake_hls/snake_top/hls/.autopilot/db/design.bindinfo.xml 
Execute     gen_tb_info snake_top -p C:/Users/aniko/OneDrive/Desktop/ECE554/capstone/snake_hls/snake_hls/snake_top/hls/.autopilot/db -o C:/Users/aniko/OneDrive/Desktop/ECE554/capstone/snake_hls/snake_hls/snake_top/hls/.autopilot/db/snake_top 
Execute     export_constraint_db -f -tool general -o C:/Users/aniko/OneDrive/Desktop/ECE554/capstone/snake_hls/snake_hls/snake_top/hls/.autopilot/db/snake_top.constraint.tcl 
Execute     syn_report -designview -model snake_top -o C:/Users/aniko/OneDrive/Desktop/ECE554/capstone/snake_hls/snake_hls/snake_top/hls/.autopilot/db/snake_top.design.xml 
Execute     syn_report -csynthDesign -model snake_top -o C:/Users/aniko/OneDrive/Desktop/ECE554/capstone/snake_hls/snake_hls/snake_top/hls/syn/report/csynth.rpt -MHOut C:/Users/aniko/OneDrive/Desktop/ECE554/capstone/snake_hls/snake_hls/snake_top/hls/.autopilot/db/kernel_module_hierarchy.tcl 
Execute       list_part -family xc7z010-clg225-1 
Execute         ap_family_info -name xc7z010-clg225-1 -data names 
Execute         ap_part_info -quiet -name xc7z010-clg225-1 -data family 
Execute     syn_report -wcfg -model snake_top -o C:/Users/aniko/OneDrive/Desktop/ECE554/capstone/snake_hls/snake_hls/snake_top/hls/.autopilot/db/snake_top_dataflow_ana.wcfg 
Execute     syn_report -protoinst -model snake_top -o C:/Users/aniko/OneDrive/Desktop/ECE554/capstone/snake_hls/snake_hls/snake_top/hls/.autopilot/db/snake_top.protoinst 
Execute     sc_get_clocks snake_top 
Execute     sc_get_portdomain snake_top 
INFO-FLOW: Model list for RTL component generation: snake_top_Pipeline_VITIS_LOOP_73_1_VITIS_LOOP_74_2 snake_top_Pipeline_VITIS_LOOP_85_3 snake_top_Pipeline_VITIS_LOOP_94_4 snake_top_Pipeline_VITIS_LOOP_27_1 snake_top_Pipeline_VITIS_LOOP_207_5 snake_top_Pipeline_VITIS_LOOP_27_11 snake_top
INFO-FLOW: Handling components in module [snake_top_Pipeline_VITIS_LOOP_73_1_VITIS_LOOP_74_2] ... 
Execute     source C:/Users/aniko/OneDrive/Desktop/ECE554/capstone/snake_hls/snake_hls/snake_top/hls/.autopilot/db/snake_top_Pipeline_VITIS_LOOP_73_1_VITIS_LOOP_74_2.compgen.tcl 
INFO-FLOW: Found component snake_top_flow_control_loop_pipe_sequential_init.
INFO-FLOW: Append model snake_top_flow_control_loop_pipe_sequential_init
INFO-FLOW: Handling components in module [snake_top_Pipeline_VITIS_LOOP_85_3] ... 
Execute     source C:/Users/aniko/OneDrive/Desktop/ECE554/capstone/snake_hls/snake_hls/snake_top/hls/.autopilot/db/snake_top_Pipeline_VITIS_LOOP_85_3.compgen.tcl 
INFO-FLOW: Found component snake_top_flow_control_loop_pipe_sequential_init.
INFO-FLOW: Append model snake_top_flow_control_loop_pipe_sequential_init
INFO-FLOW: Handling components in module [snake_top_Pipeline_VITIS_LOOP_94_4] ... 
Execute     source C:/Users/aniko/OneDrive/Desktop/ECE554/capstone/snake_hls/snake_hls/snake_top/hls/.autopilot/db/snake_top_Pipeline_VITIS_LOOP_94_4.compgen.tcl 
INFO-FLOW: Found component snake_top_flow_control_loop_pipe_sequential_init.
INFO-FLOW: Append model snake_top_flow_control_loop_pipe_sequential_init
INFO-FLOW: Handling components in module [snake_top_Pipeline_VITIS_LOOP_27_1] ... 
Execute     source C:/Users/aniko/OneDrive/Desktop/ECE554/capstone/snake_hls/snake_hls/snake_top/hls/.autopilot/db/snake_top_Pipeline_VITIS_LOOP_27_1.compgen.tcl 
INFO-FLOW: Found component snake_top_flow_control_loop_pipe_sequential_init.
INFO-FLOW: Append model snake_top_flow_control_loop_pipe_sequential_init
INFO-FLOW: Handling components in module [snake_top_Pipeline_VITIS_LOOP_207_5] ... 
Execute     source C:/Users/aniko/OneDrive/Desktop/ECE554/capstone/snake_hls/snake_hls/snake_top/hls/.autopilot/db/snake_top_Pipeline_VITIS_LOOP_207_5.compgen.tcl 
INFO-FLOW: Found component snake_top_flow_control_loop_pipe_sequential_init.
INFO-FLOW: Append model snake_top_flow_control_loop_pipe_sequential_init
INFO-FLOW: Handling components in module [snake_top_Pipeline_VITIS_LOOP_27_11] ... 
Execute     source C:/Users/aniko/OneDrive/Desktop/ECE554/capstone/snake_hls/snake_hls/snake_top/hls/.autopilot/db/snake_top_Pipeline_VITIS_LOOP_27_11.compgen.tcl 
INFO-FLOW: Found component snake_top_flow_control_loop_pipe_sequential_init.
INFO-FLOW: Append model snake_top_flow_control_loop_pipe_sequential_init
INFO-FLOW: Handling components in module [snake_top] ... 
Execute     source C:/Users/aniko/OneDrive/Desktop/ECE554/capstone/snake_hls/snake_hls/snake_top/hls/.autopilot/db/snake_top.compgen.tcl 
INFO-FLOW: Found component snake_top_grid_RAM_AUTO_1R1W.
INFO-FLOW: Append model snake_top_grid_RAM_AUTO_1R1W
INFO-FLOW: Found component snake_top_st_body_col_RAM_AUTO_1R1W.
INFO-FLOW: Append model snake_top_st_body_col_RAM_AUTO_1R1W
INFO-FLOW: Found component snake_top_st_body_row_RAM_AUTO_1R1W.
INFO-FLOW: Append model snake_top_st_body_row_RAM_AUTO_1R1W
INFO-FLOW: Append model snake_top_Pipeline_VITIS_LOOP_73_1_VITIS_LOOP_74_2
INFO-FLOW: Append model snake_top_Pipeline_VITIS_LOOP_85_3
INFO-FLOW: Append model snake_top_Pipeline_VITIS_LOOP_94_4
INFO-FLOW: Append model snake_top_Pipeline_VITIS_LOOP_27_1
INFO-FLOW: Append model snake_top_Pipeline_VITIS_LOOP_207_5
INFO-FLOW: Append model snake_top_Pipeline_VITIS_LOOP_27_11
INFO-FLOW: Append model snake_top
INFO-FLOW: Generating RTL model list ...
INFO-FLOW: All models in this session: snake_top_flow_control_loop_pipe_sequential_init snake_top_flow_control_loop_pipe_sequential_init snake_top_flow_control_loop_pipe_sequential_init snake_top_flow_control_loop_pipe_sequential_init snake_top_flow_control_loop_pipe_sequential_init snake_top_flow_control_loop_pipe_sequential_init snake_top_grid_RAM_AUTO_1R1W snake_top_st_body_col_RAM_AUTO_1R1W snake_top_st_body_row_RAM_AUTO_1R1W snake_top_Pipeline_VITIS_LOOP_73_1_VITIS_LOOP_74_2 snake_top_Pipeline_VITIS_LOOP_85_3 snake_top_Pipeline_VITIS_LOOP_94_4 snake_top_Pipeline_VITIS_LOOP_27_1 snake_top_Pipeline_VITIS_LOOP_207_5 snake_top_Pipeline_VITIS_LOOP_27_11 snake_top
INFO-FLOW: Generating C:/Users/aniko/OneDrive/Desktop/ECE554/capstone/snake_hls/snake_hls/snake_top/hls/.autopilot/db/autopilot.rtl.models.txt file...
INFO-FLOW: To file: write model snake_top_flow_control_loop_pipe_sequential_init
INFO-FLOW: To file: write model snake_top_flow_control_loop_pipe_sequential_init
INFO-FLOW: To file: write model snake_top_flow_control_loop_pipe_sequential_init
INFO-FLOW: To file: write model snake_top_flow_control_loop_pipe_sequential_init
INFO-FLOW: To file: write model snake_top_flow_control_loop_pipe_sequential_init
INFO-FLOW: To file: write model snake_top_flow_control_loop_pipe_sequential_init
INFO-FLOW: To file: write model snake_top_grid_RAM_AUTO_1R1W
INFO-FLOW: To file: write model snake_top_st_body_col_RAM_AUTO_1R1W
INFO-FLOW: To file: write model snake_top_st_body_row_RAM_AUTO_1R1W
INFO-FLOW: To file: write model snake_top_Pipeline_VITIS_LOOP_73_1_VITIS_LOOP_74_2
INFO-FLOW: To file: write model snake_top_Pipeline_VITIS_LOOP_85_3
INFO-FLOW: To file: write model snake_top_Pipeline_VITIS_LOOP_94_4
INFO-FLOW: To file: write model snake_top_Pipeline_VITIS_LOOP_27_1
INFO-FLOW: To file: write model snake_top_Pipeline_VITIS_LOOP_207_5
INFO-FLOW: To file: write model snake_top_Pipeline_VITIS_LOOP_27_11
INFO-FLOW: To file: write model snake_top
INFO-FLOW: Generating C:/Users/aniko/OneDrive/Desktop/ECE554/capstone/snake_hls/snake_hls/snake_top/hls/.autopilot/db/autopilot.rtl.models.tcl file...
INFO-FLOW: Finished generating RTL model list.


INFO-FLOW: RTL Generation done.
INFO-FLOW: CAS Generation done.
INFO-FLOW: CBC Generation done.
Execute     AP::msg_collection_file -close 
INFO-FLOW: DBG:PROC: ::AESL_AUTOMG::auto_generate_csynth_design
INFO-FLOW: DBG:PUTS: read_platform_lib C:/Users/aniko/OneDrive/Desktop/ECE554/capstone/snake_hls/snake_hls/snake_top/hls/.autopilot/db/global.setting.tcl
Execute     source C:/AMDDesignTools/2025.2/Vitis/common/technology/generic/autopilot/common.gen 
Execute       source C:/AMDDesignTools/2025.2/Vitis/common/technology/generic/autopilot/APCoreGen.gen 
Execute     source C:/AMDDesignTools/2025.2/Vitis/common/technology/generic/autopilot/op.gen 
Execute     source C:/AMDDesignTools/2025.2/Vitis/common/technology/generic/autopilot/op_simcore.gen 
Execute     source C:/AMDDesignTools/2025.2/Vitis/common/technology/generic/autopilot/interface.gen 
Execute     source C:/Users/aniko/OneDrive/Desktop/ECE554/capstone/snake_hls/snake_hls/snake_top/hls/.autopilot/db/global.setting.tcl 
Execute     source C:/AMDDesignTools/2025.2/Vitis/common/technology/xilinx/common/xilinx.gen 
Execute       source C:/AMDDesignTools/2025.2/Vitis/common/technology/xilinx/interface/plb46.gen 
Execute       source C:/AMDDesignTools/2025.2/Vitis/common/technology/xilinx/interface/axi4.gen 
Execute       source C:/AMDDesignTools/2025.2/Vitis/common/technology/xilinx/interface/nativeAXI4.gen 
Execute         source C:/AMDDesignTools/2025.2/Vitis/common/technology/xilinx/interface/saxilite.gen 
Execute       source C:/AMDDesignTools/2025.2/Vitis/common/technology/xilinx/scripts/xilinxcoregen.gen 
Execute       source C:/AMDDesignTools/2025.2/Vitis/common/technology/xilinx/interface/XilEDKCoreGen.gen 
Execute       source C:/AMDDesignTools/2025.2/Vitis/common/technology/xilinx/ip/dds_compiler.gen 
Execute       source C:/AMDDesignTools/2025.2/Vitis/common/technology/xilinx/ip/util.gen 
Execute       source C:/AMDDesignTools/2025.2/Vitis/common/technology/xilinx/ip/xfft.gen 
Execute       source C:/AMDDesignTools/2025.2/Vitis/common/technology/xilinx/ip/xfir.gen 
Execute       source C:/AMDDesignTools/2025.2/Vitis/common/technology/xilinx/DSP48/dsp48.gen 
INFO-FLOW: DBG:PUTS:   using AESL_AUTOCG::g_clock_period=25.000 (was NA)
INFO-FLOW: DBG:PROC: ::AESL_AUTOMG::generate_ip_cores gen_sim_model='1' gen_fp_models='0' gen_for_export='0' dstSCDir='' dstVhdlDir='C:/Users/aniko/OneDrive/Desktop/ECE554/capstone/snake_hls/snake_hls/snake_top/hls/.autopilot/db/vhdl' dstVlogDir='C:/Users/aniko/OneDrive/Desktop/ECE554/capstone/snake_hls/snake_hls/snake_top/hls/.autopilot/db/vlog' tclDir='C:/Users/aniko/OneDrive/Desktop/ECE554/capstone/snake_hls/snake_hls/snake_top/hls/.autopilot/db' modelList='snake_top_flow_control_loop_pipe_sequential_init
snake_top_flow_control_loop_pipe_sequential_init
snake_top_flow_control_loop_pipe_sequential_init
snake_top_flow_control_loop_pipe_sequential_init
snake_top_flow_control_loop_pipe_sequential_init
snake_top_flow_control_loop_pipe_sequential_init
snake_top_grid_RAM_AUTO_1R1W
snake_top_st_body_col_RAM_AUTO_1R1W
snake_top_st_body_row_RAM_AUTO_1R1W
snake_top_Pipeline_VITIS_LOOP_73_1_VITIS_LOOP_74_2
snake_top_Pipeline_VITIS_LOOP_85_3
snake_top_Pipeline_VITIS_LOOP_94_4
snake_top_Pipeline_VITIS_LOOP_27_1
snake_top_Pipeline_VITIS_LOOP_207_5
snake_top_Pipeline_VITIS_LOOP_27_11
snake_top
' expOnly='0'
Execute     source C:/Users/aniko/OneDrive/Desktop/ECE554/capstone/snake_hls/snake_hls/snake_top/hls/.autopilot/db/global.setting.tcl 
Execute     ap_part_info -name xc7z010-clg225-1 -data names -quiet 
Execute     ap_part_info -name xc7z010-clg225-1 -data info -quiet 
Execute     source C:/Users/aniko/OneDrive/Desktop/ECE554/capstone/snake_hls/snake_hls/snake_top/hls/.autopilot/db/global.setting.tcl 
Execute     source C:/Users/aniko/OneDrive/Desktop/ECE554/capstone/snake_hls/snake_hls/snake_top/hls/.autopilot/db/global.setting.tcl 
Execute     source C:/Users/aniko/OneDrive/Desktop/ECE554/capstone/snake_hls/snake_hls/snake_top/hls/.autopilot/db/snake_top_Pipeline_VITIS_LOOP_73_1_VITIS_LOOP_74_2.compgen.tcl 
Execute     source C:/Users/aniko/OneDrive/Desktop/ECE554/capstone/snake_hls/snake_hls/snake_top/hls/.autopilot/db/snake_top_Pipeline_VITIS_LOOP_85_3.compgen.tcl 
Execute     source C:/Users/aniko/OneDrive/Desktop/ECE554/capstone/snake_hls/snake_hls/snake_top/hls/.autopilot/db/snake_top_Pipeline_VITIS_LOOP_94_4.compgen.tcl 
Execute     source C:/Users/aniko/OneDrive/Desktop/ECE554/capstone/snake_hls/snake_hls/snake_top/hls/.autopilot/db/snake_top_Pipeline_VITIS_LOOP_27_1.compgen.tcl 
Execute     source C:/Users/aniko/OneDrive/Desktop/ECE554/capstone/snake_hls/snake_hls/snake_top/hls/.autopilot/db/snake_top_Pipeline_VITIS_LOOP_207_5.compgen.tcl 
Execute     source C:/Users/aniko/OneDrive/Desktop/ECE554/capstone/snake_hls/snake_hls/snake_top/hls/.autopilot/db/snake_top_Pipeline_VITIS_LOOP_27_11.compgen.tcl 
Execute     source C:/Users/aniko/OneDrive/Desktop/ECE554/capstone/snake_hls/snake_hls/snake_top/hls/.autopilot/db/snake_top.compgen.tcl 
INFO: [HLS 200-111] Finished Generating all RTL models: CPU user time: 1 seconds. CPU system time: 1 seconds. Elapsed time: 0.904 seconds; current allocated memory: 268.090 MB.
INFO-FLOW: DBG:PROC: ::HLSREPORTS::create_csynth_xml bind_info_var='bind_info' RtlSubPrefix='snake_top_' outfile=''
INFO-FLOW: Running: create_csynth_xml read xml data
INFO-FLOW: Done: create_csynth_xml read xml data time: 0 seconds 
INFO-FLOW: create_csynth_xml: all_module_nodes count=7
INFO-FLOW: Running: create_csynth_xml bind info
INFO-FLOW: create_csynth_xml: all_bind_nodes count=110
INFO-FLOW: Done: create_csynth_xml bind info time: 0 seconds 
INFO-FLOW: create_csynth_xml: bind_instances counts: modules=7 instances=110
INFO-FLOW: Running: create_csynth_xml update csynth_xml_module_hier
INFO-FLOW: Done: create_csynth_xml update csynth_xml_module_hier time: 0 seconds 
INFO-FLOW: create_csynth_xml: csynth_xml_module_hier max_depth=3
INFO-FLOW: Running: create_csynth_xml gen bind_report_dict
INFO-FLOW: Done: create_csynth_xml gen bind_report_dict time: 0 seconds 
INFO-FLOW: Running: create_csynth_xml config info
INFO-FLOW: Done: create_csynth_xml config info time: 0.6 seconds 
INFO-FLOW: Running: create_csynth_xml write xml
INFO-FLOW: Done: create_csynth_xml write xml time: 0 seconds 
INFO-FLOW: DBG:PUTS:      create_csynth_xml wrote csynth_xml=C:/Users/aniko/OneDrive/Desktop/ECE554/capstone/snake_hls/snake_hls/snake_top/hls/syn/report/csynth.xml
INFO-FLOW: Running: generate_json
INFO-FLOW: DBG:PROC: ::AP::DESIGN_DATA::generate_json generate_bd_files='0' generate_xo_files='0' modelList='snake_top_flow_control_loop_pipe_sequential_init
snake_top_flow_control_loop_pipe_sequential_init
snake_top_flow_control_loop_pipe_sequential_init
snake_top_flow_control_loop_pipe_sequential_init
snake_top_flow_control_loop_pipe_sequential_init
snake_top_flow_control_loop_pipe_sequential_init
snake_top_grid_RAM_AUTO_1R1W
snake_top_st_body_col_RAM_AUTO_1R1W
snake_top_st_body_row_RAM_AUTO_1R1W
snake_top_Pipeline_VITIS_LOOP_73_1_VITIS_LOOP_74_2
snake_top_Pipeline_VITIS_LOOP_85_3
snake_top_Pipeline_VITIS_LOOP_94_4
snake_top_Pipeline_VITIS_LOOP_27_1
snake_top_Pipeline_VITIS_LOOP_207_5
snake_top_Pipeline_VITIS_LOOP_27_11
snake_top
' rtl_lang='both' bootstrap_tcl='false' outdir='' outfilename=''
Execute     source C:/Users/aniko/OneDrive/Desktop/ECE554/capstone/snake_hls/snake_hls/snake_top/hls/.autopilot/db/global.setting.tcl 
Execute     source C:/Users/aniko/OneDrive/Desktop/ECE554/capstone/snake_hls/snake_hls/snake_top/hls/.autopilot/db/global.setting.tcl 
Execute     source C:/Users/aniko/OneDrive/Desktop/ECE554/capstone/snake_hls/snake_hls/snake_top/hls/.autopilot/db/top-io-be.tcl 
Execute     source C:/Users/aniko/OneDrive/Desktop/ECE554/capstone/snake_hls/snake_hls/snake_top/hls/.autopilot/db/snake_top.tbgen.tcl 
Execute     source C:/Users/aniko/OneDrive/Desktop/ECE554/capstone/snake_hls/snake_hls/snake_top/hls/.autopilot/db/snake_top.rtl_wrap.cfg.tcl 
Execute     source C:/Users/aniko/OneDrive/Desktop/ECE554/capstone/snake_hls/snake_hls/snake_top/hls/.autopilot/db/snake_top.compgen.dataonly.tcl 
Execute     source C:/Users/aniko/OneDrive/Desktop/ECE554/capstone/snake_hls/snake_hls/snake_top/hls/.autopilot/db/snake_top_Pipeline_VITIS_LOOP_73_1_VITIS_LOOP_74_2.tbgen.tcl 
Execute     source C:/Users/aniko/OneDrive/Desktop/ECE554/capstone/snake_hls/snake_hls/snake_top/hls/.autopilot/db/snake_top_Pipeline_VITIS_LOOP_85_3.tbgen.tcl 
Execute     source C:/Users/aniko/OneDrive/Desktop/ECE554/capstone/snake_hls/snake_hls/snake_top/hls/.autopilot/db/snake_top_Pipeline_VITIS_LOOP_94_4.tbgen.tcl 
Execute     source C:/Users/aniko/OneDrive/Desktop/ECE554/capstone/snake_hls/snake_hls/snake_top/hls/.autopilot/db/snake_top_Pipeline_VITIS_LOOP_27_1.tbgen.tcl 
Execute     source C:/Users/aniko/OneDrive/Desktop/ECE554/capstone/snake_hls/snake_hls/snake_top/hls/.autopilot/db/snake_top_Pipeline_VITIS_LOOP_207_5.tbgen.tcl 
Execute     source C:/Users/aniko/OneDrive/Desktop/ECE554/capstone/snake_hls/snake_hls/snake_top/hls/.autopilot/db/snake_top_Pipeline_VITIS_LOOP_27_11.tbgen.tcl 
Execute     source C:/Users/aniko/OneDrive/Desktop/ECE554/capstone/snake_hls/snake_hls/snake_top/hls/.autopilot/db/snake_top.tbgen.tcl 
Execute     source C:/Users/aniko/OneDrive/Desktop/ECE554/capstone/snake_hls/snake_hls/snake_top/hls/.autopilot/db/global.setting.tcl 
Execute     ap_part_info -name xc7z010-clg225-1 -data names -quiet 
Execute     ap_part_info -name xc7z010-clg225-1 -data info -quiet 
Execute     source C:/Users/aniko/OneDrive/Desktop/ECE554/capstone/snake_hls/snake_hls/snake_top/hls/.autopilot/db/snake_top.constraint.tcl 
Execute     sc_get_clocks snake_top 
Execute     source C:/Users/aniko/OneDrive/Desktop/ECE554/capstone/snake_hls/snake_hls/snake_top/hls/.autopilot/db/global.setting.tcl 
Execute     source C:/AMDDesignTools/2025.2/Vitis/tps/tcl/tcllib2.0/fileutil/fileutil.tcl 
INFO-FLOW: Done: generate_json time: 0.5 seconds 
INFO-FLOW: Running: add_csynth_report_sections
INFO-FLOW: DBG:PROC: ::HLSREPORTS::add_csynth_report_sections bind_info_dict='adapter_nodes {} cache_nodes {} report_dict {TOPINST snake_top MODULE2INSTS {snake_top snake_top snake_top_Pipeline_VITIS_LOOP_73_1_VITIS_LOOP_74_2 grp_snake_top_Pipeline_VITIS_LOOP_73_1_VITIS_LOOP_74_2_fu_488 snake_top_Pipeline_VITIS_LOOP_85_3 grp_snake_top_Pipeline_VITIS_LOOP_85_3_fu_494 snake_top_Pipeline_VITIS_LOOP_94_4 grp_snake_top_Pipeline_VITIS_LOOP_94_4_fu_504 snake_top_Pipeline_VITIS_LOOP_27_1 grp_snake_top_Pipeline_VITIS_LOOP_27_1_fu_512 snake_top_Pipeline_VITIS_LOOP_207_5 grp_snake_top_Pipeline_VITIS_LOOP_207_5_fu_521 snake_top_Pipeline_VITIS_LOOP_27_11 grp_snake_top_Pipeline_VITIS_LOOP_27_11_fu_531} INST2MODULE {snake_top snake_top grp_snake_top_Pipeline_VITIS_LOOP_73_1_VITIS_LOOP_74_2_fu_488 snake_top_Pipeline_VITIS_LOOP_73_1_VITIS_LOOP_74_2 grp_snake_top_Pipeline_VITIS_LOOP_85_3_fu_494 snake_top_Pipeline_VITIS_LOOP_85_3 grp_snake_top_Pipeline_VITIS_LOOP_94_4_fu_504 snake_top_Pipeline_VITIS_LOOP_94_4 grp_snake_top_Pipeline_VITIS_LOOP_27_1_fu_512 snake_top_Pipeline_VITIS_LOOP_27_1 grp_snake_top_Pipeline_VITIS_LOOP_207_5_fu_521 snake_top_Pipeline_VITIS_LOOP_207_5 grp_snake_top_Pipeline_VITIS_LOOP_27_11_fu_531 snake_top_Pipeline_VITIS_LOOP_27_11} INSTDATA {snake_top {DEPTH 1 CHILDREN {grp_snake_top_Pipeline_VITIS_LOOP_73_1_VITIS_LOOP_74_2_fu_488 grp_snake_top_Pipeline_VITIS_LOOP_85_3_fu_494 grp_snake_top_Pipeline_VITIS_LOOP_94_4_fu_504 grp_snake_top_Pipeline_VITIS_LOOP_27_1_fu_512 grp_snake_top_Pipeline_VITIS_LOOP_207_5_fu_521 grp_snake_top_Pipeline_VITIS_LOOP_27_11_fu_531}} grp_snake_top_Pipeline_VITIS_LOOP_73_1_VITIS_LOOP_74_2_fu_488 {DEPTH 2 CHILDREN {}} grp_snake_top_Pipeline_VITIS_LOOP_85_3_fu_494 {DEPTH 2 CHILDREN {}} grp_snake_top_Pipeline_VITIS_LOOP_94_4_fu_504 {DEPTH 2 CHILDREN {}} grp_snake_top_Pipeline_VITIS_LOOP_27_1_fu_512 {DEPTH 2 CHILDREN {}} grp_snake_top_Pipeline_VITIS_LOOP_207_5_fu_521 {DEPTH 2 CHILDREN {}} grp_snake_top_Pipeline_VITIS_LOOP_27_11_fu_531 {DEPTH 2 CHILDREN {}}} MODULEDATA {snake_top_Pipeline_VITIS_LOOP_73_1_VITIS_LOOP_74_2 {BINDINFO {{BINDTYPE op ID {} IMPL auto LATENCY 0 OPTYPE seteq PRAGMA {} RTLNAME icmp_ln73_fu_86_p2 SOURCE ../snake.cpp:73 VARIABLE icmp_ln73 LOOP VITIS_LOOP_73_1_VITIS_LOOP_74_2 BUNDLEDNAME {} DSP 0 BRAM 0 URAM 0 STORAGESUBTYPE {} DISPNAME {bind_op seteq} VISIBLE false} {BINDTYPE op ID {} IMPL fabric LATENCY 0 OPTYPE add PRAGMA {} RTLNAME add_ln73_fu_92_p2 SOURCE ../snake.cpp:73 VARIABLE add_ln73 LOOP VITIS_LOOP_73_1_VITIS_LOOP_74_2 BUNDLEDNAME {} DSP 0 BRAM 0 URAM 0 STORAGESUBTYPE {} DISPNAME {bind_op add} VISIBLE true} {BINDTYPE op ID {} IMPL auto LATENCY 0 OPTYPE seteq PRAGMA {} RTLNAME icmp_ln74_fu_104_p2 SOURCE ../snake.cpp:74 VARIABLE icmp_ln74 LOOP VITIS_LOOP_73_1_VITIS_LOOP_74_2 BUNDLEDNAME {} DSP 0 BRAM 0 URAM 0 STORAGESUBTYPE {} DISPNAME {bind_op seteq} VISIBLE false} {BINDTYPE op ID {} IMPL auto_sel LATENCY 0 OPTYPE select PRAGMA {} RTLNAME select_ln73_fu_110_p3 SOURCE ../snake.cpp:73 VARIABLE select_ln73 LOOP VITIS_LOOP_73_1_VITIS_LOOP_74_2 BUNDLEDNAME {} DSP 0 BRAM 0 URAM 0 STORAGESUBTYPE {} DISPNAME {bind_op select} VISIBLE false} {BINDTYPE op ID {} IMPL fabric LATENCY 0 OPTYPE add PRAGMA {} RTLNAME add_ln73_1_fu_118_p2 SOURCE ../snake.cpp:73 VARIABLE add_ln73_1 LOOP VITIS_LOOP_73_1_VITIS_LOOP_74_2 BUNDLEDNAME {} DSP 0 BRAM 0 URAM 0 STORAGESUBTYPE {} DISPNAME {bind_op add} VISIBLE true} {BINDTYPE op ID {} IMPL auto_sel LATENCY 0 OPTYPE select PRAGMA {} RTLNAME select_ln73_1_fu_124_p3 SOURCE ../snake.cpp:73 VARIABLE select_ln73_1 LOOP VITIS_LOOP_73_1_VITIS_LOOP_74_2 BUNDLEDNAME {} DSP 0 BRAM 0 URAM 0 STORAGESUBTYPE {} DISPNAME {bind_op select} VISIBLE false} {BINDTYPE op ID {} IMPL fabric LATENCY 0 OPTYPE add PRAGMA {} RTLNAME add_ln74_fu_165_p2 SOURCE ../snake.cpp:74 VARIABLE add_ln74 LOOP VITIS_LOOP_73_1_VITIS_LOOP_74_2 BUNDLEDNAME {} DSP 0 BRAM 0 URAM 0 STORAGESUBTYPE {} DISPNAME {bind_op add} VISIBLE true}} AREA {DSP 0 BRAM 0 URAM 0}} snake_top_Pipeline_VITIS_LOOP_85_3 {BINDINFO {{BINDTYPE op ID {} IMPL auto LATENCY 0 OPTYPE seteq PRAGMA {} RTLNAME icmp_ln85_fu_97_p2 SOURCE ../snake.cpp:85 VARIABLE icmp_ln85 LOOP VITIS_LOOP_85_3 BUNDLEDNAME {} DSP 0 BRAM 0 URAM 0 STORAGESUBTYPE {} DISPNAME {bind_op seteq} VISIBLE false} {BINDTYPE op ID {} IMPL fabric LATENCY 0 OPTYPE add PRAGMA {} RTLNAME i_3_fu_103_p2 SOURCE ../snake.cpp:85 VARIABLE i_3 LOOP VITIS_LOOP_85_3 BUNDLEDNAME {} DSP 0 BRAM 0 URAM 0 STORAGESUBTYPE {} DISPNAME {bind_op add} VISIBLE true} {BINDTYPE op ID {} IMPL fabric LATENCY 0 OPTYPE sub PRAGMA {} RTLNAME c_fu_119_p2 SOURCE ../snake.cpp:86 VARIABLE c LOOP VITIS_LOOP_85_3 BUNDLEDNAME {} DSP 0 BRAM 0 URAM 0 STORAGESUBTYPE {} DISPNAME {bind_op sub} VISIBLE true}} AREA {DSP 0 BRAM 0 URAM 0}} snake_top_Pipeline_VITIS_LOOP_94_4 {BINDINFO {{BINDTYPE op ID {} IMPL auto LATENCY 0 OPTYPE seteq PRAGMA {} RTLNAME icmp_ln94_fu_74_p2 SOURCE ../snake.cpp:94 VARIABLE icmp_ln94 LOOP VITIS_LOOP_94_4 BUNDLEDNAME {} DSP 0 BRAM 0 URAM 0 STORAGESUBTYPE {} DISPNAME {bind_op seteq} VISIBLE false} {BINDTYPE op ID {} IMPL fabric LATENCY 0 OPTYPE add PRAGMA {} RTLNAME add_ln94_fu_86_p2 SOURCE ../snake.cpp:94 VARIABLE add_ln94 LOOP VITIS_LOOP_94_4 BUNDLEDNAME {} DSP 0 BRAM 0 URAM 0 STORAGESUBTYPE {} DISPNAME {bind_op add} VISIBLE true}} AREA {DSP 0 BRAM 0 URAM 0}} snake_top_Pipeline_VITIS_LOOP_27_1 {BINDINFO {{BINDTYPE op ID {} IMPL auto LATENCY 0 OPTYPE xor PRAGMA {} RTLNAME xor_ln14_3_fu_187_p2 SOURCE ../snake.cpp:14 VARIABLE xor_ln14_3 LOOP VITIS_LOOP_27_1 BUNDLEDNAME {} DSP 0 BRAM 0 URAM 0 STORAGESUBTYPE {} DISPNAME {bind_op xor} VISIBLE false} {BINDTYPE op ID {} IMPL auto LATENCY 0 OPTYPE xor PRAGMA {} RTLNAME xor_ln14_2_fu_193_p2 SOURCE ../snake.cpp:14 VARIABLE xor_ln14_2 LOOP VITIS_LOOP_27_1 BUNDLEDNAME {} DSP 0 BRAM 0 URAM 0 STORAGESUBTYPE {} DISPNAME {bind_op xor} VISIBLE false} {BINDTYPE op ID {} IMPL auto LATENCY 0 OPTYPE xor PRAGMA {} RTLNAME xor_ln14_fu_223_p2 SOURCE ../snake.cpp:14 VARIABLE xor_ln14 LOOP VITIS_LOOP_27_1 BUNDLEDNAME {} DSP 0 BRAM 0 URAM 0 STORAGESUBTYPE {} DISPNAME {bind_op xor} VISIBLE false} {BINDTYPE op ID {} IMPL auto LATENCY 0 OPTYPE setgt PRAGMA {} RTLNAME icmp_ln31_fu_310_p2 SOURCE ../snake.cpp:31 VARIABLE icmp_ln31 LOOP VITIS_LOOP_27_1 BUNDLEDNAME {} DSP 0 BRAM 0 URAM 0 STORAGESUBTYPE {} DISPNAME {bind_op setgt} VISIBLE false} {BINDTYPE op ID {} IMPL auto LATENCY 0 OPTYPE seteq PRAGMA {} RTLNAME icmp_ln31_1_fu_315_p2 SOURCE ../snake.cpp:31 VARIABLE icmp_ln31_1 LOOP VITIS_LOOP_27_1 BUNDLEDNAME {} DSP 0 BRAM 0 URAM 0 STORAGESUBTYPE {} DISPNAME {bind_op seteq} VISIBLE false} {BINDTYPE op ID {} IMPL auto LATENCY 0 OPTYPE or PRAGMA {} RTLNAME or_ln31_fu_320_p2 SOURCE ../snake.cpp:31 VARIABLE or_ln31 LOOP VITIS_LOOP_27_1 BUNDLEDNAME {} DSP 0 BRAM 0 URAM 0 STORAGESUBTYPE {} DISPNAME {bind_op or} VISIBLE false} {BINDTYPE op ID {} IMPL auto LATENCY 0 OPTYPE or PRAGMA {} RTLNAME or_ln31_1_fu_326_p2 SOURCE ../snake.cpp:31 VARIABLE or_ln31_1 LOOP VITIS_LOOP_27_1 BUNDLEDNAME {} DSP 0 BRAM 0 URAM 0 STORAGESUBTYPE {} DISPNAME {bind_op or} VISIBLE false} {BINDTYPE op ID {} IMPL auto_sel LATENCY 0 OPTYPE select PRAGMA {} RTLNAME r_fu_332_p3 SOURCE ../snake.cpp:31 VARIABLE r LOOP VITIS_LOOP_27_1 BUNDLEDNAME {} DSP 0 BRAM 0 URAM 0 STORAGESUBTYPE {} DISPNAME {bind_op select} VISIBLE false} {BINDTYPE op ID {} IMPL auto_sel LATENCY 0 OPTYPE select PRAGMA {} RTLNAME c_6_out SOURCE ../snake.cpp:31 VARIABLE c_2 LOOP VITIS_LOOP_27_1 BUNDLEDNAME {} DSP 0 BRAM 0 URAM 0 STORAGESUBTYPE {} DISPNAME {bind_op select} VISIBLE false} {BINDTYPE op ID {} IMPL fabric LATENCY 0 OPTYPE add PRAGMA {} RTLNAME attempt_4_fu_348_p2 SOURCE ../snake.cpp:27 VARIABLE attempt_4 LOOP VITIS_LOOP_27_1 BUNDLEDNAME {} DSP 0 BRAM 0 URAM 0 STORAGESUBTYPE {} DISPNAME {bind_op add} VISIBLE true} {BINDTYPE op ID {} IMPL auto LATENCY 0 OPTYPE xor PRAGMA {} RTLNAME xor_ln27_fu_366_p2 SOURCE ../snake.cpp:27 VARIABLE xor_ln27 LOOP VITIS_LOOP_27_1 BUNDLEDNAME {} DSP 0 BRAM 0 URAM 0 STORAGESUBTYPE {} DISPNAME {bind_op xor} VISIBLE false} {BINDTYPE op ID {} IMPL auto LATENCY 0 OPTYPE and PRAGMA {} RTLNAME or_cond5_i_fu_372_p2 SOURCE ../snake.cpp:31 VARIABLE or_cond5_i LOOP VITIS_LOOP_27_1 BUNDLEDNAME {} DSP 0 BRAM 0 URAM 0 STORAGESUBTYPE {} DISPNAME {bind_op and} VISIBLE false}} AREA {DSP 0 BRAM 0 URAM 0}} snake_top_Pipeline_VITIS_LOOP_207_5 {BINDINFO {{BINDTYPE op ID {} IMPL auto LATENCY 0 OPTYPE seteq PRAGMA {} RTLNAME icmp_ln207_fu_104_p2 SOURCE ../snake.cpp:207 VARIABLE icmp_ln207 LOOP VITIS_LOOP_207_5 BUNDLEDNAME {} DSP 0 BRAM 0 URAM 0 STORAGESUBTYPE {} DISPNAME {bind_op seteq} VISIBLE false} {BINDTYPE op ID {} IMPL auto LATENCY 0 OPTYPE setlt PRAGMA {} RTLNAME icmp_ln208_fu_110_p2 SOURCE ../snake.cpp:208 VARIABLE icmp_ln208 LOOP VITIS_LOOP_207_5 BUNDLEDNAME {} DSP 0 BRAM 0 URAM 0 STORAGESUBTYPE {} DISPNAME {bind_op setlt} VISIBLE false} {BINDTYPE op ID {} IMPL fabric LATENCY 0 OPTYPE add PRAGMA {} RTLNAME i_4_fu_116_p2 SOURCE ../snake.cpp:207 VARIABLE i_4 LOOP VITIS_LOOP_207_5 BUNDLEDNAME {} DSP 0 BRAM 0 URAM 0 STORAGESUBTYPE {} DISPNAME {bind_op add} VISIBLE true}} AREA {DSP 0 BRAM 0 URAM 0}} snake_top_Pipeline_VITIS_LOOP_27_11 {BINDINFO {{BINDTYPE op ID {} IMPL auto LATENCY 0 OPTYPE xor PRAGMA {} RTLNAME xor_ln14_fu_195_p2 SOURCE ../snake.cpp:14 VARIABLE xor_ln14 LOOP VITIS_LOOP_27_1 BUNDLEDNAME {} DSP 0 BRAM 0 URAM 0 STORAGESUBTYPE {} DISPNAME {bind_op xor} VISIBLE false} {BINDTYPE op ID {} IMPL auto LATENCY 0 OPTYPE xor PRAGMA {} RTLNAME xor_ln14_2_fu_201_p2 SOURCE ../snake.cpp:14 VARIABLE xor_ln14_2 LOOP VITIS_LOOP_27_1 BUNDLEDNAME {} DSP 0 BRAM 0 URAM 0 STORAGESUBTYPE {} DISPNAME {bind_op xor} VISIBLE false} {BINDTYPE op ID {} IMPL auto LATENCY 0 OPTYPE xor PRAGMA {} RTLNAME xor_ln14_1_fu_231_p2 SOURCE ../snake.cpp:14 VARIABLE xor_ln14_1 LOOP VITIS_LOOP_27_1 BUNDLEDNAME {} DSP 0 BRAM 0 URAM 0 STORAGESUBTYPE {} DISPNAME {bind_op xor} VISIBLE false} {BINDTYPE op ID {} IMPL auto LATENCY 0 OPTYPE setgt PRAGMA {} RTLNAME icmp_ln31_fu_318_p2 SOURCE ../snake.cpp:31 VARIABLE icmp_ln31 LOOP VITIS_LOOP_27_1 BUNDLEDNAME {} DSP 0 BRAM 0 URAM 0 STORAGESUBTYPE {} DISPNAME {bind_op setgt} VISIBLE false} {BINDTYPE op ID {} IMPL auto LATENCY 0 OPTYPE seteq PRAGMA {} RTLNAME icmp_ln31_1_fu_323_p2 SOURCE ../snake.cpp:31 VARIABLE icmp_ln31_1 LOOP VITIS_LOOP_27_1 BUNDLEDNAME {} DSP 0 BRAM 0 URAM 0 STORAGESUBTYPE {} DISPNAME {bind_op seteq} VISIBLE false} {BINDTYPE op ID {} IMPL auto LATENCY 0 OPTYPE or PRAGMA {} RTLNAME or_ln31_fu_328_p2 SOURCE ../snake.cpp:31 VARIABLE or_ln31 LOOP VITIS_LOOP_27_1 BUNDLEDNAME {} DSP 0 BRAM 0 URAM 0 STORAGESUBTYPE {} DISPNAME {bind_op or} VISIBLE false} {BINDTYPE op ID {} IMPL auto LATENCY 0 OPTYPE or PRAGMA {} RTLNAME or_ln31_1_fu_334_p2 SOURCE ../snake.cpp:31 VARIABLE or_ln31_1 LOOP VITIS_LOOP_27_1 BUNDLEDNAME {} DSP 0 BRAM 0 URAM 0 STORAGESUBTYPE {} DISPNAME {bind_op or} VISIBLE false} {BINDTYPE op ID {} IMPL auto_sel LATENCY 0 OPTYPE select PRAGMA {} RTLNAME r_6_out SOURCE ../snake.cpp:31 VARIABLE r_1 LOOP VITIS_LOOP_27_1 BUNDLEDNAME {} DSP 0 BRAM 0 URAM 0 STORAGESUBTYPE {} DISPNAME {bind_op select} VISIBLE false} {BINDTYPE op ID {} IMPL auto_sel LATENCY 0 OPTYPE select PRAGMA {} RTLNAME c_7_out SOURCE ../snake.cpp:31 VARIABLE c_1 LOOP VITIS_LOOP_27_1 BUNDLEDNAME {} DSP 0 BRAM 0 URAM 0 STORAGESUBTYPE {} DISPNAME {bind_op select} VISIBLE false} {BINDTYPE op ID {} IMPL fabric LATENCY 0 OPTYPE add PRAGMA {} RTLNAME attempt_2_fu_356_p2 SOURCE ../snake.cpp:27 VARIABLE attempt_2 LOOP VITIS_LOOP_27_1 BUNDLEDNAME {} DSP 0 BRAM 0 URAM 0 STORAGESUBTYPE {} DISPNAME {bind_op add} VISIBLE true} {BINDTYPE op ID {} IMPL auto LATENCY 0 OPTYPE xor PRAGMA {} RTLNAME xor_ln27_fu_374_p2 SOURCE ../snake.cpp:27 VARIABLE xor_ln27 LOOP VITIS_LOOP_27_1 BUNDLEDNAME {} DSP 0 BRAM 0 URAM 0 STORAGESUBTYPE {} DISPNAME {bind_op xor} VISIBLE false} {BINDTYPE op ID {} IMPL auto LATENCY 0 OPTYPE and PRAGMA {} RTLNAME or_cond5_i63_fu_380_p2 SOURCE ../snake.cpp:31 VARIABLE or_cond5_i63 LOOP VITIS_LOOP_27_1 BUNDLEDNAME {} DSP 0 BRAM 0 URAM 0 STORAGESUBTYPE {} DISPNAME {bind_op and} VISIBLE false}} AREA {DSP 0 BRAM 0 URAM 0}} snake_top {BINDINFO {{BINDTYPE op ID {} IMPL auto LATENCY 0 OPTYPE or PRAGMA {} RTLNAME or_ln112_fu_576_p2 SOURCE ../snake.cpp:112 VARIABLE or_ln112 LOOP {} BUNDLEDNAME {} DSP 0 BRAM 0 URAM 0 STORAGESUBTYPE {} DISPNAME {bind_op or} VISIBLE false} {BINDTYPE op ID {} IMPL auto LATENCY 0 OPTYPE xor PRAGMA {} RTLNAME xor_ln112_fu_582_p2 SOURCE ../snake.cpp:112 VARIABLE xor_ln112 LOOP {} BUNDLEDNAME {} DSP 0 BRAM 0 URAM 0 STORAGESUBTYPE {} DISPNAME {bind_op xor} VISIBLE false} {BINDTYPE op ID {} IMPL auto LATENCY 0 OPTYPE and PRAGMA {} RTLNAME and_ln112_fu_588_p2 SOURCE ../snake.cpp:112 VARIABLE and_ln112 LOOP {} BUNDLEDNAME {} DSP 0 BRAM 0 URAM 0 STORAGESUBTYPE {} DISPNAME {bind_op and} VISIBLE false} {BINDTYPE op ID {} IMPL fabric LATENCY 0 OPTYPE add PRAGMA {} RTLNAME dx_fu_598_p2 SOURCE ../snake.cpp:121 VARIABLE dx LOOP {} BUNDLEDNAME {} DSP 0 BRAM 0 URAM 0 STORAGESUBTYPE {} DISPNAME {bind_op add} VISIBLE true} {BINDTYPE op ID {} IMPL fabric LATENCY 0 OPTYPE add PRAGMA {} RTLNAME dy_fu_608_p2 SOURCE ../snake.cpp:122 VARIABLE dy LOOP {} BUNDLEDNAME {} DSP 0 BRAM 0 URAM 0 STORAGESUBTYPE {} DISPNAME {bind_op add} VISIBLE true} {BINDTYPE op ID {} IMPL fabric LATENCY 0 OPTYPE sub PRAGMA {} RTLNAME abs_dx_fu_622_p2 SOURCE ../snake.cpp:124 VARIABLE abs_dx LOOP {} BUNDLEDNAME {} DSP 0 BRAM 0 URAM 0 STORAGESUBTYPE {} DISPNAME {bind_op sub} VISIBLE true} {BINDTYPE op ID {} IMPL auto_sel LATENCY 0 OPTYPE select PRAGMA {} RTLNAME abs_dx_1_fu_628_p3 SOURCE ../snake.cpp:124 VARIABLE abs_dx_1 LOOP {} BUNDLEDNAME {} DSP 0 BRAM 0 URAM 0 STORAGESUBTYPE {} DISPNAME {bind_op select} VISIBLE false} {BINDTYPE op ID {} IMPL fabric LATENCY 0 OPTYPE sub PRAGMA {} RTLNAME abs_dy_fu_644_p2 SOURCE ../snake.cpp:125 VARIABLE abs_dy LOOP {} BUNDLEDNAME {} DSP 0 BRAM 0 URAM 0 STORAGESUBTYPE {} DISPNAME {bind_op sub} VISIBLE true} {BINDTYPE op ID {} IMPL auto_sel LATENCY 0 OPTYPE select PRAGMA {} RTLNAME abs_dy_1_fu_650_p3 SOURCE ../snake.cpp:125 VARIABLE abs_dy_1 LOOP {} BUNDLEDNAME {} DSP 0 BRAM 0 URAM 0 STORAGESUBTYPE {} DISPNAME {bind_op select} VISIBLE false} {BINDTYPE op ID {} IMPL auto LATENCY 0 OPTYPE setgt PRAGMA {} RTLNAME icmp_ln129_fu_658_p2 SOURCE ../snake.cpp:129 VARIABLE icmp_ln129 LOOP {} BUNDLEDNAME {} DSP 0 BRAM 0 URAM 0 STORAGESUBTYPE {} DISPNAME {bind_op setgt} VISIBLE false} {BINDTYPE op ID {} IMPL auto LATENCY 0 OPTYPE setgt PRAGMA {} RTLNAME icmp_ln130_fu_664_p2 SOURCE ../snake.cpp:130 VARIABLE icmp_ln130 LOOP {} BUNDLEDNAME {} DSP 0 BRAM 0 URAM 0 STORAGESUBTYPE {} DISPNAME {bind_op setgt} VISIBLE false} {BINDTYPE op ID {} IMPL auto_sel LATENCY 0 OPTYPE select PRAGMA {} RTLNAME new_dir_fu_670_p3 SOURCE ../snake.cpp:130 VARIABLE new_dir LOOP {} BUNDLEDNAME {} DSP 0 BRAM 0 URAM 0 STORAGESUBTYPE {} DISPNAME {bind_op select} VISIBLE false} {BINDTYPE op ID {} IMPL auto LATENCY 0 OPTYPE setgt PRAGMA {} RTLNAME new_dir_1_fu_678_p2 SOURCE ../snake.cpp:132 VARIABLE new_dir_1 LOOP {} BUNDLEDNAME {} DSP 0 BRAM 0 URAM 0 STORAGESUBTYPE {} DISPNAME {bind_op setgt} VISIBLE false} {BINDTYPE op ID {} IMPL auto_sel LATENCY 0 OPTYPE select PRAGMA {} RTLNAME new_dir_2_fu_688_p3 SOURCE ../snake.cpp:129 VARIABLE new_dir_2 LOOP {} BUNDLEDNAME {} DSP 0 BRAM 0 URAM 0 STORAGESUBTYPE {} DISPNAME {bind_op select} VISIBLE false} {BINDTYPE op ID {} IMPL auto LATENCY 0 OPTYPE seteq PRAGMA {} RTLNAME icmp_ln136_fu_697_p2 SOURCE ../snake.cpp:136 VARIABLE icmp_ln136 LOOP {} BUNDLEDNAME {} DSP 0 BRAM 0 URAM 0 STORAGESUBTYPE {} DISPNAME {bind_op seteq} VISIBLE false} {BINDTYPE op ID {} IMPL auto LATENCY 0 OPTYPE seteq PRAGMA {} RTLNAME icmp_ln136_1_fu_703_p2 SOURCE ../snake.cpp:136 VARIABLE icmp_ln136_1 LOOP {} BUNDLEDNAME {} DSP 0 BRAM 0 URAM 0 STORAGESUBTYPE {} DISPNAME {bind_op seteq} VISIBLE false} {BINDTYPE op ID {} IMPL auto LATENCY 0 OPTYPE and PRAGMA {} RTLNAME and_ln136_fu_709_p2 SOURCE ../snake.cpp:136 VARIABLE and_ln136 LOOP {} BUNDLEDNAME {} DSP 0 BRAM 0 URAM 0 STORAGESUBTYPE {} DISPNAME {bind_op and} VISIBLE false} {BINDTYPE op ID {} IMPL auto LATENCY 0 OPTYPE seteq PRAGMA {} RTLNAME icmp_ln137_fu_715_p2 SOURCE ../snake.cpp:137 VARIABLE icmp_ln137 LOOP {} BUNDLEDNAME {} DSP 0 BRAM 0 URAM 0 STORAGESUBTYPE {} DISPNAME {bind_op seteq} VISIBLE false} {BINDTYPE op ID {} IMPL auto LATENCY 0 OPTYPE seteq PRAGMA {} RTLNAME icmp_ln137_1_fu_721_p2 SOURCE ../snake.cpp:137 VARIABLE icmp_ln137_1 LOOP {} BUNDLEDNAME {} DSP 0 BRAM 0 URAM 0 STORAGESUBTYPE {} DISPNAME {bind_op seteq} VISIBLE false} {BINDTYPE op ID {} IMPL auto LATENCY 0 OPTYPE and PRAGMA {} RTLNAME and_ln137_fu_727_p2 SOURCE ../snake.cpp:137 VARIABLE and_ln137 LOOP {} BUNDLEDNAME {} DSP 0 BRAM 0 URAM 0 STORAGESUBTYPE {} DISPNAME {bind_op and} VISIBLE false} {BINDTYPE op ID {} IMPL auto LATENCY 0 OPTYPE seteq PRAGMA {} RTLNAME icmp_ln138_fu_733_p2 SOURCE ../snake.cpp:138 VARIABLE icmp_ln138 LOOP {} BUNDLEDNAME {} DSP 0 BRAM 0 URAM 0 STORAGESUBTYPE {} DISPNAME {bind_op seteq} VISIBLE false} {BINDTYPE op ID {} IMPL auto LATENCY 0 OPTYPE seteq PRAGMA {} RTLNAME icmp_ln138_1_fu_739_p2 SOURCE ../snake.cpp:138 VARIABLE icmp_ln138_1 LOOP {} BUNDLEDNAME {} DSP 0 BRAM 0 URAM 0 STORAGESUBTYPE {} DISPNAME {bind_op seteq} VISIBLE false} {BINDTYPE op ID {} IMPL auto LATENCY 0 OPTYPE and PRAGMA {} RTLNAME and_ln138_fu_745_p2 SOURCE ../snake.cpp:138 VARIABLE and_ln138 LOOP {} BUNDLEDNAME {} DSP 0 BRAM 0 URAM 0 STORAGESUBTYPE {} DISPNAME {bind_op and} VISIBLE false} {BINDTYPE op ID {} IMPL auto LATENCY 0 OPTYPE seteq PRAGMA {} RTLNAME icmp_ln139_fu_751_p2 SOURCE ../snake.cpp:139 VARIABLE icmp_ln139 LOOP {} BUNDLEDNAME {} DSP 0 BRAM 0 URAM 0 STORAGESUBTYPE {} DISPNAME {bind_op seteq} VISIBLE false} {BINDTYPE op ID {} IMPL auto LATENCY 0 OPTYPE seteq PRAGMA {} RTLNAME icmp_ln139_1_fu_757_p2 SOURCE ../snake.cpp:139 VARIABLE icmp_ln139_1 LOOP {} BUNDLEDNAME {} DSP 0 BRAM 0 URAM 0 STORAGESUBTYPE {} DISPNAME {bind_op seteq} VISIBLE false} {BINDTYPE op ID {} IMPL auto LATENCY 0 OPTYPE and PRAGMA {} RTLNAME reversal_fu_763_p2 SOURCE ../snake.cpp:139 VARIABLE reversal LOOP {} BUNDLEDNAME {} DSP 0 BRAM 0 URAM 0 STORAGESUBTYPE {} DISPNAME {bind_op and} VISIBLE false} {BINDTYPE op ID {} IMPL fabric LATENCY 0 OPTYPE add PRAGMA {} RTLNAME add_ln148_fu_775_p2 SOURCE ../snake.cpp:148 VARIABLE add_ln148 LOOP {} BUNDLEDNAME {} DSP 0 BRAM 0 URAM 0 STORAGESUBTYPE {} DISPNAME {bind_op add} VISIBLE true} {BINDTYPE op ID {} IMPL auto LATENCY 0 OPTYPE seteq PRAGMA {} RTLNAME icmp_ln150_fu_781_p2 SOURCE ../snake.cpp:150 VARIABLE icmp_ln150 LOOP {} BUNDLEDNAME {} DSP 0 BRAM 0 URAM 0 STORAGESUBTYPE {} DISPNAME {bind_op seteq} VISIBLE false} {BINDTYPE op ID {} IMPL auto LATENCY 0 OPTYPE seteq PRAGMA {} RTLNAME icmp_ln158_fu_838_p2 SOURCE ../snake.cpp:158 VARIABLE icmp_ln158 LOOP {} BUNDLEDNAME {} DSP 0 BRAM 0 URAM 0 STORAGESUBTYPE {} DISPNAME {bind_op seteq} VISIBLE false} {BINDTYPE op ID {} IMPL fabric LATENCY 0 OPTYPE add PRAGMA {} RTLNAME new_head_row_1_fu_844_p2 SOURCE ../snake.cpp:159 VARIABLE new_head_row_1 LOOP {} BUNDLEDNAME {} DSP 0 BRAM 0 URAM 0 STORAGESUBTYPE {} DISPNAME {bind_op add} VISIBLE true} {BINDTYPE op ID {} IMPL auto_sel LATENCY 0 OPTYPE select PRAGMA {} RTLNAME new_head_row_2_fu_850_p3 SOURCE ../snake.cpp:158 VARIABLE new_head_row_2 LOOP {} BUNDLEDNAME {} DSP 0 BRAM 0 URAM 0 STORAGESUBTYPE {} DISPNAME {bind_op select} VISIBLE false} {BINDTYPE op ID {} IMPL auto LATENCY 0 OPTYPE seteq PRAGMA {} RTLNAME icmp_ln160_fu_858_p2 SOURCE ../snake.cpp:160 VARIABLE icmp_ln160 LOOP {} BUNDLEDNAME {} DSP 0 BRAM 0 URAM 0 STORAGESUBTYPE {} DISPNAME {bind_op seteq} VISIBLE false} {BINDTYPE op ID {} IMPL fabric LATENCY 0 OPTYPE add PRAGMA {} RTLNAME new_head_row_3_fu_864_p2 SOURCE ../snake.cpp:161 VARIABLE new_head_row_3 LOOP {} BUNDLEDNAME {} DSP 0 BRAM 0 URAM 0 STORAGESUBTYPE {} DISPNAME {bind_op add} VISIBLE true} {BINDTYPE op ID {} IMPL auto_sel LATENCY 0 OPTYPE select PRAGMA {} RTLNAME new_head_row_4_fu_870_p3 SOURCE ../snake.cpp:160 VARIABLE new_head_row_4 LOOP {} BUNDLEDNAME {} DSP 0 BRAM 0 URAM 0 STORAGESUBTYPE {} DISPNAME {bind_op select} VISIBLE false} {BINDTYPE op ID {} IMPL auto LATENCY 0 OPTYPE seteq PRAGMA {} RTLNAME icmp_ln162_fu_878_p2 SOURCE ../snake.cpp:162 VARIABLE icmp_ln162 LOOP {} BUNDLEDNAME {} DSP 0 BRAM 0 URAM 0 STORAGESUBTYPE {} DISPNAME {bind_op seteq} VISIBLE false} {BINDTYPE op ID {} IMPL fabric LATENCY 0 OPTYPE add PRAGMA {} RTLNAME new_head_col_1_fu_884_p2 SOURCE ../snake.cpp:163 VARIABLE new_head_col_1 LOOP {} BUNDLEDNAME {} DSP 0 BRAM 0 URAM 0 STORAGESUBTYPE {} DISPNAME {bind_op add} VISIBLE true} {BINDTYPE op ID {} IMPL auto_sel LATENCY 0 OPTYPE select PRAGMA {} RTLNAME new_head_col_2_fu_890_p3 SOURCE ../snake.cpp:162 VARIABLE new_head_col_2 LOOP {} BUNDLEDNAME {} DSP 0 BRAM 0 URAM 0 STORAGESUBTYPE {} DISPNAME {bind_op select} VISIBLE false} {BINDTYPE op ID {} IMPL auto LATENCY 0 OPTYPE seteq PRAGMA {} RTLNAME icmp_ln164_fu_898_p2 SOURCE ../snake.cpp:164 VARIABLE icmp_ln164 LOOP {} BUNDLEDNAME {} DSP 0 BRAM 0 URAM 0 STORAGESUBTYPE {} DISPNAME {bind_op seteq} VISIBLE false} {BINDTYPE op ID {} IMPL fabric LATENCY 0 OPTYPE add PRAGMA {} RTLNAME new_head_col_3_fu_904_p2 SOURCE ../snake.cpp:165 VARIABLE new_head_col_3 LOOP {} BUNDLEDNAME {} DSP 0 BRAM 0 URAM 0 STORAGESUBTYPE {} DISPNAME {bind_op add} VISIBLE true} {BINDTYPE op ID {} IMPL auto_sel LATENCY 0 OPTYPE select PRAGMA {} RTLNAME new_head_col_4_fu_910_p3 SOURCE ../snake.cpp:164 VARIABLE new_head_col_4 LOOP {} BUNDLEDNAME {} DSP 0 BRAM 0 URAM 0 STORAGESUBTYPE {} DISPNAME {bind_op select} VISIBLE false} {BINDTYPE op ID {} IMPL auto LATENCY 0 OPTYPE setgt PRAGMA {} RTLNAME icmp_ln171_fu_918_p2 SOURCE ../snake.cpp:171 VARIABLE icmp_ln171 LOOP {} BUNDLEDNAME {} DSP 0 BRAM 0 URAM 0 STORAGESUBTYPE {} DISPNAME {bind_op setgt} VISIBLE false} {BINDTYPE op ID {} IMPL auto LATENCY 0 OPTYPE seteq PRAGMA {} RTLNAME icmp_ln172_fu_924_p2 SOURCE ../snake.cpp:172 VARIABLE icmp_ln172 LOOP {} BUNDLEDNAME {} DSP 0 BRAM 0 URAM 0 STORAGESUBTYPE {} DISPNAME {bind_op seteq} VISIBLE false} {BINDTYPE op ID {} IMPL auto LATENCY 0 OPTYPE or PRAGMA {} RTLNAME wall_hit_fu_930_p2 SOURCE ../snake.cpp:171 VARIABLE wall_hit LOOP {} BUNDLEDNAME {} DSP 0 BRAM 0 URAM 0 STORAGESUBTYPE {} DISPNAME {bind_op or} VISIBLE false} {BINDTYPE op ID {} IMPL auto LATENCY 0 OPTYPE seteq PRAGMA {} RTLNAME icmp_ln180_fu_995_p2 SOURCE ../snake.cpp:180 VARIABLE icmp_ln180 LOOP {} BUNDLEDNAME {} DSP 0 BRAM 0 URAM 0 STORAGESUBTYPE {} DISPNAME {bind_op seteq} VISIBLE false} {BINDTYPE op ID {} IMPL auto LATENCY 0 OPTYPE seteq PRAGMA {} RTLNAME icmp_ln181_fu_999_p2 SOURCE ../snake.cpp:181 VARIABLE icmp_ln181 LOOP {} BUNDLEDNAME {} DSP 0 BRAM 0 URAM 0 STORAGESUBTYPE {} DISPNAME {bind_op seteq} VISIBLE false} {BINDTYPE op ID {} IMPL auto LATENCY 0 OPTYPE and PRAGMA {} RTLNAME will_eat_fu_1003_p2 SOURCE ../snake.cpp:180 VARIABLE will_eat LOOP {} BUNDLEDNAME {} DSP 0 BRAM 0 URAM 0 STORAGESUBTYPE {} DISPNAME {bind_op and} VISIBLE false} {BINDTYPE op ID {} IMPL fabric LATENCY 0 OPTYPE add PRAGMA {} RTLNAME add_ln188_fu_944_p2 SOURCE ../snake.cpp:188 VARIABLE add_ln188 LOOP {} BUNDLEDNAME {} DSP 0 BRAM 0 URAM 0 STORAGESUBTYPE {} DISPNAME {bind_op add} VISIBLE true} {BINDTYPE op ID {} IMPL auto LATENCY 0 OPTYPE setne PRAGMA {} RTLNAME icmp_ln189_fu_1009_p2 SOURCE ../snake.cpp:189 VARIABLE icmp_ln189 LOOP {} BUNDLEDNAME {} DSP 0 BRAM 0 URAM 0 STORAGESUBTYPE {} DISPNAME {bind_op setne} VISIBLE false} {BINDTYPE op ID {} IMPL auto LATENCY 0 OPTYPE setne PRAGMA {} RTLNAME not_icmp_ln188_fu_1014_p2 SOURCE ../snake.cpp:164 VARIABLE not_icmp_ln188 LOOP {} BUNDLEDNAME {} DSP 0 BRAM 0 URAM 0 STORAGESUBTYPE {} DISPNAME {bind_op setne} VISIBLE false} {BINDTYPE op ID {} IMPL auto LATENCY 0 OPTYPE or PRAGMA {} RTLNAME empty_fu_1019_p2 SOURCE ../snake.cpp:189 VARIABLE empty LOOP {} BUNDLEDNAME {} DSP 0 BRAM 0 URAM 0 STORAGESUBTYPE {} DISPNAME {bind_op or} VISIBLE false} {BINDTYPE op ID {} IMPL auto LATENCY 0 OPTYPE or PRAGMA {} RTLNAME or_ln192_fu_1025_p2 SOURCE ../snake.cpp:192 VARIABLE or_ln192 LOOP {} BUNDLEDNAME {} DSP 0 BRAM 0 URAM 0 STORAGESUBTYPE {} DISPNAME {bind_op or} VISIBLE false} {BINDTYPE op ID {} IMPL auto LATENCY 0 OPTYPE and PRAGMA {} RTLNAME self_hit_fu_1031_p2 SOURCE ../snake.cpp:191 VARIABLE self_hit LOOP {} BUNDLEDNAME {} DSP 0 BRAM 0 URAM 0 STORAGESUBTYPE {} DISPNAME {bind_op and} VISIBLE false} {BINDTYPE op ID {} IMPL fabric LATENCY 0 OPTYPE add PRAGMA {} RTLNAME new_len_fu_1070_p2 SOURCE ../snake.cpp:204 VARIABLE new_len LOOP {} BUNDLEDNAME {} DSP 0 BRAM 0 URAM 0 STORAGESUBTYPE {} DISPNAME {bind_op add} VISIBLE true} {BINDTYPE op ID {} IMPL auto LATENCY 0 OPTYPE setlt PRAGMA {} RTLNAME icmp_ln235_fu_1141_p2 SOURCE ../snake.cpp:235 VARIABLE icmp_ln235 LOOP {} BUNDLEDNAME {} DSP 0 BRAM 0 URAM 0 STORAGESUBTYPE {} DISPNAME {bind_op setlt} VISIBLE false} {BINDTYPE op ID {} IMPL auto LATENCY 0 OPTYPE setlt PRAGMA {} RTLNAME icmp_ln236_fu_1146_p2 SOURCE ../snake.cpp:236 VARIABLE icmp_ln236 LOOP {} BUNDLEDNAME {} DSP 0 BRAM 0 URAM 0 STORAGESUBTYPE {} DISPNAME {bind_op setlt} VISIBLE false} {BINDTYPE op ID {} IMPL auto LATENCY 0 OPTYPE and PRAGMA {} RTLNAME in_grid_fu_1151_p2 SOURCE ../snake.cpp:235 VARIABLE in_grid LOOP {} BUNDLEDNAME {} DSP 0 BRAM 0 URAM 0 STORAGESUBTYPE {} DISPNAME {bind_op and} VISIBLE false} {BINDTYPE op ID {} IMPL auto LATENCY 0 OPTYPE and PRAGMA {} RTLNAME is_snake_fu_1190_p2 SOURCE ../snake.cpp:235 VARIABLE is_snake LOOP {} BUNDLEDNAME {} DSP 0 BRAM 0 URAM 0 STORAGESUBTYPE {} DISPNAME {bind_op and} VISIBLE false} {BINDTYPE op ID {} IMPL auto LATENCY 0 OPTYPE seteq PRAGMA {} RTLNAME icmp_ln240_fu_1195_p2 SOURCE ../snake.cpp:240 VARIABLE icmp_ln240 LOOP {} BUNDLEDNAME {} DSP 0 BRAM 0 URAM 0 STORAGESUBTYPE {} DISPNAME {bind_op seteq} VISIBLE false} {BINDTYPE op ID {} IMPL auto LATENCY 0 OPTYPE or PRAGMA {} RTLNAME or_ln243_fu_1200_p2 SOURCE ../snake.cpp:243 VARIABLE or_ln243 LOOP {} BUNDLEDNAME {} DSP 0 BRAM 0 URAM 0 STORAGESUBTYPE {} DISPNAME {bind_op or} VISIBLE false} {BINDTYPE op ID {} IMPL auto LATENCY 0 OPTYPE seteq PRAGMA {} RTLNAME icmp_ln241_fu_1206_p2 SOURCE ../snake.cpp:241 VARIABLE icmp_ln241 LOOP {} BUNDLEDNAME {} DSP 0 BRAM 0 URAM 0 STORAGESUBTYPE {} DISPNAME {bind_op seteq} VISIBLE false} {BINDTYPE op ID {} IMPL auto LATENCY 0 OPTYPE and PRAGMA {} RTLNAME and_ln239_fu_1211_p2 SOURCE ../snake.cpp:239 VARIABLE and_ln239 LOOP {} BUNDLEDNAME {} DSP 0 BRAM 0 URAM 0 STORAGESUBTYPE {} DISPNAME {bind_op and} VISIBLE false} {BINDTYPE op ID {} IMPL auto LATENCY 0 OPTYPE and PRAGMA {} RTLNAME and_ln239_1_fu_1217_p2 SOURCE ../snake.cpp:239 VARIABLE and_ln239_1 LOOP {} BUNDLEDNAME {} DSP 0 BRAM 0 URAM 0 STORAGESUBTYPE {} DISPNAME {bind_op and} VISIBLE false} {BINDTYPE op ID {} IMPL auto_sel LATENCY 0 OPTYPE select PRAGMA {} RTLNAME select_ln243_fu_1222_p3 SOURCE ../snake.cpp:243 VARIABLE select_ln243 LOOP {} BUNDLEDNAME {} DSP 0 BRAM 0 URAM 0 STORAGESUBTYPE {} DISPNAME {bind_op select} VISIBLE false} {BINDTYPE op ID {} IMPL auto LATENCY 0 OPTYPE xor PRAGMA {} RTLNAME xor_ln243_fu_1231_p2 SOURCE ../snake.cpp:243 VARIABLE xor_ln243 LOOP {} BUNDLEDNAME {} DSP 0 BRAM 0 URAM 0 STORAGESUBTYPE {} DISPNAME {bind_op xor} VISIBLE false} {BINDTYPE op ID {} IMPL auto LATENCY 0 OPTYPE or PRAGMA {} RTLNAME or_ln243_1_fu_1238_p2 SOURCE ../snake.cpp:243 VARIABLE or_ln243_1 LOOP {} BUNDLEDNAME {} DSP 0 BRAM 0 URAM 0 STORAGESUBTYPE {} DISPNAME {bind_op or} VISIBLE false} {BINDTYPE op ID {} IMPL auto_sel LATENCY 0 OPTYPE select PRAGMA {} RTLNAME select_ln243_1_fu_1244_p3 SOURCE ../snake.cpp:243 VARIABLE select_ln243_1 LOOP {} BUNDLEDNAME {} DSP 0 BRAM 0 URAM 0 STORAGESUBTYPE {} DISPNAME {bind_op select} VISIBLE false} {BINDTYPE op ID {} IMPL auto_sel LATENCY 0 OPTYPE select PRAGMA {} RTLNAME G_out SOURCE ../snake.cpp:243 VARIABLE storemerge_cast LOOP {} BUNDLEDNAME {} DSP 0 BRAM 0 URAM 0 STORAGESUBTYPE {} DISPNAME {bind_op select} VISIBLE false} {BINDTYPE op ID {} IMPL auto_sel LATENCY 0 OPTYPE select PRAGMA {} RTLNAME R_out SOURCE ../snake.cpp:243 VARIABLE storemerge2_cast LOOP {} BUNDLEDNAME {} DSP 0 BRAM 0 URAM 0 STORAGESUBTYPE {} DISPNAME {bind_op select} VISIBLE false} {BINDTYPE storage ID {} IMPL auto LATENCY 1 OPTYPE ram_1p PRAGMA {} RTLNAME grid_U SOURCE {} VARIABLE grid LOOP {} BUNDLEDNAME {} DSP 0 BRAM 0 URAM 0 STORAGESUBTYPE {} STORAGESIZE {1 300 1} STORAGEUSAGE ram_1p DISPNAME {bind_storage ram_1p} VISIBLE true} {BINDTYPE storage ID {} IMPL auto LATENCY 1 OPTYPE ram_2p PRAGMA {} RTLNAME st_body_col_U SOURCE {} VARIABLE st_body_col LOOP {} BUNDLEDNAME {} DSP 0 BRAM 1 URAM 0 STORAGESUBTYPE {} STORAGESIZE {5 300 1} STORAGEUSAGE ram_2p DISPNAME {bind_storage ram_2p} VISIBLE true} {BINDTYPE storage ID {} IMPL auto LATENCY 1 OPTYPE ram_2p PRAGMA {} RTLNAME st_body_row_U SOURCE {} VARIABLE st_body_row LOOP {} BUNDLEDNAME {} DSP 0 BRAM 1 URAM 0 STORAGESUBTYPE {} STORAGESIZE {4 300 1} STORAGEUSAGE ram_2p DISPNAME {bind_storage ram_2p} VISIBLE true}} AREA {DSP 0 BRAM 2 URAM 0}}}}'
INFO-FLOW: DBG:PUTS:      update_csynth_reports json2rpt_hw_sw_interfaces
INFO-FLOW: Running: gen_csynth_sec_pragma
INFO-FLOW: Done: gen_csynth_sec_pragma time: 0 seconds 
Execute     send_msg_by_id INFO @200-2225@%s C:/Users/aniko/OneDrive/Desktop/ECE554/capstone/snake_hls/snake_hls/snake_top/hls/syn/inferred_directives.ini 
INFO: [HLS 200-2225] Wrote inferred directives to file C:/Users/aniko/OneDrive/Desktop/ECE554/capstone/snake_hls/snake_hls/snake_top/hls/syn/inferred_directives.ini
INFO-FLOW: DBG:PUTS:      update_csynth_reports wrote xml
INFO-FLOW: DBG:PUTS:      update_csynth_reports appended to csynth rpt file
INFO-FLOW: Done: add_csynth_report_sections time: 0.2 seconds 
INFO: [HLS 200-111] Finished Updating report files: CPU user time: 0 seconds. CPU system time: 0 seconds. Elapsed time: 1.248 seconds; current allocated memory: 272.262 MB.
INFO: [VHDL 208-304] Generating VHDL RTL for snake_top.
INFO: [VLOG 209-307] Generating Verilog RTL for snake_top.
Execute     syn_report -model snake_top -printsummary 
INFO: [HLS 200-790] **** Loop Constraint Status: All loop constraints were satisfied.
INFO: [HLS 200-789] **** Estimated Fmax: 74.16 MHz
Execute     AP::msg_collection_file -close 
Command   csynth_design done; 28.133 sec.
Execute   close_project 
Execute     close_solution 
Execute       cleanup_all 
Execute       cleanup_all 
