

================================================================
== Vitis HLS Report for 'snake_top'
================================================================
* Date:           Sat Mar 21 02:24:15 2026

* Version:        2025.2 (Build 6295257 on Nov 12 2025)
* Project:        snake_top
* Solution:       hls (Vivado IP Flow Target)
* Product family: zynq
* Target device:  xc7z010-clg225-1


================================================================
== Performance Estimates
================================================================
+ Timing: 
    * Summary: 
    +--------+----------+-----------+------------+
    |  Clock |  Target  | Estimated | Uncertainty|
    +--------+----------+-----------+------------+
    |ap_clk  |  25.00 ns|  13.484 ns|     6.75 ns|
    +--------+----------+-----------+------------+

+ Latency: 
    * Summary: 
    +---------+---------+-----------+-----------+-----+-----+---------+
    |  Latency (cycles) |   Latency (absolute)  |  Interval | Pipeline|
    |   min   |   max   |    min    |    max    | min | max |   Type  |
    +---------+---------+-----------+-----------+-----+-----+---------+
    |        2|      613|  50.000 ns|  15.325 us|    3|  614|       no|
    +---------+---------+-----------+-----------+-----+-----+---------+

    + Detail: 
        * Instance: 
        +---------------------------------------------------------------+----------------------------------------------------+---------+---------+-----------+----------+-----+-----+-------------------+
        |                                                               |                                                    |  Latency (cycles) |  Latency (absolute)  |  Interval |      Pipeline     |
        |                            Instance                           |                       Module                       |   min   |   max   |    min    |    max   | min | max |        Type       |
        +---------------------------------------------------------------+----------------------------------------------------+---------+---------+-----------+----------+-----+-----+-------------------+
        |grp_snake_top_Pipeline_VITIS_LOOP_73_1_VITIS_LOOP_74_2_fu_488  |snake_top_Pipeline_VITIS_LOOP_73_1_VITIS_LOOP_74_2  |      302|      302|   7.550 us|  7.550 us|    0|    0|  loop pipeline stp|
        |grp_snake_top_Pipeline_VITIS_LOOP_85_3_fu_494                  |snake_top_Pipeline_VITIS_LOOP_85_3                  |        5|        5|   0.125 us|  0.125 us|    0|    0|  loop pipeline stp|
        |grp_snake_top_Pipeline_VITIS_LOOP_94_4_fu_504                  |snake_top_Pipeline_VITIS_LOOP_94_4                  |      299|      299|   7.475 us|  7.475 us|    0|    0|  loop pipeline stp|
        |grp_snake_top_Pipeline_VITIS_LOOP_27_1_fu_512                  |snake_top_Pipeline_VITIS_LOOP_27_1                  |        3|       34|  75.000 ns|  0.850 us|    0|    0|  loop pipeline stp|
        |grp_snake_top_Pipeline_VITIS_LOOP_207_5_fu_521                 |snake_top_Pipeline_VITIS_LOOP_207_5                 |      301|      301|   7.525 us|  7.525 us|    0|    0|  loop pipeline stp|
        |grp_snake_top_Pipeline_VITIS_LOOP_27_11_fu_531                 |snake_top_Pipeline_VITIS_LOOP_27_11                 |        3|       34|  75.000 ns|  0.850 us|    0|    0|  loop pipeline stp|
        +---------------------------------------------------------------+----------------------------------------------------+---------+---------+-----------+----------+-----+-----+-------------------+

        * Loop: 
        N/A



================================================================
== Utilization Estimates
================================================================
* Summary: 
+-----------------+---------+----+-------+-------+-----+
|       Name      | BRAM_18K| DSP|   FF  |  LUT  | URAM|
+-----------------+---------+----+-------+-------+-----+
|DSP              |        -|   -|      -|      -|    -|
|Expression       |        -|   -|      0|    603|    -|
|FIFO             |        -|   -|      -|      -|    -|
|Instance         |        -|   -|    173|    698|    -|
|Memory           |        2|   -|      1|      5|    0|
|Multiplexer      |        -|   -|      0|    601|    -|
|Register         |        -|   -|    218|      -|    -|
+-----------------+---------+----+-------+-------+-----+
|Total            |        2|   0|    392|   1907|    0|
+-----------------+---------+----+-------+-------+-----+
|Available        |      120|  80|  35200|  17600|    0|
+-----------------+---------+----+-------+-------+-----+
|Utilization (%)  |        1|   0|      1|     10|    0|
+-----------------+---------+----+-------+-------+-----+

+ Detail: 
    * Instance: 
    +---------------------------------------------------------------+----------------------------------------------------+---------+----+----+-----+-----+
    |                            Instance                           |                       Module                       | BRAM_18K| DSP| FF | LUT | URAM|
    +---------------------------------------------------------------+----------------------------------------------------+---------+----+----+-----+-----+
    |grp_snake_top_Pipeline_VITIS_LOOP_207_5_fu_521                 |snake_top_Pipeline_VITIS_LOOP_207_5                 |        0|   0|  22|   80|    0|
    |grp_snake_top_Pipeline_VITIS_LOOP_27_1_fu_512                  |snake_top_Pipeline_VITIS_LOOP_27_1                  |        0|   0|  58|  165|    0|
    |grp_snake_top_Pipeline_VITIS_LOOP_27_11_fu_531                 |snake_top_Pipeline_VITIS_LOOP_27_11                 |        0|   0|  58|  165|    0|
    |grp_snake_top_Pipeline_VITIS_LOOP_73_1_VITIS_LOOP_74_2_fu_488  |snake_top_Pipeline_VITIS_LOOP_73_1_VITIS_LOOP_74_2  |        0|   0|  20|  157|    0|
    |grp_snake_top_Pipeline_VITIS_LOOP_85_3_fu_494                  |snake_top_Pipeline_VITIS_LOOP_85_3                  |        0|   0|   4|   76|    0|
    |grp_snake_top_Pipeline_VITIS_LOOP_94_4_fu_504                  |snake_top_Pipeline_VITIS_LOOP_94_4                  |        0|   0|  11|   55|    0|
    +---------------------------------------------------------------+----------------------------------------------------+---------+----+----+-----+-----+
    |Total                                                          |                                                    |        0|   0| 173|  698|    0|
    +---------------------------------------------------------------+----------------------------------------------------+---------+----+----+-----+-----+

    * DSP: 
    N/A

    * Memory: 
    +---------------+---------------------------+---------+---+----+-----+------+-----+------+-------------+
    |     Memory    |           Module          | BRAM_18K| FF| LUT| URAM| Words| Bits| Banks| W*Bits*Banks|
    +---------------+---------------------------+---------+---+----+-----+------+-----+------+-------------+
    |grid_U         |grid_RAM_AUTO_1R1W         |        0|  1|   5|    0|   300|    1|     1|          300|
    |st_body_col_U  |st_body_col_RAM_AUTO_1R1W  |        1|  0|   0|    0|   300|    5|     1|         1500|
    |st_body_row_U  |st_body_row_RAM_AUTO_1R1W  |        1|  0|   0|    0|   300|    4|     1|         1200|
    +---------------+---------------------------+---------+---+----+-----+------+-----+------+-------------+
    |Total          |                           |        2|  1|   5|    0|   900|   10|     3|         3000|
    +---------------+---------------------------+---------+---+----+-----+------+-----+------+-------------+

    * FIFO: 
    N/A

    * Expression: 
    +---------------------------------+----------+----+---+----+------------+------------+
    |          Variable Name          | Operation| DSP| FF| LUT| Bitwidth P0| Bitwidth P1|
    +---------------------------------+----------+----+---+----+------------+------------+
    |add_ln148_fu_775_p2              |         +|   0|  0|  13|           4|           1|
    |add_ln188_fu_944_p2              |         +|   0|  0|  14|           9|           2|
    |add_ln191_fu_978_p2              |         +|   0|  0|   9|           9|           9|
    |add_ln199_fu_1059_p2             |         +|   0|  0|   9|           9|           9|
    |add_ln238_fu_1179_p2             |         +|   0|  0|   9|           9|           9|
    |dx_fu_598_p2                     |         +|   0|  0|  12|          11|          10|
    |dy_fu_608_p2                     |         +|   0|  0|  12|          11|           9|
    |new_head_col_1_fu_884_p2         |         +|   0|  0|  13|           5|           2|
    |new_head_col_3_fu_904_p2         |         +|   0|  0|  13|           5|           1|
    |new_head_row_1_fu_844_p2         |         +|   0|  0|  13|           4|           2|
    |new_head_row_3_fu_864_p2         |         +|   0|  0|  13|           4|           1|
    |new_len_fu_1070_p2               |         +|   0|  0|  14|           9|           1|
    |abs_dx_fu_622_p2                 |         -|   0|  0|  12|           9|          11|
    |abs_dy_fu_644_p2                 |         -|   0|  0|  12|           8|          11|
    |sub_ln191_fu_968_p2              |         -|   0|  0|   9|           9|           9|
    |sub_ln199_fu_1049_p2             |         -|   0|  0|   9|           9|           9|
    |sub_ln238_fu_1169_p2             |         -|   0|  0|   9|           9|           9|
    |and_ln112_fu_588_p2              |       and|   0|  0|   2|           1|           1|
    |and_ln136_fu_709_p2              |       and|   0|  0|   2|           1|           1|
    |and_ln137_fu_727_p2              |       and|   0|  0|   2|           1|           1|
    |and_ln138_fu_745_p2              |       and|   0|  0|   2|           1|           1|
    |and_ln239_1_fu_1217_p2           |       and|   0|  0|   2|           1|           1|
    |and_ln239_fu_1211_p2             |       and|   0|  0|   2|           1|           1|
    |in_grid_fu_1151_p2               |       and|   0|  0|   2|           1|           1|
    |is_snake_fu_1190_p2              |       and|   0|  0|   2|           1|           1|
    |reversal_fu_763_p2               |       and|   0|  0|   2|           1|           1|
    |self_hit_fu_1031_p2              |       and|   0|  0|   2|           1|           1|
    |will_eat_fu_1003_p2              |       and|   0|  0|   2|           1|           1|
    |icmp_ln129_fu_658_p2             |      icmp|   0|  0|  12|          11|          11|
    |icmp_ln130_fu_664_p2             |      icmp|   0|  0|  12|          11|           1|
    |icmp_ln136_1_fu_703_p2           |      icmp|   0|  0|  10|           2|           1|
    |icmp_ln136_fu_697_p2             |      icmp|   0|  0|  10|           2|           1|
    |icmp_ln137_1_fu_721_p2           |      icmp|   0|  0|  10|           2|           1|
    |icmp_ln137_fu_715_p2             |      icmp|   0|  0|  10|           2|           1|
    |icmp_ln138_1_fu_739_p2           |      icmp|   0|  0|  10|           2|           2|
    |icmp_ln138_fu_733_p2             |      icmp|   0|  0|  11|           2|           3|
    |icmp_ln139_1_fu_757_p2           |      icmp|   0|  0|  11|           2|           3|
    |icmp_ln139_fu_751_p2             |      icmp|   0|  0|  10|           2|           2|
    |icmp_ln150_fu_781_p2             |      icmp|   0|  0|  13|           4|           2|
    |icmp_ln158_fu_838_p2             |      icmp|   0|  0|  10|           2|           1|
    |icmp_ln160_fu_858_p2             |      icmp|   0|  0|  10|           2|           1|
    |icmp_ln162_fu_878_p2             |      icmp|   0|  0|  11|           2|           3|
    |icmp_ln164_fu_898_p2             |      icmp|   0|  0|  10|           2|           2|
    |icmp_ln171_fu_918_p2             |      icmp|   0|  0|  13|           5|           5|
    |icmp_ln172_fu_924_p2             |      icmp|   0|  0|  13|           4|           2|
    |icmp_ln180_fu_995_p2             |      icmp|   0|  0|  13|           5|           5|
    |icmp_ln181_fu_999_p2             |      icmp|   0|  0|  13|           4|           4|
    |icmp_ln189_fu_1009_p2            |      icmp|   0|  0|  13|           4|           4|
    |icmp_ln235_fu_1141_p2            |      icmp|   0|  0|  13|          10|          10|
    |icmp_ln236_fu_1146_p2            |      icmp|   0|  0|  13|          10|           9|
    |icmp_ln240_fu_1195_p2            |      icmp|   0|  0|  13|           5|           5|
    |icmp_ln241_fu_1206_p2            |      icmp|   0|  0|  13|           4|           4|
    |new_dir_1_fu_678_p2              |      icmp|   0|  0|  12|          11|           1|
    |not_icmp_ln188_fu_1014_p2        |      icmp|   0|  0|  13|           5|           5|
    |ap_block_state6_on_subcall_done  |        or|   0|  0|   2|           1|           1|
    |empty_fu_1019_p2                 |        or|   0|  0|   2|           1|           1|
    |grid_we0                         |        or|   0|  0|   2|           1|           1|
    |or_ln112_fu_576_p2               |        or|   0|  0|   2|           1|           1|
    |or_ln192_fu_1025_p2              |        or|   0|  0|   2|           1|           1|
    |or_ln243_1_fu_1238_p2            |        or|   0|  0|   2|           1|           1|
    |or_ln243_fu_1200_p2              |        or|   0|  0|   2|           1|           1|
    |st_body_col_we0                  |        or|   0|  0|   2|           1|           1|
    |st_body_row_we0                  |        or|   0|  0|   2|           1|           1|
    |wall_hit_fu_930_p2               |        or|   0|  0|   2|           1|           1|
    |G_out                            |    select|   0|  0|   2|           1|           2|
    |R_out                            |    select|   0|  0|   2|           1|           2|
    |abs_dx_1_fu_628_p3               |    select|   0|  0|  11|           1|          11|
    |abs_dy_1_fu_650_p3               |    select|   0|  0|  11|           1|          11|
    |new_dir_2_fu_688_p3              |    select|   0|  0|   2|           1|           2|
    |new_dir_fu_670_p3                |    select|   0|  0|   3|           1|           2|
    |new_head_col_2_fu_890_p3         |    select|   0|  0|   5|           1|           5|
    |new_head_col_4_fu_910_p3         |    select|   0|  0|   5|           1|           5|
    |new_head_row_2_fu_850_p3         |    select|   0|  0|   4|           1|           4|
    |new_head_row_4_fu_870_p3         |    select|   0|  0|   4|           1|           4|
    |select_ln243_1_fu_1244_p3        |    select|   0|  0|   9|           1|           1|
    |select_ln243_fu_1222_p3          |    select|   0|  0|   2|           1|           1|
    |xor_ln112_fu_582_p2              |       xor|   0|  0|   2|           1|           2|
    |xor_ln243_fu_1231_p2             |       xor|   0|  0|   2|           1|           1|
    +---------------------------------+----------+----+---+----+------------+------------+
    |Total                            |          |   0|  0| 603|         285|         268|
    +---------------------------------+----------+----+---+----+------------+------------+

    * Multiplexer: 
    +------------------------------------------------+----+-----------+-----+-----------+
    |                      Name                      | LUT| Input Size| Bits| Total Bits|
    +------------------------------------------------+----+-----------+-----+-----------+
    |ap_NS_fsm                                       |  65|         16|    1|         16|
    |ap_phi_mux_st_frame_count_flag_1_phi_fu_435_p4  |   9|          2|    1|          2|
    |ap_phi_mux_st_frame_count_new_1_phi_fu_447_p4   |   9|          2|    4|          8|
    |ap_phi_mux_storemerge1_phi_fu_481_p4            |   9|          2|    1|          2|
    |ap_phi_mux_storemerge2_phi_fu_459_p4            |   9|          2|    1|          2|
    |ap_phi_mux_storemerge_phi_fu_470_p4             |   9|          2|    1|          2|
    |empty_13_reg_411                                |  14|          3|    1|          3|
    |grid_address0                                   |  25|          5|    9|         45|
    |grid_address0_local                             |  25|          5|    9|         45|
    |grid_ce0                                        |  25|          5|    1|          5|
    |grid_d0                                         |  14|          3|    1|          3|
    |grid_d0_local                                   |  14|          3|    1|          3|
    |grid_we0                                        |  14|          3|    1|          3|
    |lfsr                                            |   9|          2|   16|         32|
    |new_len_2_reg_318                               |   9|          2|    9|         18|
    |st_body_col_address0                            |  20|          4|    9|         36|
    |st_body_col_address0_local                      |  14|          3|    9|         27|
    |st_body_col_ce0                                 |  20|          4|    1|          4|
    |st_body_col_ce1                                 |   9|          2|    1|          2|
    |st_body_col_d0                                  |  20|          4|    5|         20|
    |st_body_col_we0                                 |  20|          4|    1|          4|
    |st_body_row_address0                            |  20|          4|    9|         36|
    |st_body_row_address0_local                      |  14|          3|    9|         27|
    |st_body_row_ce0                                 |  20|          4|    1|          4|
    |st_body_row_ce1                                 |   9|          2|    1|          2|
    |st_body_row_d0                                  |  20|          4|    4|         16|
    |st_body_row_we0                                 |  20|          4|    1|          4|
    |st_direction                                    |   9|          2|    2|          4|
    |st_direction_loc_1_reg_300                      |   9|          2|    2|          4|
    |st_food_col                                     |   9|          2|    5|         10|
    |st_food_col_loc_1_reg_377                       |  14|          3|    5|         15|
    |st_food_row                                     |   9|          2|    4|          8|
    |st_food_row_loc_1_reg_394                       |  14|          3|    4|         12|
    |st_frame_count_flag_1_reg_431                   |   9|          2|    1|          2|
    |st_frame_count_new_0_reg_353                    |   9|          2|    4|          8|
    |st_frame_count_new_1_reg_443                    |   9|          2|    4|          8|
    |st_length                                       |   9|          2|    8|         16|
    |storemerge1_reg_477                             |   9|          2|    1|          2|
    |storemerge2_reg_455                             |   9|          2|    1|          2|
    |storemerge_reg_466                              |   9|          2|    1|          2|
    |vsync_prev                                      |   9|          2|    1|          2|
    +------------------------------------------------+----+-----------+-----+-----------+
    |Total                                           | 601|        129|  151|        466|
    +------------------------------------------------+----+-----------+-----+-----------+

    * Register: 
    +----------------------------------------------------------------------------+----+----+-----+-----------+
    |                                    Name                                    | FF | LUT| Bits| Const Bits|
    +----------------------------------------------------------------------------+----+----+-----+-----------+
    |and_ln112_reg_1365                                                          |   1|   0|    1|          0|
    |ap_CS_fsm                                                                   |  15|   0|   15|          0|
    |c_6_loc_fu_166                                                              |   5|   0|    5|          0|
    |c_7_loc_fu_154                                                              |   5|   0|    5|          0|
    |cell_col_reg_1451                                                           |   5|   0|    5|          0|
    |cell_row_reg_1456                                                           |   4|   0|    4|          0|
    |empty_13_reg_411                                                            |   1|   0|    1|          0|
    |grid_addr_reg_1424                                                          |   9|   0|    9|          0|
    |grp_snake_top_Pipeline_VITIS_LOOP_207_5_fu_521_ap_start_reg                 |   1|   0|    1|          0|
    |grp_snake_top_Pipeline_VITIS_LOOP_27_11_fu_531_ap_start_reg                 |   1|   0|    1|          0|
    |grp_snake_top_Pipeline_VITIS_LOOP_27_1_fu_512_ap_start_reg                  |   1|   0|    1|          0|
    |grp_snake_top_Pipeline_VITIS_LOOP_73_1_VITIS_LOOP_74_2_fu_488_ap_start_reg  |   1|   0|    1|          0|
    |grp_snake_top_Pipeline_VITIS_LOOP_85_3_fu_494_ap_start_reg                  |   1|   0|    1|          0|
    |grp_snake_top_Pipeline_VITIS_LOOP_94_4_fu_504_ap_start_reg                  |   1|   0|    1|          0|
    |icmp_ln150_reg_1386                                                         |   1|   0|    1|          0|
    |in_grid_reg_1461                                                            |   1|   0|    1|          0|
    |lfsr                                                                        |  16|   0|   16|          0|
    |new_head_col_4_reg_1397                                                     |   5|   0|    5|          0|
    |new_head_row_4_reg_1390                                                     |   4|   0|    4|          0|
    |new_len_2_reg_318                                                           |   9|   0|    9|          0|
    |or_ln14_1_loc_fu_162                                                        |  16|   0|   16|          0|
    |or_ln_loc_fu_174                                                            |  16|   0|   16|          0|
    |r_5_loc_fu_170                                                              |   4|   0|    4|          0|
    |r_6_loc_fu_158                                                              |   4|   0|    4|          0|
    |rst_n_read_reg_1282                                                         |   1|   0|    1|          0|
    |self_hit_reg_1433                                                           |   1|   0|    1|          0|
    |st_direction                                                                |   2|   0|    2|          0|
    |st_direction_loc_1_reg_300                                                  |   2|   0|    2|          0|
    |st_food_col                                                                 |   5|   0|    5|          0|
    |st_food_col_load_reg_1337                                                   |   5|   0|    5|          0|
    |st_food_col_loc_1_reg_377                                                   |   5|   0|    5|          0|
    |st_food_row                                                                 |   4|   0|    4|          0|
    |st_food_row_load_reg_1347                                                   |   4|   0|    4|          0|
    |st_food_row_loc_1_reg_394                                                   |   4|   0|    4|          0|
    |st_frame_count                                                              |   4|   0|    4|          0|
    |st_frame_count_flag_0_reg_328                                               |   1|   0|    1|          0|
    |st_frame_count_flag_1_reg_431                                               |   1|   0|    1|          0|
    |st_frame_count_new_0_reg_353                                                |   4|   0|    4|          0|
    |st_frame_count_new_1_reg_443                                                |   4|   0|    4|          0|
    |st_game_over                                                                |   1|   0|    1|          0|
    |st_game_over_load_reg_1357                                                  |   1|   0|    1|          0|
    |st_length                                                                   |   8|   0|    8|          0|
    |storemerge1_reg_477                                                         |   1|   0|    8|          7|
    |storemerge2_reg_455                                                         |   1|   0|    1|          0|
    |storemerge_reg_466                                                          |   1|   0|    1|          0|
    |vga_x_read_reg_1292                                                         |  10|   0|   10|          0|
    |vga_y_read_reg_1286                                                         |  10|   0|   10|          0|
    |vsync_prev                                                                  |   1|   0|    1|          0|
    |wall_hit_reg_1404                                                           |   1|   0|    1|          0|
    |will_eat_reg_1429                                                           |   1|   0|    1|          0|
    |zext_ln188_reg_1408                                                         |   8|   0|    9|          1|
    +----------------------------------------------------------------------------+----+----+-----+-----------+
    |Total                                                                       | 218|   0|  226|          8|
    +----------------------------------------------------------------------------+----+----+-----+-----------+



================================================================
== Interface
================================================================
* Summary: 
+--------------+-----+-----+------------+--------------+--------------+
|   RTL Ports  | Dir | Bits|  Protocol  | Source Object|    C Type    |
+--------------+-----+-----+------------+--------------+--------------+
|ap_clk        |   in|    1|  ap_ctrl_hs|     snake_top|  return value|
|ap_rst        |   in|    1|  ap_ctrl_hs|     snake_top|  return value|
|ap_start      |   in|    1|  ap_ctrl_hs|     snake_top|  return value|
|ap_done       |  out|    1|  ap_ctrl_hs|     snake_top|  return value|
|ap_idle       |  out|    1|  ap_ctrl_hs|     snake_top|  return value|
|ap_ready      |  out|    1|  ap_ctrl_hs|     snake_top|  return value|
|hand_x        |   in|   10|     ap_none|        hand_x|        scalar|
|hand_y        |   in|   10|     ap_none|        hand_y|        scalar|
|detected      |   in|    1|     ap_none|      detected|        scalar|
|vga_x         |   in|   10|     ap_none|         vga_x|        scalar|
|vga_y         |   in|   10|     ap_none|         vga_y|        scalar|
|vsync         |   in|    1|     ap_none|         vsync|        scalar|
|rst_n         |   in|    1|     ap_none|         rst_n|        scalar|
|R_out         |  out|   10|      ap_vld|         R_out|       pointer|
|R_out_ap_vld  |  out|    1|      ap_vld|         R_out|       pointer|
|G_out         |  out|   10|      ap_vld|         G_out|       pointer|
|G_out_ap_vld  |  out|    1|      ap_vld|         G_out|       pointer|
|B_out         |  out|   10|      ap_vld|         B_out|       pointer|
|B_out_ap_vld  |  out|    1|      ap_vld|         B_out|       pointer|
+--------------+-----+-----+------------+--------------+--------------+

============================================================
+ Verbose Summary: Synthesis Manager
============================================================
InlineROM: 1
ExposeGlobal: 0
============================================================
+ Verbose Summary: CDFG Model
============================================================
IsTopModel: 1
ResetActiveHigh: 1
IsCombinational: 2
IsDatapathOnly: 2
HasWiredReturn: 1
HasMFsm: 0
HasVarLatency: 1
IsPipeline: 0
IsRtlPipelined: 0
IsInstanceOverlapped: 0
IsDontTouch: 0
HasImplIP: 0
IsGatedGlobalClock: 0


============================================================
+ Verbose Summary: Schedule
============================================================
* Number of FSM states : 15
* Pipeline : 0
* Dataflow Pipeline: 0

* FSM state transitions: 
1 --> 2 14 8 
2 --> 3 
3 --> 4 
4 --> 5 
5 --> 6 
6 --> 7 
7 --> 15 
8 --> 9 14 
9 --> 10 14 
10 --> 11 
11 --> 12 
12 --> 13 14 
13 --> 14 
14 --> 15 
15 --> 

* FSM state operations: 

State 1 <SV = 0> <Delay = 8.49>
ST_1 : Operation 16 [1/1] (0.00ns)   --->   "%rst_n_read = read i1 @_ssdm_op_Read.ap_auto.i1, i1 %rst_n"   --->   Operation 16 'read' 'rst_n_read' <Predicate = true> <Delay = 0.00>
ST_1 : Operation 17 [1/1] (0.00ns)   --->   "%vsync_read = read i1 @_ssdm_op_Read.ap_auto.i1, i1 %vsync"   --->   Operation 17 'read' 'vsync_read' <Predicate = true> <Delay = 0.00>
ST_1 : Operation 18 [1/1] (0.00ns)   --->   "%vga_y_read = read i10 @_ssdm_op_Read.ap_auto.i10, i10 %vga_y"   --->   Operation 18 'read' 'vga_y_read' <Predicate = true> <Delay = 0.00>
ST_1 : Operation 19 [1/1] (0.00ns)   --->   "%vga_x_read = read i10 @_ssdm_op_Read.ap_auto.i10, i10 %vga_x"   --->   Operation 19 'read' 'vga_x_read' <Predicate = true> <Delay = 0.00>
ST_1 : Operation 20 [1/1] (0.00ns)   --->   "%detected_read = read i1 @_ssdm_op_Read.ap_auto.i1, i1 %detected"   --->   Operation 20 'read' 'detected_read' <Predicate = true> <Delay = 0.00>
ST_1 : Operation 21 [1/1] (0.00ns)   --->   "%hand_y_read = read i10 @_ssdm_op_Read.ap_auto.i10, i10 %hand_y"   --->   Operation 21 'read' 'hand_y_read' <Predicate = true> <Delay = 0.00>
ST_1 : Operation 22 [1/1] (0.00ns)   --->   "%hand_x_read = read i10 @_ssdm_op_Read.ap_auto.i10, i10 %hand_x"   --->   Operation 22 'read' 'hand_x_read' <Predicate = true> <Delay = 0.00>
ST_1 : Operation 23 [1/1] (0.00ns)   --->   "%c_7_loc = alloca i64 1"   --->   Operation 23 'alloca' 'c_7_loc' <Predicate = true> <Delay = 0.00>
ST_1 : Operation 24 [1/1] (0.00ns)   --->   "%r_6_loc = alloca i64 1"   --->   Operation 24 'alloca' 'r_6_loc' <Predicate = true> <Delay = 0.00>
ST_1 : Operation 25 [1/1] (0.00ns)   --->   "%or_ln14_1_loc = alloca i64 1"   --->   Operation 25 'alloca' 'or_ln14_1_loc' <Predicate = true> <Delay = 0.00>
ST_1 : Operation 26 [1/1] (0.00ns)   --->   "%c_6_loc = alloca i64 1"   --->   Operation 26 'alloca' 'c_6_loc' <Predicate = true> <Delay = 0.00>
ST_1 : Operation 27 [1/1] (0.00ns)   --->   "%r_5_loc = alloca i64 1"   --->   Operation 27 'alloca' 'r_5_loc' <Predicate = true> <Delay = 0.00>
ST_1 : Operation 28 [1/1] (0.00ns)   --->   "%or_ln_loc = alloca i64 1"   --->   Operation 28 'alloca' 'or_ln_loc' <Predicate = true> <Delay = 0.00>
ST_1 : Operation 29 [1/1] (0.00ns)   --->   "%spectopmodule_ln48 = spectopmodule void @_ssdm_op_SpecTopModule, void @empty_1" [../snake.cpp:48]   --->   Operation 29 'spectopmodule' 'spectopmodule_ln48' <Predicate = true> <Delay = 0.00>
ST_1 : Operation 30 [1/1] (0.00ns)   --->   "%specbitsmap_ln0 = specbitsmap void @_ssdm_op_SpecBitsMap, i10 %hand_x"   --->   Operation 30 'specbitsmap' 'specbitsmap_ln0' <Predicate = true> <Delay = 0.00>
ST_1 : Operation 31 [1/1] (0.00ns)   --->   "%specinterface_ln0 = specinterface void @_ssdm_op_SpecInterface, i10 %hand_x, void @empty, i32 0, i32 0, void @empty_0, i32 0, i32 0, void @empty_0, void @empty_0, void @empty_0, i32 0, i32 0, i32 0, i32 0, void @empty_0, void @empty_0, i32 4294967295, i32 0, i32 0, i32 0"   --->   Operation 31 'specinterface' 'specinterface_ln0' <Predicate = true> <Delay = 0.00>
ST_1 : Operation 32 [1/1] (0.00ns)   --->   "%specbitsmap_ln0 = specbitsmap void @_ssdm_op_SpecBitsMap, i10 %hand_y"   --->   Operation 32 'specbitsmap' 'specbitsmap_ln0' <Predicate = true> <Delay = 0.00>
ST_1 : Operation 33 [1/1] (0.00ns)   --->   "%specinterface_ln0 = specinterface void @_ssdm_op_SpecInterface, i10 %hand_y, void @empty, i32 0, i32 0, void @empty_0, i32 0, i32 0, void @empty_0, void @empty_0, void @empty_0, i32 0, i32 0, i32 0, i32 0, void @empty_0, void @empty_0, i32 4294967295, i32 0, i32 0, i32 0"   --->   Operation 33 'specinterface' 'specinterface_ln0' <Predicate = true> <Delay = 0.00>
ST_1 : Operation 34 [1/1] (0.00ns)   --->   "%specbitsmap_ln0 = specbitsmap void @_ssdm_op_SpecBitsMap, i1 %detected"   --->   Operation 34 'specbitsmap' 'specbitsmap_ln0' <Predicate = true> <Delay = 0.00>
ST_1 : Operation 35 [1/1] (0.00ns)   --->   "%specinterface_ln0 = specinterface void @_ssdm_op_SpecInterface, i1 %detected, void @empty, i32 0, i32 0, void @empty_0, i32 0, i32 0, void @empty_0, void @empty_0, void @empty_0, i32 0, i32 0, i32 0, i32 0, void @empty_0, void @empty_0, i32 4294967295, i32 0, i32 0, i32 0"   --->   Operation 35 'specinterface' 'specinterface_ln0' <Predicate = true> <Delay = 0.00>
ST_1 : Operation 36 [1/1] (0.00ns)   --->   "%specbitsmap_ln0 = specbitsmap void @_ssdm_op_SpecBitsMap, i10 %vga_x"   --->   Operation 36 'specbitsmap' 'specbitsmap_ln0' <Predicate = true> <Delay = 0.00>
ST_1 : Operation 37 [1/1] (0.00ns)   --->   "%specinterface_ln0 = specinterface void @_ssdm_op_SpecInterface, i10 %vga_x, void @empty, i32 0, i32 0, void @empty_0, i32 0, i32 0, void @empty_0, void @empty_0, void @empty_0, i32 0, i32 0, i32 0, i32 0, void @empty_0, void @empty_0, i32 4294967295, i32 0, i32 0, i32 0"   --->   Operation 37 'specinterface' 'specinterface_ln0' <Predicate = true> <Delay = 0.00>
ST_1 : Operation 38 [1/1] (0.00ns)   --->   "%specbitsmap_ln0 = specbitsmap void @_ssdm_op_SpecBitsMap, i10 %vga_y"   --->   Operation 38 'specbitsmap' 'specbitsmap_ln0' <Predicate = true> <Delay = 0.00>
ST_1 : Operation 39 [1/1] (0.00ns)   --->   "%specinterface_ln0 = specinterface void @_ssdm_op_SpecInterface, i10 %vga_y, void @empty, i32 0, i32 0, void @empty_0, i32 0, i32 0, void @empty_0, void @empty_0, void @empty_0, i32 0, i32 0, i32 0, i32 0, void @empty_0, void @empty_0, i32 4294967295, i32 0, i32 0, i32 0"   --->   Operation 39 'specinterface' 'specinterface_ln0' <Predicate = true> <Delay = 0.00>
ST_1 : Operation 40 [1/1] (0.00ns)   --->   "%specbitsmap_ln0 = specbitsmap void @_ssdm_op_SpecBitsMap, i1 %vsync"   --->   Operation 40 'specbitsmap' 'specbitsmap_ln0' <Predicate = true> <Delay = 0.00>
ST_1 : Operation 41 [1/1] (0.00ns)   --->   "%specinterface_ln0 = specinterface void @_ssdm_op_SpecInterface, i1 %vsync, void @empty, i32 0, i32 0, void @empty_0, i32 0, i32 0, void @empty_0, void @empty_0, void @empty_0, i32 0, i32 0, i32 0, i32 0, void @empty_0, void @empty_0, i32 4294967295, i32 0, i32 0, i32 0"   --->   Operation 41 'specinterface' 'specinterface_ln0' <Predicate = true> <Delay = 0.00>
ST_1 : Operation 42 [1/1] (0.00ns)   --->   "%specbitsmap_ln0 = specbitsmap void @_ssdm_op_SpecBitsMap, i1 %rst_n"   --->   Operation 42 'specbitsmap' 'specbitsmap_ln0' <Predicate = true> <Delay = 0.00>
ST_1 : Operation 43 [1/1] (0.00ns)   --->   "%specinterface_ln0 = specinterface void @_ssdm_op_SpecInterface, i1 %rst_n, void @empty, i32 0, i32 0, void @empty_0, i32 0, i32 0, void @empty_0, void @empty_0, void @empty_0, i32 0, i32 0, i32 0, i32 0, void @empty_0, void @empty_0, i32 4294967295, i32 0, i32 0, i32 0"   --->   Operation 43 'specinterface' 'specinterface_ln0' <Predicate = true> <Delay = 0.00>
ST_1 : Operation 44 [1/1] (0.00ns)   --->   "%specbitsmap_ln0 = specbitsmap void @_ssdm_op_SpecBitsMap, i10 %R_out"   --->   Operation 44 'specbitsmap' 'specbitsmap_ln0' <Predicate = true> <Delay = 0.00>
ST_1 : Operation 45 [1/1] (0.00ns)   --->   "%specinterface_ln0 = specinterface void @_ssdm_op_SpecInterface, i10 %R_out, void @empty, i32 0, i32 0, void @empty_0, i32 0, i32 0, void @empty_0, void @empty_0, void @empty_0, i32 0, i32 0, i32 0, i32 0, void @empty_0, void @empty_0, i32 4294967295, i32 0, i32 0, i32 0"   --->   Operation 45 'specinterface' 'specinterface_ln0' <Predicate = true> <Delay = 0.00>
ST_1 : Operation 46 [1/1] (0.00ns)   --->   "%specbitsmap_ln0 = specbitsmap void @_ssdm_op_SpecBitsMap, i10 %G_out"   --->   Operation 46 'specbitsmap' 'specbitsmap_ln0' <Predicate = true> <Delay = 0.00>
ST_1 : Operation 47 [1/1] (0.00ns)   --->   "%specinterface_ln0 = specinterface void @_ssdm_op_SpecInterface, i10 %G_out, void @empty, i32 0, i32 0, void @empty_0, i32 0, i32 0, void @empty_0, void @empty_0, void @empty_0, i32 0, i32 0, i32 0, i32 0, void @empty_0, void @empty_0, i32 4294967295, i32 0, i32 0, i32 0"   --->   Operation 47 'specinterface' 'specinterface_ln0' <Predicate = true> <Delay = 0.00>
ST_1 : Operation 48 [1/1] (0.00ns)   --->   "%specbitsmap_ln0 = specbitsmap void @_ssdm_op_SpecBitsMap, i10 %B_out"   --->   Operation 48 'specbitsmap' 'specbitsmap_ln0' <Predicate = true> <Delay = 0.00>
ST_1 : Operation 49 [1/1] (0.00ns)   --->   "%specinterface_ln0 = specinterface void @_ssdm_op_SpecInterface, i10 %B_out, void @empty, i32 0, i32 0, void @empty_0, i32 0, i32 0, void @empty_0, void @empty_0, void @empty_0, i32 0, i32 0, i32 0, i32 0, void @empty_0, void @empty_0, i32 4294967295, i32 0, i32 0, i32 0"   --->   Operation 49 'specinterface' 'specinterface_ln0' <Predicate = true> <Delay = 0.00>
ST_1 : Operation 50 [1/1] (0.00ns)   --->   "%st_direction_load = load i2 %st_direction" [../snake.cpp:136]   --->   Operation 50 'load' 'st_direction_load' <Predicate = true> <Delay = 0.00>
ST_1 : Operation 51 [1/1] (0.00ns)   --->   "%st_frame_count_load = load i4 %st_frame_count" [../snake.cpp:148]   --->   Operation 51 'load' 'st_frame_count_load' <Predicate = true> <Delay = 0.00>
ST_1 : Operation 52 [1/1] (0.00ns)   --->   "%st_food_col_load = load i5 %st_food_col" [../snake.cpp:180]   --->   Operation 52 'load' 'st_food_col_load' <Predicate = true> <Delay = 0.00>
ST_1 : Operation 53 [1/1] (0.00ns)   --->   "%st_food_row_load = load i4 %st_food_row" [../snake.cpp:181]   --->   Operation 53 'load' 'st_food_row_load' <Predicate = true> <Delay = 0.00>
ST_1 : Operation 54 [1/1] (0.00ns)   --->   "%br_ln71 = br i1 %rst_n_read, void %for.inc.preheader, void %if.end" [../snake.cpp:71]   --->   Operation 54 'br' 'br_ln71' <Predicate = true> <Delay = 0.00>
ST_1 : Operation 55 [2/2] (0.00ns)   --->   "%call_ln0 = call void @snake_top_Pipeline_VITIS_LOOP_73_1_VITIS_LOOP_74_2, i1 %grid"   --->   Operation 55 'call' 'call_ln0' <Predicate = (!rst_n_read)> <Delay = 0.00> <CoreType = "Generic">   --->   Generic Core
ST_1 : Operation 56 [1/1] (0.00ns)   --->   "%vsync_prev_load = load i1 %vsync_prev" [../snake.cpp:109]   --->   Operation 56 'load' 'vsync_prev_load' <Predicate = (rst_n_read)> <Delay = 0.00>
ST_1 : Operation 57 [1/1] (1.58ns)   --->   "%store_ln110 = store i1 %vsync_read, i1 %vsync_prev" [../snake.cpp:110]   --->   Operation 57 'store' 'store_ln110' <Predicate = (rst_n_read)> <Delay = 1.58>
ST_1 : Operation 58 [1/1] (0.00ns)   --->   "%st_game_over_load = load i1 %st_game_over" [../snake.cpp:112]   --->   Operation 58 'load' 'st_game_over_load' <Predicate = (rst_n_read)> <Delay = 0.00>
ST_1 : Operation 59 [1/1] (0.00ns) (grouped into LUT with out node and_ln112)   --->   "%or_ln112 = or i1 %st_game_over_load, i1 %vsync_read" [../snake.cpp:112]   --->   Operation 59 'or' 'or_ln112' <Predicate = (rst_n_read)> <Delay = 0.00> <CoreInst = "LogicGate">   --->   Core 74 'LogicGate' <Latency = 0> <II = 1> <Delay = 0.97> <FuncUnit> <Opcode : 'and' 'or' 'xor'> <InPorts = 2> <OutPorts = 1>
ST_1 : Operation 60 [1/1] (0.00ns) (grouped into LUT with out node and_ln112)   --->   "%xor_ln112 = xor i1 %or_ln112, i1 1" [../snake.cpp:112]   --->   Operation 60 'xor' 'xor_ln112' <Predicate = (rst_n_read)> <Delay = 0.00> <CoreInst = "LogicGate">   --->   Core 74 'LogicGate' <Latency = 0> <II = 1> <Delay = 0.97> <FuncUnit> <Opcode : 'and' 'or' 'xor'> <InPorts = 2> <OutPorts = 1>
ST_1 : Operation 61 [1/1] (0.97ns) (out node of the LUT)   --->   "%and_ln112 = and i1 %vsync_prev_load, i1 %xor_ln112" [../snake.cpp:112]   --->   Operation 61 'and' 'and_ln112' <Predicate = (rst_n_read)> <Delay = 0.97> <CoreInst = "LogicGate">   --->   Core 74 'LogicGate' <Latency = 0> <II = 1> <Delay = 0.97> <FuncUnit> <Opcode : 'and' 'or' 'xor'> <InPorts = 2> <OutPorts = 1>
ST_1 : Operation 62 [1/1] (1.58ns)   --->   "%br_ln112 = br i1 %and_ln112, void %if.end245_ifconv, void %if.then58" [../snake.cpp:112]   --->   Operation 62 'br' 'br_ln112' <Predicate = (rst_n_read)> <Delay = 1.58>
ST_1 : Operation 63 [1/1] (1.58ns)   --->   "%br_ln119 = br i1 %detected_read, void %if.end113, void %if.then59" [../snake.cpp:119]   --->   Operation 63 'br' 'br_ln119' <Predicate = (rst_n_read & and_ln112)> <Delay = 1.58>
ST_1 : Operation 64 [1/1] (0.00ns)   --->   "%zext_ln121 = zext i10 %hand_x_read" [../snake.cpp:121]   --->   Operation 64 'zext' 'zext_ln121' <Predicate = (rst_n_read & and_ln112 & detected_read)> <Delay = 0.00>
ST_1 : Operation 65 [1/1] (1.73ns)   --->   "%dx = add i11 %zext_ln121, i11 1728" [../snake.cpp:121]   --->   Operation 65 'add' 'dx' <Predicate = (rst_n_read & and_ln112 & detected_read)> <Delay = 1.73> <CoreInst = "Adder">   --->   Core 1 'Adder' <Latency = 0> <II = 1> <Delay = 1.63> <FuncUnit> <Opcode : 'add' 'sub'> <InPorts = 2> <OutPorts = 1>
ST_1 : Operation 66 [1/1] (0.00ns)   --->   "%zext_ln122 = zext i10 %hand_y_read" [../snake.cpp:122]   --->   Operation 66 'zext' 'zext_ln122' <Predicate = (rst_n_read & and_ln112 & detected_read)> <Delay = 0.00>
ST_1 : Operation 67 [1/1] (1.73ns)   --->   "%dy = add i11 %zext_ln122, i11 1808" [../snake.cpp:122]   --->   Operation 67 'add' 'dy' <Predicate = (rst_n_read & and_ln112 & detected_read)> <Delay = 1.73> <CoreInst = "Adder">   --->   Core 1 'Adder' <Latency = 0> <II = 1> <Delay = 1.63> <FuncUnit> <Opcode : 'add' 'sub'> <InPorts = 2> <OutPorts = 1>
ST_1 : Operation 68 [1/1] (0.00ns) (grouped into LUT with out node icmp_ln129)   --->   "%tmp = bitselect i1 @_ssdm_op_BitSelect.i1.i11.i32, i11 %dx, i32 10" [../snake.cpp:124]   --->   Operation 68 'bitselect' 'tmp' <Predicate = (rst_n_read & and_ln112 & detected_read)> <Delay = 0.00>
ST_1 : Operation 69 [1/1] (1.73ns)   --->   "%abs_dx = sub i11 320, i11 %zext_ln121" [../snake.cpp:124]   --->   Operation 69 'sub' 'abs_dx' <Predicate = (rst_n_read & and_ln112 & detected_read)> <Delay = 1.73> <CoreInst = "Adder">   --->   Core 1 'Adder' <Latency = 0> <II = 1> <Delay = 1.63> <FuncUnit> <Opcode : 'add' 'sub'> <InPorts = 2> <OutPorts = 1>
ST_1 : Operation 70 [1/1] (0.00ns) (grouped into LUT with out node icmp_ln129)   --->   "%abs_dx_1 = select i1 %tmp, i11 %abs_dx, i11 %dx" [../snake.cpp:124]   --->   Operation 70 'select' 'abs_dx_1' <Predicate = (rst_n_read & and_ln112 & detected_read)> <Delay = 0.00> <CoreInst = "Sel">   --->   Core 73 'Sel' <Latency = 0> <II = 1> <Delay = 0.69> <FuncUnit> <Opcode : 'select'> <InPorts = 3> <OutPorts = 1>
ST_1 : Operation 71 [1/1] (0.00ns) (grouped into LUT with out node icmp_ln129)   --->   "%tmp_11 = bitselect i1 @_ssdm_op_BitSelect.i1.i11.i32, i11 %dy, i32 10" [../snake.cpp:125]   --->   Operation 71 'bitselect' 'tmp_11' <Predicate = (rst_n_read & and_ln112 & detected_read)> <Delay = 0.00>
ST_1 : Operation 72 [1/1] (1.73ns)   --->   "%abs_dy = sub i11 240, i11 %zext_ln122" [../snake.cpp:125]   --->   Operation 72 'sub' 'abs_dy' <Predicate = (rst_n_read & and_ln112 & detected_read)> <Delay = 1.73> <CoreInst = "Adder">   --->   Core 1 'Adder' <Latency = 0> <II = 1> <Delay = 1.63> <FuncUnit> <Opcode : 'add' 'sub'> <InPorts = 2> <OutPorts = 1>
ST_1 : Operation 73 [1/1] (0.00ns) (grouped into LUT with out node icmp_ln129)   --->   "%abs_dy_1 = select i1 %tmp_11, i11 %abs_dy, i11 %dy" [../snake.cpp:125]   --->   Operation 73 'select' 'abs_dy_1' <Predicate = (rst_n_read & and_ln112 & detected_read)> <Delay = 0.00> <CoreInst = "Sel">   --->   Core 73 'Sel' <Latency = 0> <II = 1> <Delay = 0.69> <FuncUnit> <Opcode : 'select'> <InPorts = 3> <OutPorts = 1>
ST_1 : Operation 74 [1/1] (1.63ns) (out node of the LUT)   --->   "%icmp_ln129 = icmp_sgt  i11 %abs_dx_1, i11 %abs_dy_1" [../snake.cpp:129]   --->   Operation 74 'icmp' 'icmp_ln129' <Predicate = (rst_n_read & and_ln112 & detected_read)> <Delay = 1.63> <CoreInst = "Cmp">   --->   Core 9 'Cmp' <Latency = 0> <II = 1> <Delay = 1.63> <FuncUnit> <Opcode : 'seteq' 'setne' 'setle' 'setge' 'setlt' 'setgt'> <InPorts = 2> <OutPorts = 1>
ST_1 : Operation 75 [1/1] (1.63ns)   --->   "%icmp_ln130 = icmp_sgt  i11 %dx, i11 0" [../snake.cpp:130]   --->   Operation 75 'icmp' 'icmp_ln130' <Predicate = (rst_n_read & and_ln112 & detected_read)> <Delay = 1.63> <CoreInst = "Cmp">   --->   Core 9 'Cmp' <Latency = 0> <II = 1> <Delay = 1.63> <FuncUnit> <Opcode : 'seteq' 'setne' 'setle' 'setge' 'setlt' 'setgt'> <InPorts = 2> <OutPorts = 1>
ST_1 : Operation 76 [1/1] (0.00ns) (grouped into LUT with out node new_dir_2)   --->   "%new_dir = select i1 %icmp_ln130, i2 3, i2 2" [../snake.cpp:130]   --->   Operation 76 'select' 'new_dir' <Predicate = (rst_n_read & and_ln112 & detected_read)> <Delay = 0.00> <CoreInst = "Sel">   --->   Core 73 'Sel' <Latency = 0> <II = 1> <Delay = 0.98> <FuncUnit> <Opcode : 'select'> <InPorts = 3> <OutPorts = 1>
ST_1 : Operation 77 [1/1] (1.63ns)   --->   "%new_dir_1 = icmp_sgt  i11 %dy, i11 0" [../snake.cpp:132]   --->   Operation 77 'icmp' 'new_dir_1' <Predicate = (rst_n_read & and_ln112 & detected_read)> <Delay = 1.63> <CoreInst = "Cmp">   --->   Core 9 'Cmp' <Latency = 0> <II = 1> <Delay = 1.63> <FuncUnit> <Opcode : 'seteq' 'setne' 'setle' 'setge' 'setlt' 'setgt'> <InPorts = 2> <OutPorts = 1>
ST_1 : Operation 78 [1/1] (0.00ns) (grouped into LUT with out node new_dir_2)   --->   "%zext_ln132 = zext i1 %new_dir_1" [../snake.cpp:132]   --->   Operation 78 'zext' 'zext_ln132' <Predicate = (rst_n_read & and_ln112 & detected_read)> <Delay = 0.00>
ST_1 : Operation 79 [1/1] (0.99ns) (out node of the LUT)   --->   "%new_dir_2 = select i1 %icmp_ln129, i2 %new_dir, i2 %zext_ln132" [../snake.cpp:129]   --->   Operation 79 'select' 'new_dir_2' <Predicate = (rst_n_read & and_ln112 & detected_read)> <Delay = 0.99> <CoreInst = "Sel">   --->   Core 73 'Sel' <Latency = 0> <II = 1> <Delay = 0.99> <FuncUnit> <Opcode : 'select'> <InPorts = 3> <OutPorts = 1>
ST_1 : Operation 80 [1/1] (1.56ns)   --->   "%icmp_ln136 = icmp_eq  i2 %new_dir_2, i2 0" [../snake.cpp:136]   --->   Operation 80 'icmp' 'icmp_ln136' <Predicate = (rst_n_read & and_ln112 & detected_read)> <Delay = 1.56> <CoreInst = "Cmp">   --->   Core 9 'Cmp' <Latency = 0> <II = 1> <Delay = 1.56> <FuncUnit> <Opcode : 'seteq' 'setne' 'setle' 'setge' 'setlt' 'setgt'> <InPorts = 2> <OutPorts = 1>
ST_1 : Operation 81 [1/1] (1.56ns)   --->   "%icmp_ln136_1 = icmp_eq  i2 %st_direction_load, i2 1" [../snake.cpp:136]   --->   Operation 81 'icmp' 'icmp_ln136_1' <Predicate = (rst_n_read & and_ln112 & detected_read)> <Delay = 1.56> <CoreInst = "Cmp">   --->   Core 9 'Cmp' <Latency = 0> <II = 1> <Delay = 1.56> <FuncUnit> <Opcode : 'seteq' 'setne' 'setle' 'setge' 'setlt' 'setgt'> <InPorts = 2> <OutPorts = 1>
ST_1 : Operation 82 [1/1] (0.97ns)   --->   "%and_ln136 = and i1 %icmp_ln136, i1 %icmp_ln136_1" [../snake.cpp:136]   --->   Operation 82 'and' 'and_ln136' <Predicate = (rst_n_read & and_ln112 & detected_read)> <Delay = 0.97> <CoreInst = "LogicGate">   --->   Core 74 'LogicGate' <Latency = 0> <II = 1> <Delay = 0.97> <FuncUnit> <Opcode : 'and' 'or' 'xor'> <InPorts = 2> <OutPorts = 1>
ST_1 : Operation 83 [1/1] (1.58ns)   --->   "%br_ln136 = br i1 %and_ln136, void %lor.lhs.false, void %if.end113" [../snake.cpp:136]   --->   Operation 83 'br' 'br_ln136' <Predicate = (rst_n_read & and_ln112 & detected_read)> <Delay = 1.58>
ST_1 : Operation 84 [1/1] (1.56ns)   --->   "%icmp_ln137 = icmp_eq  i2 %new_dir_2, i2 1" [../snake.cpp:137]   --->   Operation 84 'icmp' 'icmp_ln137' <Predicate = (rst_n_read & and_ln112 & detected_read & !and_ln136)> <Delay = 1.56> <CoreInst = "Cmp">   --->   Core 9 'Cmp' <Latency = 0> <II = 1> <Delay = 1.56> <FuncUnit> <Opcode : 'seteq' 'setne' 'setle' 'setge' 'setlt' 'setgt'> <InPorts = 2> <OutPorts = 1>
ST_1 : Operation 85 [1/1] (1.56ns)   --->   "%icmp_ln137_1 = icmp_eq  i2 %st_direction_load, i2 0" [../snake.cpp:137]   --->   Operation 85 'icmp' 'icmp_ln137_1' <Predicate = (rst_n_read & and_ln112 & detected_read & !and_ln136)> <Delay = 1.56> <CoreInst = "Cmp">   --->   Core 9 'Cmp' <Latency = 0> <II = 1> <Delay = 1.56> <FuncUnit> <Opcode : 'seteq' 'setne' 'setle' 'setge' 'setlt' 'setgt'> <InPorts = 2> <OutPorts = 1>
ST_1 : Operation 86 [1/1] (0.97ns)   --->   "%and_ln137 = and i1 %icmp_ln137, i1 %icmp_ln137_1" [../snake.cpp:137]   --->   Operation 86 'and' 'and_ln137' <Predicate = (rst_n_read & and_ln112 & detected_read & !and_ln136)> <Delay = 0.97> <CoreInst = "LogicGate">   --->   Core 74 'LogicGate' <Latency = 0> <II = 1> <Delay = 0.97> <FuncUnit> <Opcode : 'and' 'or' 'xor'> <InPorts = 2> <OutPorts = 1>
ST_1 : Operation 87 [1/1] (1.58ns)   --->   "%br_ln137 = br i1 %and_ln137, void %lor.lhs.false99, void %if.end113" [../snake.cpp:137]   --->   Operation 87 'br' 'br_ln137' <Predicate = (rst_n_read & and_ln112 & detected_read & !and_ln136)> <Delay = 1.58>
ST_1 : Operation 88 [1/1] (1.56ns)   --->   "%icmp_ln138 = icmp_eq  i2 %new_dir_2, i2 2" [../snake.cpp:138]   --->   Operation 88 'icmp' 'icmp_ln138' <Predicate = (rst_n_read & and_ln112 & detected_read & !and_ln136 & !and_ln137)> <Delay = 1.56> <CoreInst = "Cmp">   --->   Core 9 'Cmp' <Latency = 0> <II = 1> <Delay = 1.65> <FuncUnit> <Opcode : 'seteq' 'setne' 'setle' 'setge' 'setlt' 'setgt'> <InPorts = 2> <OutPorts = 1>
ST_1 : Operation 89 [1/1] (1.56ns)   --->   "%icmp_ln138_1 = icmp_eq  i2 %st_direction_load, i2 3" [../snake.cpp:138]   --->   Operation 89 'icmp' 'icmp_ln138_1' <Predicate = (rst_n_read & and_ln112 & detected_read & !and_ln136 & !and_ln137)> <Delay = 1.56> <CoreInst = "Cmp">   --->   Core 9 'Cmp' <Latency = 0> <II = 1> <Delay = 1.56> <FuncUnit> <Opcode : 'seteq' 'setne' 'setle' 'setge' 'setlt' 'setgt'> <InPorts = 2> <OutPorts = 1>
ST_1 : Operation 90 [1/1] (0.97ns)   --->   "%and_ln138 = and i1 %icmp_ln138, i1 %icmp_ln138_1" [../snake.cpp:138]   --->   Operation 90 'and' 'and_ln138' <Predicate = (rst_n_read & and_ln112 & detected_read & !and_ln136 & !and_ln137)> <Delay = 0.97> <CoreInst = "LogicGate">   --->   Core 74 'LogicGate' <Latency = 0> <II = 1> <Delay = 0.97> <FuncUnit> <Opcode : 'and' 'or' 'xor'> <InPorts = 2> <OutPorts = 1>
ST_1 : Operation 91 [1/1] (1.58ns)   --->   "%br_ln138 = br i1 %and_ln138, void %lor.rhs, void %if.end113" [../snake.cpp:138]   --->   Operation 91 'br' 'br_ln138' <Predicate = (rst_n_read & and_ln112 & detected_read & !and_ln136 & !and_ln137)> <Delay = 1.58>
ST_1 : Operation 92 [1/1] (1.56ns)   --->   "%icmp_ln139 = icmp_eq  i2 %new_dir_2, i2 3" [../snake.cpp:139]   --->   Operation 92 'icmp' 'icmp_ln139' <Predicate = (rst_n_read & and_ln112 & detected_read & !and_ln136 & !and_ln137 & !and_ln138)> <Delay = 1.56> <CoreInst = "Cmp">   --->   Core 9 'Cmp' <Latency = 0> <II = 1> <Delay = 1.56> <FuncUnit> <Opcode : 'seteq' 'setne' 'setle' 'setge' 'setlt' 'setgt'> <InPorts = 2> <OutPorts = 1>
ST_1 : Operation 93 [1/1] (1.56ns)   --->   "%icmp_ln139_1 = icmp_eq  i2 %st_direction_load, i2 2" [../snake.cpp:139]   --->   Operation 93 'icmp' 'icmp_ln139_1' <Predicate = (rst_n_read & and_ln112 & detected_read & !and_ln136 & !and_ln137 & !and_ln138)> <Delay = 1.56> <CoreInst = "Cmp">   --->   Core 9 'Cmp' <Latency = 0> <II = 1> <Delay = 1.65> <FuncUnit> <Opcode : 'seteq' 'setne' 'setle' 'setge' 'setlt' 'setgt'> <InPorts = 2> <OutPorts = 1>
ST_1 : Operation 94 [1/1] (0.97ns)   --->   "%reversal = and i1 %icmp_ln139, i1 %icmp_ln139_1" [../snake.cpp:139]   --->   Operation 94 'and' 'reversal' <Predicate = (rst_n_read & and_ln112 & detected_read & !and_ln136 & !and_ln137 & !and_ln138)> <Delay = 0.97> <CoreInst = "LogicGate">   --->   Core 74 'LogicGate' <Latency = 0> <II = 1> <Delay = 0.97> <FuncUnit> <Opcode : 'and' 'or' 'xor'> <InPorts = 2> <OutPorts = 1>
ST_1 : Operation 95 [1/1] (1.58ns)   --->   "%br_ln141 = br i1 %reversal, void %if.then111, void %if.end113" [../snake.cpp:141]   --->   Operation 95 'br' 'br_ln141' <Predicate = (rst_n_read & and_ln112 & detected_read & !and_ln136 & !and_ln137 & !and_ln138)> <Delay = 1.58>
ST_1 : Operation 96 [1/1] (1.58ns)   --->   "%store_ln142 = store i2 %new_dir_2, i2 %st_direction" [../snake.cpp:142]   --->   Operation 96 'store' 'store_ln142' <Predicate = (rst_n_read & and_ln112 & detected_read & !and_ln136 & !and_ln137 & !and_ln138 & !reversal)> <Delay = 1.58>
ST_1 : Operation 97 [1/1] (1.58ns)   --->   "%br_ln142 = br void %if.end113" [../snake.cpp:142]   --->   Operation 97 'br' 'br_ln142' <Predicate = (rst_n_read & and_ln112 & detected_read & !and_ln136 & !and_ln137 & !and_ln138 & !reversal)> <Delay = 1.58>
ST_1 : Operation 98 [1/1] (0.00ns)   --->   "%st_direction_loc_1 = phi i2 %st_direction_load, void %if.then58, i2 %st_direction_load, void %if.then59, i2 %st_direction_load, void %lor.lhs.false, i2 %st_direction_load, void %lor.lhs.false99, i2 %st_direction_load, void %lor.rhs, i2 %new_dir_2, void %if.then111"   --->   Operation 98 'phi' 'st_direction_loc_1' <Predicate = (rst_n_read & and_ln112)> <Delay = 0.00>
ST_1 : Operation 99 [1/1] (1.73ns)   --->   "%add_ln148 = add i4 %st_frame_count_load, i4 1" [../snake.cpp:148]   --->   Operation 99 'add' 'add_ln148' <Predicate = (rst_n_read & and_ln112)> <Delay = 1.73> <CoreInst = "Adder">   --->   Core 1 'Adder' <Latency = 0> <II = 1> <Delay = 1.73> <FuncUnit> <Opcode : 'add' 'sub'> <InPorts = 2> <OutPorts = 1>
ST_1 : Operation 100 [1/1] (1.73ns)   --->   "%icmp_ln150 = icmp_eq  i4 %add_ln148, i4 15" [../snake.cpp:150]   --->   Operation 100 'icmp' 'icmp_ln150' <Predicate = (rst_n_read & and_ln112)> <Delay = 1.73> <CoreInst = "Cmp">   --->   Core 9 'Cmp' <Latency = 0> <II = 1> <Delay = 1.73> <FuncUnit> <Opcode : 'seteq' 'setne' 'setle' 'setge' 'setlt' 'setgt'> <InPorts = 2> <OutPorts = 1>
ST_1 : Operation 101 [1/1] (1.58ns)   --->   "%br_ln150 = br i1 %icmp_ln150, void %if.end245_ifconv, void %if.then119" [../snake.cpp:150]   --->   Operation 101 'br' 'br_ln150' <Predicate = (rst_n_read & and_ln112)> <Delay = 1.58>
ST_1 : Operation 102 [2/2] (3.25ns)   --->   "%new_head_col = load i5 0" [../snake.cpp:156]   --->   Operation 102 'load' 'new_head_col' <Predicate = (rst_n_read & and_ln112 & icmp_ln150)> <Delay = 3.25> <CoreInst = "RAM">   --->   Core 81 'RAM' <Latency = 1> <II = 1> <Delay = 3.25> <Storage> <Opcode : 'load' 'store'> <Ports = 2> <Width = 5> <Depth = 300> <RAM>
ST_1 : Operation 103 [2/2] (3.25ns)   --->   "%new_head_row = load i4 0" [../snake.cpp:156]   --->   Operation 103 'load' 'new_head_row' <Predicate = (rst_n_read & and_ln112 & icmp_ln150)> <Delay = 3.25> <CoreInst = "RAM">   --->   Core 81 'RAM' <Latency = 1> <II = 1> <Delay = 3.25> <Storage> <Opcode : 'load' 'store'> <Ports = 2> <Width = 4> <Depth = 300> <RAM>

State 2 <SV = 1> <Delay = 4.99>
ST_2 : Operation 104 [1/2] (4.99ns)   --->   "%call_ln0 = call void @snake_top_Pipeline_VITIS_LOOP_73_1_VITIS_LOOP_74_2, i1 %grid"   --->   Operation 104 'call' 'call_ln0' <Predicate = true> <Delay = 4.99> <CoreType = "Generic">   --->   Generic Core

State 3 <SV = 2> <Delay = 0.00>
ST_3 : Operation 105 [2/2] (0.00ns)   --->   "%call_ln0 = call void @snake_top_Pipeline_VITIS_LOOP_85_3, i5 %st_body_col, i4 %st_body_row, i1 %grid"   --->   Operation 105 'call' 'call_ln0' <Predicate = true> <Delay = 0.00> <CoreType = "Generic">   --->   Generic Core

State 4 <SV = 3> <Delay = 4.74>
ST_4 : Operation 106 [1/2] (4.74ns)   --->   "%call_ln0 = call void @snake_top_Pipeline_VITIS_LOOP_85_3, i5 %st_body_col, i4 %st_body_row, i1 %grid"   --->   Operation 106 'call' 'call_ln0' <Predicate = true> <Delay = 4.74> <CoreType = "Generic">   --->   Generic Core

State 5 <SV = 4> <Delay = 0.00>
ST_5 : Operation 107 [2/2] (0.00ns)   --->   "%call_ln0 = call void @snake_top_Pipeline_VITIS_LOOP_94_4, i5 %st_body_col, i4 %st_body_row"   --->   Operation 107 'call' 'call_ln0' <Predicate = true> <Delay = 0.00> <CoreType = "Generic">   --->   Generic Core
ST_5 : Operation 108 [2/2] (0.00ns)   --->   "%call_ln0 = call void @snake_top_Pipeline_VITIS_LOOP_27_1, i16 %or_ln_loc, i4 %r_5_loc, i5 %c_6_loc, i1 %grid"   --->   Operation 108 'call' 'call_ln0' <Predicate = true> <Delay = 0.00> <CoreType = "Generic">   --->   Generic Core

State 6 <SV = 5> <Delay = 5.86>
ST_6 : Operation 109 [1/2] (4.99ns)   --->   "%call_ln0 = call void @snake_top_Pipeline_VITIS_LOOP_94_4, i5 %st_body_col, i4 %st_body_row"   --->   Operation 109 'call' 'call_ln0' <Predicate = true> <Delay = 4.99> <CoreType = "Generic">   --->   Generic Core
ST_6 : Operation 110 [1/2] (5.86ns)   --->   "%call_ln0 = call void @snake_top_Pipeline_VITIS_LOOP_27_1, i16 %or_ln_loc, i4 %r_5_loc, i5 %c_6_loc, i1 %grid"   --->   Operation 110 'call' 'call_ln0' <Predicate = true> <Delay = 5.86> <CoreType = "Generic">   --->   Generic Core

State 7 <SV = 6> <Delay = 1.58>
ST_7 : Operation 111 [1/1] (1.58ns)   --->   "%store_ln78 = store i8 3, i8 %st_length" [../snake.cpp:78]   --->   Operation 111 'store' 'store_ln78' <Predicate = true> <Delay = 1.58>
ST_7 : Operation 112 [1/1] (1.58ns)   --->   "%store_ln79 = store i2 3, i2 %st_direction" [../snake.cpp:79]   --->   Operation 112 'store' 'store_ln79' <Predicate = true> <Delay = 1.58>
ST_7 : Operation 113 [1/1] (1.58ns)   --->   "%store_ln80 = store i1 0, i1 %st_game_over" [../snake.cpp:80]   --->   Operation 113 'store' 'store_ln80' <Predicate = true> <Delay = 1.58>
ST_7 : Operation 114 [1/1] (1.58ns)   --->   "%store_ln83 = store i1 0, i1 %vsync_prev" [../snake.cpp:83]   --->   Operation 114 'store' 'store_ln83' <Predicate = true> <Delay = 1.58>
ST_7 : Operation 115 [1/1] (0.00ns)   --->   "%or_ln_loc_load = load i16 %or_ln_loc"   --->   Operation 115 'load' 'or_ln_loc_load' <Predicate = true> <Delay = 0.00>
ST_7 : Operation 116 [1/1] (0.00ns)   --->   "%r_5_loc_load = load i4 %r_5_loc"   --->   Operation 116 'load' 'r_5_loc_load' <Predicate = true> <Delay = 0.00>
ST_7 : Operation 117 [1/1] (0.00ns)   --->   "%c_6_loc_load = load i5 %c_6_loc"   --->   Operation 117 'load' 'c_6_loc_load' <Predicate = true> <Delay = 0.00>
ST_7 : Operation 118 [1/1] (1.58ns)   --->   "%store_ln28 = store i16 %or_ln_loc_load, i16 %lfsr" [../snake.cpp:28->../snake.cpp:100]   --->   Operation 118 'store' 'store_ln28' <Predicate = true> <Delay = 1.58>
ST_7 : Operation 119 [1/1] (1.58ns)   --->   "%store_ln100 = store i5 %c_6_loc_load, i5 %st_food_col" [../snake.cpp:100]   --->   Operation 119 'store' 'store_ln100' <Predicate = true> <Delay = 1.58>
ST_7 : Operation 120 [1/1] (1.58ns)   --->   "%store_ln100 = store i4 %r_5_loc_load, i4 %st_food_row" [../snake.cpp:100]   --->   Operation 120 'store' 'store_ln100' <Predicate = true> <Delay = 1.58>
ST_7 : Operation 121 [1/1] (1.58ns)   --->   "%br_ln103 = br void %return" [../snake.cpp:103]   --->   Operation 121 'br' 'br_ln103' <Predicate = true> <Delay = 1.58>

State 8 <SV = 1> <Delay = 13.4>
ST_8 : Operation 122 [1/2] ( I:3.25ns O:3.25ns )   --->   "%new_head_col = load i5 0" [../snake.cpp:156]   --->   Operation 122 'load' 'new_head_col' <Predicate = true> <Delay = 3.25> <CoreInst = "RAM">   --->   Core 81 'RAM' <Latency = 1> <II = 1> <Delay = 3.25> <Storage> <Opcode : 'load' 'store'> <Ports = 2> <Width = 5> <Depth = 300> <RAM>
ST_8 : Operation 123 [1/2] ( I:3.25ns O:3.25ns )   --->   "%new_head_row = load i4 0" [../snake.cpp:156]   --->   Operation 123 'load' 'new_head_row' <Predicate = true> <Delay = 3.25> <CoreInst = "RAM">   --->   Core 81 'RAM' <Latency = 1> <II = 1> <Delay = 3.25> <Storage> <Opcode : 'load' 'store'> <Ports = 2> <Width = 4> <Depth = 300> <RAM>
ST_8 : Operation 124 [1/1] (1.56ns)   --->   "%icmp_ln158 = icmp_eq  i2 %st_direction_loc_1, i2 0" [../snake.cpp:158]   --->   Operation 124 'icmp' 'icmp_ln158' <Predicate = true> <Delay = 1.56> <CoreInst = "Cmp">   --->   Core 9 'Cmp' <Latency = 0> <II = 1> <Delay = 1.56> <FuncUnit> <Opcode : 'seteq' 'setne' 'setle' 'setge' 'setlt' 'setgt'> <InPorts = 2> <OutPorts = 1>
ST_8 : Operation 125 [1/1] (1.73ns)   --->   "%new_head_row_1 = add i4 %new_head_row, i4 15" [../snake.cpp:159]   --->   Operation 125 'add' 'new_head_row_1' <Predicate = true> <Delay = 1.73> <CoreInst = "Adder">   --->   Core 1 'Adder' <Latency = 0> <II = 1> <Delay = 1.73> <FuncUnit> <Opcode : 'add' 'sub'> <InPorts = 2> <OutPorts = 1>
ST_8 : Operation 126 [1/1] (1.02ns)   --->   "%new_head_row_2 = select i1 %icmp_ln158, i4 %new_head_row_1, i4 %new_head_row" [../snake.cpp:158]   --->   Operation 126 'select' 'new_head_row_2' <Predicate = true> <Delay = 1.02> <CoreInst = "Sel">   --->   Core 73 'Sel' <Latency = 0> <II = 1> <Delay = 1.02> <FuncUnit> <Opcode : 'select'> <InPorts = 3> <OutPorts = 1>
ST_8 : Operation 127 [1/1] (1.56ns)   --->   "%icmp_ln160 = icmp_eq  i2 %st_direction_loc_1, i2 1" [../snake.cpp:160]   --->   Operation 127 'icmp' 'icmp_ln160' <Predicate = true> <Delay = 1.56> <CoreInst = "Cmp">   --->   Core 9 'Cmp' <Latency = 0> <II = 1> <Delay = 1.56> <FuncUnit> <Opcode : 'seteq' 'setne' 'setle' 'setge' 'setlt' 'setgt'> <InPorts = 2> <OutPorts = 1>
ST_8 : Operation 128 [1/1] (1.73ns)   --->   "%new_head_row_3 = add i4 %new_head_row, i4 1" [../snake.cpp:161]   --->   Operation 128 'add' 'new_head_row_3' <Predicate = true> <Delay = 1.73> <CoreInst = "Adder">   --->   Core 1 'Adder' <Latency = 0> <II = 1> <Delay = 1.73> <FuncUnit> <Opcode : 'add' 'sub'> <InPorts = 2> <OutPorts = 1>
ST_8 : Operation 129 [1/1] (1.02ns)   --->   "%new_head_row_4 = select i1 %icmp_ln160, i4 %new_head_row_3, i4 %new_head_row_2" [../snake.cpp:160]   --->   Operation 129 'select' 'new_head_row_4' <Predicate = true> <Delay = 1.02> <CoreInst = "Sel">   --->   Core 73 'Sel' <Latency = 0> <II = 1> <Delay = 1.02> <FuncUnit> <Opcode : 'select'> <InPorts = 3> <OutPorts = 1>
ST_8 : Operation 130 [1/1] (1.56ns)   --->   "%icmp_ln162 = icmp_eq  i2 %st_direction_loc_1, i2 2" [../snake.cpp:162]   --->   Operation 130 'icmp' 'icmp_ln162' <Predicate = true> <Delay = 1.56> <CoreInst = "Cmp">   --->   Core 9 'Cmp' <Latency = 0> <II = 1> <Delay = 1.65> <FuncUnit> <Opcode : 'seteq' 'setne' 'setle' 'setge' 'setlt' 'setgt'> <InPorts = 2> <OutPorts = 1>
ST_8 : Operation 131 [1/1] (1.78ns)   --->   "%new_head_col_1 = add i5 %new_head_col, i5 31" [../snake.cpp:163]   --->   Operation 131 'add' 'new_head_col_1' <Predicate = true> <Delay = 1.78> <CoreInst = "Adder">   --->   Core 1 'Adder' <Latency = 0> <II = 1> <Delay = 1.78> <FuncUnit> <Opcode : 'add' 'sub'> <InPorts = 2> <OutPorts = 1>
ST_8 : Operation 132 [1/1] (1.21ns)   --->   "%new_head_col_2 = select i1 %icmp_ln162, i5 %new_head_col_1, i5 %new_head_col" [../snake.cpp:162]   --->   Operation 132 'select' 'new_head_col_2' <Predicate = true> <Delay = 1.21> <CoreInst = "Sel">   --->   Core 73 'Sel' <Latency = 0> <II = 1> <Delay = 1.21> <FuncUnit> <Opcode : 'select'> <InPorts = 3> <OutPorts = 1>
ST_8 : Operation 133 [1/1] (1.56ns)   --->   "%icmp_ln164 = icmp_eq  i2 %st_direction_loc_1, i2 3" [../snake.cpp:164]   --->   Operation 133 'icmp' 'icmp_ln164' <Predicate = true> <Delay = 1.56> <CoreInst = "Cmp">   --->   Core 9 'Cmp' <Latency = 0> <II = 1> <Delay = 1.56> <FuncUnit> <Opcode : 'seteq' 'setne' 'setle' 'setge' 'setlt' 'setgt'> <InPorts = 2> <OutPorts = 1>
ST_8 : Operation 134 [1/1] (1.78ns)   --->   "%new_head_col_3 = add i5 %new_head_col, i5 1" [../snake.cpp:165]   --->   Operation 134 'add' 'new_head_col_3' <Predicate = true> <Delay = 1.78> <CoreInst = "Adder">   --->   Core 1 'Adder' <Latency = 0> <II = 1> <Delay = 1.78> <FuncUnit> <Opcode : 'add' 'sub'> <InPorts = 2> <OutPorts = 1>
ST_8 : Operation 135 [1/1] (1.21ns)   --->   "%new_head_col_4 = select i1 %icmp_ln164, i5 %new_head_col_3, i5 %new_head_col_2" [../snake.cpp:164]   --->   Operation 135 'select' 'new_head_col_4' <Predicate = true> <Delay = 1.21> <CoreInst = "Sel">   --->   Core 73 'Sel' <Latency = 0> <II = 1> <Delay = 1.21> <FuncUnit> <Opcode : 'select'> <InPorts = 3> <OutPorts = 1>
ST_8 : Operation 136 [1/1] (1.78ns)   --->   "%icmp_ln171 = icmp_ugt  i5 %new_head_col_4, i5 19" [../snake.cpp:171]   --->   Operation 136 'icmp' 'icmp_ln171' <Predicate = true> <Delay = 1.78> <CoreInst = "Cmp">   --->   Core 9 'Cmp' <Latency = 0> <II = 1> <Delay = 1.78> <FuncUnit> <Opcode : 'seteq' 'setne' 'setle' 'setge' 'setlt' 'setgt'> <InPorts = 2> <OutPorts = 1>
ST_8 : Operation 137 [1/1] (1.73ns)   --->   "%icmp_ln172 = icmp_eq  i4 %new_head_row_4, i4 15" [../snake.cpp:172]   --->   Operation 137 'icmp' 'icmp_ln172' <Predicate = true> <Delay = 1.73> <CoreInst = "Cmp">   --->   Core 9 'Cmp' <Latency = 0> <II = 1> <Delay = 1.73> <FuncUnit> <Opcode : 'seteq' 'setne' 'setle' 'setge' 'setlt' 'setgt'> <InPorts = 2> <OutPorts = 1>
ST_8 : Operation 138 [1/1] (0.97ns)   --->   "%wall_hit = or i1 %icmp_ln171, i1 %icmp_ln172" [../snake.cpp:171]   --->   Operation 138 'or' 'wall_hit' <Predicate = true> <Delay = 0.97> <CoreInst = "LogicGate">   --->   Core 74 'LogicGate' <Latency = 0> <II = 1> <Delay = 0.97> <FuncUnit> <Opcode : 'and' 'or' 'xor'> <InPorts = 2> <OutPorts = 1>
ST_8 : Operation 139 [1/1] (0.00ns)   --->   "%br_ln174 = br i1 %wall_hit, void %if.else163_ifconv, void %if.then161" [../snake.cpp:174]   --->   Operation 139 'br' 'br_ln174' <Predicate = true> <Delay = 0.00>
ST_8 : Operation 140 [1/1] (0.00ns)   --->   "%new_len_1 = load i8 %st_length" [../snake.cpp:188]   --->   Operation 140 'load' 'new_len_1' <Predicate = (!wall_hit)> <Delay = 0.00>
ST_8 : Operation 141 [1/1] (0.00ns)   --->   "%zext_ln188 = zext i8 %new_len_1" [../snake.cpp:188]   --->   Operation 141 'zext' 'zext_ln188' <Predicate = (!wall_hit)> <Delay = 0.00>
ST_8 : Operation 142 [1/1] (1.91ns)   --->   "%add_ln188 = add i9 %zext_ln188, i9 511" [../snake.cpp:188]   --->   Operation 142 'add' 'add_ln188' <Predicate = (!wall_hit)> <Delay = 1.91> <CoreInst = "Adder">   --->   Core 1 'Adder' <Latency = 0> <II = 1> <Delay = 1.82> <FuncUnit> <Opcode : 'add' 'sub'> <InPorts = 2> <OutPorts = 1>
ST_8 : Operation 143 [1/1] (0.00ns)   --->   "%sext_ln188 = sext i9 %add_ln188" [../snake.cpp:188]   --->   Operation 143 'sext' 'sext_ln188' <Predicate = (!wall_hit)> <Delay = 0.00>
ST_8 : Operation 144 [1/1] (0.00ns)   --->   "%st_body_col_addr = getelementptr i5 %st_body_col, i64 0, i64 %sext_ln188" [../snake.cpp:188]   --->   Operation 144 'getelementptr' 'st_body_col_addr' <Predicate = (!wall_hit)> <Delay = 0.00>
ST_8 : Operation 145 [2/2] (3.25ns)   --->   "%st_body_col_load = load i9 %st_body_col_addr" [../snake.cpp:188]   --->   Operation 145 'load' 'st_body_col_load' <Predicate = (!wall_hit)> <Delay = 3.25> <CoreInst = "RAM">   --->   Core 81 'RAM' <Latency = 1> <II = 1> <Delay = 3.25> <Storage> <Opcode : 'load' 'store'> <Ports = 2> <Width = 5> <Depth = 300> <RAM>
ST_8 : Operation 146 [1/1] (0.00ns)   --->   "%st_body_row_addr = getelementptr i4 %st_body_row, i64 0, i64 %sext_ln188" [../snake.cpp:189]   --->   Operation 146 'getelementptr' 'st_body_row_addr' <Predicate = (!wall_hit)> <Delay = 0.00>
ST_8 : Operation 147 [2/2] (3.25ns)   --->   "%st_body_row_load = load i9 %st_body_row_addr" [../snake.cpp:189]   --->   Operation 147 'load' 'st_body_row_load' <Predicate = (!wall_hit)> <Delay = 3.25> <CoreInst = "RAM">   --->   Core 81 'RAM' <Latency = 1> <II = 1> <Delay = 3.25> <Storage> <Opcode : 'load' 'store'> <Ports = 2> <Width = 4> <Depth = 300> <RAM>
ST_8 : Operation 148 [1/1] (0.00ns)   --->   "%zext_ln191 = zext i5 %new_head_col_4" [../snake.cpp:191]   --->   Operation 148 'zext' 'zext_ln191' <Predicate = (!wall_hit)> <Delay = 0.00>
ST_8 : Operation 149 [1/1] (0.00ns)   --->   "%p_shl1 = bitconcatenate i9 @_ssdm_op_BitConcatenate.i9.i5.i4, i5 %new_head_col_4, i4 0" [../snake.cpp:191]   --->   Operation 149 'bitconcatenate' 'p_shl1' <Predicate = (!wall_hit)> <Delay = 0.00>
ST_8 : Operation 150 [1/1] (0.00ns) (grouped into TernaryAdder)   --->   "%sub_ln191 = sub i9 %p_shl1, i9 %zext_ln191" [../snake.cpp:191]   --->   Operation 150 'sub' 'sub_ln191' <Predicate = (!wall_hit)> <Delay = 0.00> <CoreInst = "TAddSub">   --->   Core 10 'TAddSub' <Latency = 0> <II = 1> <Delay = 1.84> <IPBlock> <Opcode : 'add' 'sub'> <InPorts = 3> <OutPorts = 1> <Sync> <CReg>
ST_8 : Operation 151 [1/1] (0.00ns)   --->   "%zext_ln191_1 = zext i4 %new_head_row_4" [../snake.cpp:191]   --->   Operation 151 'zext' 'zext_ln191_1' <Predicate = (!wall_hit)> <Delay = 0.00>
ST_8 : Operation 152 [1/1] (3.69ns) (root node of TernaryAdder)   --->   "%add_ln191 = add i9 %sub_ln191, i9 %zext_ln191_1" [../snake.cpp:191]   --->   Operation 152 'add' 'add_ln191' <Predicate = (!wall_hit)> <Delay = 3.69> <CoreInst = "TAddSub">   --->   Core 10 'TAddSub' <Latency = 0> <II = 1> <Delay = 1.84> <IPBlock> <Opcode : 'add' 'sub'> <InPorts = 3> <OutPorts = 1> <Sync> <CReg>
ST_8 : Operation 153 [1/1] (0.00ns)   --->   "%zext_ln191_2 = zext i9 %add_ln191" [../snake.cpp:191]   --->   Operation 153 'zext' 'zext_ln191_2' <Predicate = (!wall_hit)> <Delay = 0.00>
ST_8 : Operation 154 [1/1] (0.00ns)   --->   "%grid_addr = getelementptr i1 %grid, i64 0, i64 %zext_ln191_2" [../snake.cpp:191]   --->   Operation 154 'getelementptr' 'grid_addr' <Predicate = (!wall_hit)> <Delay = 0.00>
ST_8 : Operation 155 [2/2] (2.32ns)   --->   "%grid_load = load i9 %grid_addr" [../snake.cpp:191]   --->   Operation 155 'load' 'grid_load' <Predicate = (!wall_hit)> <Delay = 2.32> <CoreInst = "RAM">   --->   Core 81 'RAM' <Latency = 1> <II = 1> <Delay = 2.32> <Storage> <Opcode : 'load' 'store'> <Ports = 2> <Width = 1> <Depth = 300> <RAM>
ST_8 : Operation 156 [1/1] (1.58ns)   --->   "%store_ln175 = store i1 1, i1 %st_game_over" [../snake.cpp:175]   --->   Operation 156 'store' 'store_ln175' <Predicate = (wall_hit)> <Delay = 1.58>
ST_8 : Operation 157 [1/1] (1.58ns)   --->   "%br_ln176 = br void %if.end245_ifconv" [../snake.cpp:176]   --->   Operation 157 'br' 'br_ln176' <Predicate = (wall_hit)> <Delay = 1.58>

State 9 <SV = 2> <Delay = 9.27>
ST_9 : Operation 158 [1/1] (1.78ns)   --->   "%icmp_ln180 = icmp_eq  i5 %new_head_col_4, i5 %st_food_col_load" [../snake.cpp:180]   --->   Operation 158 'icmp' 'icmp_ln180' <Predicate = true> <Delay = 1.78> <CoreInst = "Cmp">   --->   Core 9 'Cmp' <Latency = 0> <II = 1> <Delay = 1.78> <FuncUnit> <Opcode : 'seteq' 'setne' 'setle' 'setge' 'setlt' 'setgt'> <InPorts = 2> <OutPorts = 1>
ST_9 : Operation 159 [1/1] (1.73ns)   --->   "%icmp_ln181 = icmp_eq  i4 %new_head_row_4, i4 %st_food_row_load" [../snake.cpp:181]   --->   Operation 159 'icmp' 'icmp_ln181' <Predicate = true> <Delay = 1.73> <CoreInst = "Cmp">   --->   Core 9 'Cmp' <Latency = 0> <II = 1> <Delay = 1.73> <FuncUnit> <Opcode : 'seteq' 'setne' 'setle' 'setge' 'setlt' 'setgt'> <InPorts = 2> <OutPorts = 1>
ST_9 : Operation 160 [1/1] (0.97ns)   --->   "%will_eat = and i1 %icmp_ln180, i1 %icmp_ln181" [../snake.cpp:180]   --->   Operation 160 'and' 'will_eat' <Predicate = true> <Delay = 0.97> <CoreInst = "LogicGate">   --->   Core 74 'LogicGate' <Latency = 0> <II = 1> <Delay = 0.97> <FuncUnit> <Opcode : 'and' 'or' 'xor'> <InPorts = 2> <OutPorts = 1>
ST_9 : Operation 161 [1/2] ( I:3.25ns O:3.25ns )   --->   "%st_body_col_load = load i9 %st_body_col_addr" [../snake.cpp:188]   --->   Operation 161 'load' 'st_body_col_load' <Predicate = true> <Delay = 3.25> <CoreInst = "RAM">   --->   Core 81 'RAM' <Latency = 1> <II = 1> <Delay = 3.25> <Storage> <Opcode : 'load' 'store'> <Ports = 2> <Width = 5> <Depth = 300> <RAM>
ST_9 : Operation 162 [1/2] ( I:3.25ns O:3.25ns )   --->   "%st_body_row_load = load i9 %st_body_row_addr" [../snake.cpp:189]   --->   Operation 162 'load' 'st_body_row_load' <Predicate = true> <Delay = 3.25> <CoreInst = "RAM">   --->   Core 81 'RAM' <Latency = 1> <II = 1> <Delay = 3.25> <Storage> <Opcode : 'load' 'store'> <Ports = 2> <Width = 4> <Depth = 300> <RAM>
ST_9 : Operation 163 [1/1] (1.73ns)   --->   "%icmp_ln189 = icmp_ne  i4 %new_head_row_4, i4 %st_body_row_load" [../snake.cpp:189]   --->   Operation 163 'icmp' 'icmp_ln189' <Predicate = true> <Delay = 1.73> <CoreInst = "Cmp">   --->   Core 9 'Cmp' <Latency = 0> <II = 1> <Delay = 1.73> <FuncUnit> <Opcode : 'seteq' 'setne' 'setle' 'setge' 'setlt' 'setgt'> <InPorts = 2> <OutPorts = 1>
ST_9 : Operation 164 [1/1] (1.78ns)   --->   "%not_icmp_ln188 = icmp_ne  i5 %new_head_col_4, i5 %st_body_col_load" [../snake.cpp:164]   --->   Operation 164 'icmp' 'not_icmp_ln188' <Predicate = true> <Delay = 1.78> <CoreInst = "Cmp">   --->   Core 9 'Cmp' <Latency = 0> <II = 1> <Delay = 1.78> <FuncUnit> <Opcode : 'seteq' 'setne' 'setle' 'setge' 'setlt' 'setgt'> <InPorts = 2> <OutPorts = 1>
ST_9 : Operation 165 [1/1] (0.00ns) (grouped into LUT with out node self_hit)   --->   "%empty = or i1 %icmp_ln189, i1 %not_icmp_ln188" [../snake.cpp:189]   --->   Operation 165 'or' 'empty' <Predicate = true> <Delay = 0.00> <CoreInst = "LogicGate">   --->   Core 74 'LogicGate' <Latency = 0> <II = 1> <Delay = 0.97> <FuncUnit> <Opcode : 'and' 'or' 'xor'> <InPorts = 2> <OutPorts = 1>
ST_9 : Operation 166 [1/2] ( I:2.32ns O:2.32ns )   --->   "%grid_load = load i9 %grid_addr" [../snake.cpp:191]   --->   Operation 166 'load' 'grid_load' <Predicate = true> <Delay = 2.32> <CoreInst = "RAM">   --->   Core 81 'RAM' <Latency = 1> <II = 1> <Delay = 2.32> <Storage> <Opcode : 'load' 'store'> <Ports = 2> <Width = 1> <Depth = 300> <RAM>
ST_9 : Operation 167 [1/1] (0.00ns) (grouped into LUT with out node self_hit)   --->   "%or_ln192 = or i1 %will_eat, i1 %empty" [../snake.cpp:192]   --->   Operation 167 'or' 'or_ln192' <Predicate = true> <Delay = 0.00> <CoreInst = "LogicGate">   --->   Core 74 'LogicGate' <Latency = 0> <II = 1> <Delay = 0.97> <FuncUnit> <Opcode : 'and' 'or' 'xor'> <InPorts = 2> <OutPorts = 1>
ST_9 : Operation 168 [1/1] (0.97ns) (out node of the LUT)   --->   "%self_hit = and i1 %grid_load, i1 %or_ln192" [../snake.cpp:191]   --->   Operation 168 'and' 'self_hit' <Predicate = true> <Delay = 0.97> <CoreInst = "LogicGate">   --->   Core 74 'LogicGate' <Latency = 0> <II = 1> <Delay = 0.97> <FuncUnit> <Opcode : 'and' 'or' 'xor'> <InPorts = 2> <OutPorts = 1>
ST_9 : Operation 169 [1/1] (0.00ns)   --->   "%br_ln194 = br i1 %self_hit, void %if.else197, void %if.then195" [../snake.cpp:194]   --->   Operation 169 'br' 'br_ln194' <Predicate = true> <Delay = 0.00>
ST_9 : Operation 170 [1/1] (0.00ns)   --->   "%br_ln198 = br i1 %will_eat, void %if.then198, void %cond.true212.critedge" [../snake.cpp:198]   --->   Operation 170 'br' 'br_ln198' <Predicate = (!self_hit)> <Delay = 0.00>
ST_9 : Operation 171 [1/1] (0.00ns)   --->   "%zext_ln199 = zext i5 %st_body_col_load" [../snake.cpp:199]   --->   Operation 171 'zext' 'zext_ln199' <Predicate = (!self_hit & !will_eat)> <Delay = 0.00>
ST_9 : Operation 172 [1/1] (0.00ns)   --->   "%p_shl2 = bitconcatenate i9 @_ssdm_op_BitConcatenate.i9.i5.i4, i5 %st_body_col_load, i4 0" [../snake.cpp:199]   --->   Operation 172 'bitconcatenate' 'p_shl2' <Predicate = (!self_hit & !will_eat)> <Delay = 0.00>
ST_9 : Operation 173 [1/1] (0.00ns) (grouped into TernaryAdder)   --->   "%sub_ln199 = sub i9 %p_shl2, i9 %zext_ln199" [../snake.cpp:199]   --->   Operation 173 'sub' 'sub_ln199' <Predicate = (!self_hit & !will_eat)> <Delay = 0.00> <CoreInst = "TAddSub">   --->   Core 10 'TAddSub' <Latency = 0> <II = 1> <Delay = 1.84> <IPBlock> <Opcode : 'add' 'sub'> <InPorts = 3> <OutPorts = 1> <Sync> <CReg>
ST_9 : Operation 174 [1/1] (0.00ns)   --->   "%zext_ln199_1 = zext i4 %st_body_row_load" [../snake.cpp:199]   --->   Operation 174 'zext' 'zext_ln199_1' <Predicate = (!self_hit & !will_eat)> <Delay = 0.00>
ST_9 : Operation 175 [1/1] (3.69ns) (root node of TernaryAdder)   --->   "%add_ln199 = add i9 %sub_ln199, i9 %zext_ln199_1" [../snake.cpp:199]   --->   Operation 175 'add' 'add_ln199' <Predicate = (!self_hit & !will_eat)> <Delay = 3.69> <CoreInst = "TAddSub">   --->   Core 10 'TAddSub' <Latency = 0> <II = 1> <Delay = 1.84> <IPBlock> <Opcode : 'add' 'sub'> <InPorts = 3> <OutPorts = 1> <Sync> <CReg>
ST_9 : Operation 176 [1/1] (0.00ns)   --->   "%zext_ln199_2 = zext i9 %add_ln199" [../snake.cpp:199]   --->   Operation 176 'zext' 'zext_ln199_2' <Predicate = (!self_hit & !will_eat)> <Delay = 0.00>
ST_9 : Operation 177 [1/1] (0.00ns)   --->   "%grid_addr_1 = getelementptr i1 %grid, i64 0, i64 %zext_ln199_2" [../snake.cpp:199]   --->   Operation 177 'getelementptr' 'grid_addr_1' <Predicate = (!self_hit & !will_eat)> <Delay = 0.00>
ST_9 : Operation 178 [1/1] ( I:2.32ns O:2.32ns )   --->   "%store_ln200 = store i1 0, i9 %grid_addr_1" [../snake.cpp:200]   --->   Operation 178 'store' 'store_ln200' <Predicate = (!self_hit & !will_eat)> <Delay = 2.32> <CoreInst = "RAM">   --->   Core 81 'RAM' <Latency = 1> <II = 1> <Delay = 2.32> <Storage> <Opcode : 'load' 'store'> <Ports = 2> <Width = 1> <Depth = 300> <RAM>
ST_9 : Operation 179 [1/1] (1.58ns)   --->   "%br_ln203 = br void %cond.end215" [../snake.cpp:203]   --->   Operation 179 'br' 'br_ln203' <Predicate = (!self_hit & !will_eat)> <Delay = 1.58>
ST_9 : Operation 180 [1/1] (1.91ns)   --->   "%new_len = add i9 %zext_ln188, i9 1" [../snake.cpp:204]   --->   Operation 180 'add' 'new_len' <Predicate = (!self_hit & will_eat)> <Delay = 1.91> <CoreInst = "Adder">   --->   Core 1 'Adder' <Latency = 0> <II = 1> <Delay = 1.82> <FuncUnit> <Opcode : 'add' 'sub'> <InPorts = 2> <OutPorts = 1>
ST_9 : Operation 181 [1/1] (1.58ns)   --->   "%br_ln203 = br void %cond.end215" [../snake.cpp:203]   --->   Operation 181 'br' 'br_ln203' <Predicate = (!self_hit & will_eat)> <Delay = 1.58>
ST_9 : Operation 182 [1/1] (1.58ns)   --->   "%store_ln195 = store i1 1, i1 %st_game_over" [../snake.cpp:195]   --->   Operation 182 'store' 'store_ln195' <Predicate = (self_hit)> <Delay = 1.58>
ST_9 : Operation 183 [1/1] (1.58ns)   --->   "%br_ln196 = br void %if.end245_ifconv" [../snake.cpp:196]   --->   Operation 183 'br' 'br_ln196' <Predicate = (self_hit)> <Delay = 1.58>

State 10 <SV = 3> <Delay = 2.32>
ST_10 : Operation 184 [1/1] (0.00ns)   --->   "%new_len_2 = phi i9 %new_len, void %cond.true212.critedge, i9 %zext_ln188, void %if.then198"   --->   Operation 184 'phi' 'new_len_2' <Predicate = true> <Delay = 0.00>
ST_10 : Operation 185 [2/2] (1.82ns)   --->   "%call_ln204 = call void @snake_top_Pipeline_VITIS_LOOP_207_5, i9 %new_len_2, i5 %st_body_col, i4 %st_body_row" [../snake.cpp:204]   --->   Operation 185 'call' 'call_ln204' <Predicate = true> <Delay = 1.82> <CoreType = "Generic">   --->   Generic Core
ST_10 : Operation 186 [1/1] (0.00ns)   --->   "%trunc_ln213 = trunc i9 %new_len_2" [../snake.cpp:213]   --->   Operation 186 'trunc' 'trunc_ln213' <Predicate = true> <Delay = 0.00>
ST_10 : Operation 187 [1/1] (1.58ns)   --->   "%store_ln213 = store i8 %trunc_ln213, i8 %st_length" [../snake.cpp:213]   --->   Operation 187 'store' 'store_ln213' <Predicate = true> <Delay = 1.58>
ST_10 : Operation 188 [1/1] ( I:2.32ns O:2.32ns )   --->   "%store_ln216 = store i1 1, i9 %grid_addr" [../snake.cpp:216]   --->   Operation 188 'store' 'store_ln216' <Predicate = true> <Delay = 2.32> <CoreInst = "RAM">   --->   Core 81 'RAM' <Latency = 1> <II = 1> <Delay = 2.32> <Storage> <Opcode : 'load' 'store'> <Ports = 2> <Width = 1> <Depth = 300> <RAM>

State 11 <SV = 4> <Delay = 4.99>
ST_11 : Operation 189 [1/2] (4.99ns)   --->   "%call_ln204 = call void @snake_top_Pipeline_VITIS_LOOP_207_5, i9 %new_len_2, i5 %st_body_col, i4 %st_body_row" [../snake.cpp:204]   --->   Operation 189 'call' 'call_ln204' <Predicate = true> <Delay = 4.99> <CoreType = "Generic">   --->   Generic Core

State 12 <SV = 5> <Delay = 7.60>
ST_12 : Operation 190 [1/1] ( I:3.25ns O:3.25ns )   --->   "%store_ln212 = store i5 %new_head_col_4, i5 0" [../snake.cpp:212]   --->   Operation 190 'store' 'store_ln212' <Predicate = true> <Delay = 3.25> <CoreInst = "RAM">   --->   Core 81 'RAM' <Latency = 1> <II = 1> <Delay = 3.25> <Storage> <Opcode : 'load' 'store'> <Ports = 2> <Width = 5> <Depth = 300> <RAM>
ST_12 : Operation 191 [1/1] ( I:3.25ns O:3.25ns )   --->   "%store_ln212 = store i4 %new_head_row_4, i4 0" [../snake.cpp:212]   --->   Operation 191 'store' 'store_ln212' <Predicate = true> <Delay = 3.25> <CoreInst = "RAM">   --->   Core 81 'RAM' <Latency = 1> <II = 1> <Delay = 3.25> <Storage> <Opcode : 'load' 'store'> <Ports = 2> <Width = 4> <Depth = 300> <RAM>
ST_12 : Operation 192 [1/1] (1.58ns)   --->   "%br_ln219 = br i1 %will_eat, void %if.end245_ifconv, void %if.then239" [../snake.cpp:219]   --->   Operation 192 'br' 'br_ln219' <Predicate = true> <Delay = 1.58>
ST_12 : Operation 193 [1/1] (0.00ns)   --->   "%lfsr_load = load i16 %lfsr" [../snake.cpp:28->../snake.cpp:220]   --->   Operation 193 'load' 'lfsr_load' <Predicate = (will_eat)> <Delay = 0.00>
ST_12 : Operation 194 [2/2] (7.60ns)   --->   "%call_ln28 = call void @snake_top_Pipeline_VITIS_LOOP_27_11, i16 %lfsr_load, i16 %or_ln14_1_loc, i4 %r_6_loc, i5 %c_7_loc, i1 %grid" [../snake.cpp:28->../snake.cpp:220]   --->   Operation 194 'call' 'call_ln28' <Predicate = (will_eat)> <Delay = 7.60> <CoreType = "Generic">   --->   Generic Core

State 13 <SV = 6> <Delay = 5.86>
ST_13 : Operation 195 [1/2] (5.86ns)   --->   "%call_ln28 = call void @snake_top_Pipeline_VITIS_LOOP_27_11, i16 %lfsr_load, i16 %or_ln14_1_loc, i4 %r_6_loc, i5 %c_7_loc, i1 %grid" [../snake.cpp:28->../snake.cpp:220]   --->   Operation 195 'call' 'call_ln28' <Predicate = true> <Delay = 5.86> <CoreType = "Generic">   --->   Generic Core

State 14 <SV = 7> <Delay = 6.02>
ST_14 : Operation 196 [1/1] (0.00ns)   --->   "%or_ln14_1_loc_load = load i16 %or_ln14_1_loc"   --->   Operation 196 'load' 'or_ln14_1_loc_load' <Predicate = (and_ln112 & icmp_ln150 & !wall_hit & !self_hit & will_eat)> <Delay = 0.00>
ST_14 : Operation 197 [1/1] (0.00ns)   --->   "%r_6_loc_load = load i4 %r_6_loc"   --->   Operation 197 'load' 'r_6_loc_load' <Predicate = (and_ln112 & icmp_ln150 & !wall_hit & !self_hit & will_eat)> <Delay = 0.00>
ST_14 : Operation 198 [1/1] (0.00ns)   --->   "%c_7_loc_load = load i5 %c_7_loc"   --->   Operation 198 'load' 'c_7_loc_load' <Predicate = (and_ln112 & icmp_ln150 & !wall_hit & !self_hit & will_eat)> <Delay = 0.00>
ST_14 : Operation 199 [1/1] (1.58ns)   --->   "%store_ln28 = store i16 %or_ln14_1_loc_load, i16 %lfsr" [../snake.cpp:28->../snake.cpp:220]   --->   Operation 199 'store' 'store_ln28' <Predicate = (and_ln112 & icmp_ln150 & !wall_hit & !self_hit & will_eat)> <Delay = 1.58>
ST_14 : Operation 200 [1/1] (1.58ns)   --->   "%store_ln220 = store i5 %c_7_loc_load, i5 %st_food_col" [../snake.cpp:220]   --->   Operation 200 'store' 'store_ln220' <Predicate = (and_ln112 & icmp_ln150 & !wall_hit & !self_hit & will_eat)> <Delay = 1.58>
ST_14 : Operation 201 [1/1] (1.58ns)   --->   "%store_ln220 = store i4 %r_6_loc_load, i4 %st_food_row" [../snake.cpp:220]   --->   Operation 201 'store' 'store_ln220' <Predicate = (and_ln112 & icmp_ln150 & !wall_hit & !self_hit & will_eat)> <Delay = 1.58>
ST_14 : Operation 202 [1/1] (1.58ns)   --->   "%br_ln220 = br void %if.end245_ifconv" [../snake.cpp:220]   --->   Operation 202 'br' 'br_ln220' <Predicate = (and_ln112 & icmp_ln150 & !wall_hit & !self_hit & will_eat)> <Delay = 1.58>
ST_14 : Operation 203 [1/1] (0.00ns)   --->   "%cell_col = partselect i5 @_ssdm_op_PartSelect.i5.i10.i32.i32, i10 %vga_x_read, i32 5, i32 9" [../snake.cpp:231]   --->   Operation 203 'partselect' 'cell_col' <Predicate = true> <Delay = 0.00>
ST_14 : Operation 204 [1/1] (0.00ns)   --->   "%cell_row = partselect i4 @_ssdm_op_PartSelect.i4.i10.i32.i32, i10 %vga_y_read, i32 5, i32 8" [../snake.cpp:232]   --->   Operation 204 'partselect' 'cell_row' <Predicate = true> <Delay = 0.00>
ST_14 : Operation 205 [1/1] (1.73ns)   --->   "%icmp_ln235 = icmp_ult  i10 %vga_x_read, i10 640" [../snake.cpp:235]   --->   Operation 205 'icmp' 'icmp_ln235' <Predicate = true> <Delay = 1.73> <CoreInst = "Cmp">   --->   Core 9 'Cmp' <Latency = 0> <II = 1> <Delay = 1.73> <FuncUnit> <Opcode : 'seteq' 'setne' 'setle' 'setge' 'setlt' 'setgt'> <InPorts = 2> <OutPorts = 1>
ST_14 : Operation 206 [1/1] (1.73ns)   --->   "%icmp_ln236 = icmp_ult  i10 %vga_y_read, i10 480" [../snake.cpp:236]   --->   Operation 206 'icmp' 'icmp_ln236' <Predicate = true> <Delay = 1.73> <CoreInst = "Cmp">   --->   Core 9 'Cmp' <Latency = 0> <II = 1> <Delay = 1.73> <FuncUnit> <Opcode : 'seteq' 'setne' 'setle' 'setge' 'setlt' 'setgt'> <InPorts = 2> <OutPorts = 1>
ST_14 : Operation 207 [1/1] (0.97ns)   --->   "%in_grid = and i1 %icmp_ln235, i1 %icmp_ln236" [../snake.cpp:235]   --->   Operation 207 'and' 'in_grid' <Predicate = true> <Delay = 0.97> <CoreInst = "LogicGate">   --->   Core 74 'LogicGate' <Latency = 0> <II = 1> <Delay = 0.97> <FuncUnit> <Opcode : 'and' 'or' 'xor'> <InPorts = 2> <OutPorts = 1>
ST_14 : Operation 208 [1/1] (0.00ns)   --->   "%zext_ln238 = zext i5 %cell_col" [../snake.cpp:238]   --->   Operation 208 'zext' 'zext_ln238' <Predicate = true> <Delay = 0.00>
ST_14 : Operation 209 [1/1] (0.00ns)   --->   "%p_shl = bitconcatenate i9 @_ssdm_op_BitConcatenate.i9.i5.i4, i5 %cell_col, i4 0" [../snake.cpp:238]   --->   Operation 209 'bitconcatenate' 'p_shl' <Predicate = true> <Delay = 0.00>
ST_14 : Operation 210 [1/1] (0.00ns) (grouped into TernaryAdder)   --->   "%sub_ln238 = sub i9 %p_shl, i9 %zext_ln238" [../snake.cpp:238]   --->   Operation 210 'sub' 'sub_ln238' <Predicate = true> <Delay = 0.00> <CoreInst = "TAddSub">   --->   Core 10 'TAddSub' <Latency = 0> <II = 1> <Delay = 1.84> <IPBlock> <Opcode : 'add' 'sub'> <InPorts = 3> <OutPorts = 1> <Sync> <CReg>
ST_14 : Operation 211 [1/1] (0.00ns)   --->   "%zext_ln238_1 = zext i4 %cell_row" [../snake.cpp:238]   --->   Operation 211 'zext' 'zext_ln238_1' <Predicate = true> <Delay = 0.00>
ST_14 : Operation 212 [1/1] (3.69ns) (root node of TernaryAdder)   --->   "%add_ln238 = add i9 %sub_ln238, i9 %zext_ln238_1" [../snake.cpp:238]   --->   Operation 212 'add' 'add_ln238' <Predicate = true> <Delay = 3.69> <CoreInst = "TAddSub">   --->   Core 10 'TAddSub' <Latency = 0> <II = 1> <Delay = 1.84> <IPBlock> <Opcode : 'add' 'sub'> <InPorts = 3> <OutPorts = 1> <Sync> <CReg>
ST_14 : Operation 213 [1/1] (0.00ns)   --->   "%zext_ln238_2 = zext i9 %add_ln238" [../snake.cpp:238]   --->   Operation 213 'zext' 'zext_ln238_2' <Predicate = true> <Delay = 0.00>
ST_14 : Operation 214 [1/1] (0.00ns)   --->   "%grid_addr_2 = getelementptr i1 %grid, i64 0, i64 %zext_ln238_2" [../snake.cpp:238]   --->   Operation 214 'getelementptr' 'grid_addr_2' <Predicate = true> <Delay = 0.00>
ST_14 : Operation 215 [2/2] (2.32ns)   --->   "%grid_load_1 = load i9 %grid_addr_2" [../snake.cpp:238]   --->   Operation 215 'load' 'grid_load_1' <Predicate = true> <Delay = 2.32> <CoreInst = "RAM">   --->   Core 81 'RAM' <Latency = 1> <II = 1> <Delay = 2.32> <Storage> <Opcode : 'load' 'store'> <Ports = 2> <Width = 1> <Depth = 300> <RAM>

State 15 <SV = 8> <Delay = 6.87>
ST_15 : Operation 216 [1/1] (0.00ns)   --->   "%st_frame_count_flag_0 = phi i1 1, void %if.then161, i1 1, void %if.then195, i1 1, void %if.end113, i1 0, void %if.end, i1 1, void %if.then239, i1 1, void %cond.end215"   --->   Operation 216 'phi' 'st_frame_count_flag_0' <Predicate = (rst_n_read)> <Delay = 0.00>
ST_15 : Operation 217 [1/1] (0.00ns)   --->   "%st_frame_count_new_0 = phi i4 0, void %if.then161, i4 0, void %if.then195, i4 %add_ln148, void %if.end113, i4 0, void %if.end, i4 0, void %if.then239, i4 0, void %cond.end215" [../snake.cpp:148]   --->   Operation 217 'phi' 'st_frame_count_new_0' <Predicate = (rst_n_read)> <Delay = 0.00>
ST_15 : Operation 218 [1/1] (0.00ns)   --->   "%st_food_col_loc_1 = phi i5 %st_food_col_load, void %if.then161, i5 %st_food_col_load, void %if.then195, i5 %st_food_col_load, void %if.end113, i5 %st_food_col_load, void %if.end, i5 %c_7_loc_load, void %if.then239, i5 %st_food_col_load, void %cond.end215" [../snake.cpp:180]   --->   Operation 218 'phi' 'st_food_col_loc_1' <Predicate = (rst_n_read)> <Delay = 0.00>
ST_15 : Operation 219 [1/1] (0.00ns)   --->   "%st_food_row_loc_1 = phi i4 %st_food_row_load, void %if.then161, i4 %st_food_row_load, void %if.then195, i4 %st_food_row_load, void %if.end113, i4 %st_food_row_load, void %if.end, i4 %r_6_loc_load, void %if.then239, i4 %st_food_row_load, void %cond.end215" [../snake.cpp:181]   --->   Operation 219 'phi' 'st_food_row_loc_1' <Predicate = (rst_n_read)> <Delay = 0.00>
ST_15 : Operation 220 [1/1] (0.00ns)   --->   "%empty_13 = phi i1 1, void %if.then161, i1 1, void %if.then195, i1 %st_game_over_load, void %if.end113, i1 %st_game_over_load, void %if.end, i1 %st_game_over_load, void %if.then239, i1 %st_game_over_load, void %cond.end215" [../snake.cpp:112]   --->   Operation 220 'phi' 'empty_13' <Predicate = (rst_n_read)> <Delay = 0.00>
ST_15 : Operation 221 [1/2] ( I:2.32ns O:2.32ns )   --->   "%grid_load_1 = load i9 %grid_addr_2" [../snake.cpp:238]   --->   Operation 221 'load' 'grid_load_1' <Predicate = (rst_n_read)> <Delay = 2.32> <CoreInst = "RAM">   --->   Core 81 'RAM' <Latency = 1> <II = 1> <Delay = 2.32> <Storage> <Opcode : 'load' 'store'> <Ports = 2> <Width = 1> <Depth = 300> <RAM>
ST_15 : Operation 222 [1/1] (0.00ns) (grouped into LUT with out node or_ln243)   --->   "%is_snake = and i1 %in_grid, i1 %grid_load_1" [../snake.cpp:235]   --->   Operation 222 'and' 'is_snake' <Predicate = (rst_n_read)> <Delay = 0.00> <CoreInst = "LogicGate">   --->   Core 74 'LogicGate' <Latency = 0> <II = 1> <Delay = 0.97> <FuncUnit> <Opcode : 'and' 'or' 'xor'> <InPorts = 2> <OutPorts = 1>
ST_15 : Operation 223 [1/1] (1.78ns)   --->   "%icmp_ln240 = icmp_eq  i5 %cell_col, i5 %st_food_col_loc_1" [../snake.cpp:240]   --->   Operation 223 'icmp' 'icmp_ln240' <Predicate = (rst_n_read)> <Delay = 1.78> <CoreInst = "Cmp">   --->   Core 9 'Cmp' <Latency = 0> <II = 1> <Delay = 1.78> <FuncUnit> <Opcode : 'seteq' 'setne' 'setle' 'setge' 'setlt' 'setgt'> <InPorts = 2> <OutPorts = 1>
ST_15 : Operation 224 [1/1] (0.97ns) (out node of the LUT)   --->   "%or_ln243 = or i1 %is_snake, i1 %empty_13" [../snake.cpp:243]   --->   Operation 224 'or' 'or_ln243' <Predicate = (rst_n_read)> <Delay = 0.97> <CoreInst = "LogicGate">   --->   Core 74 'LogicGate' <Latency = 0> <II = 1> <Delay = 0.97> <FuncUnit> <Opcode : 'and' 'or' 'xor'> <InPorts = 2> <OutPorts = 1>
ST_15 : Operation 225 [1/1] (1.73ns)   --->   "%icmp_ln241 = icmp_eq  i4 %cell_row, i4 %st_food_row_loc_1" [../snake.cpp:241]   --->   Operation 225 'icmp' 'icmp_ln241' <Predicate = (rst_n_read)> <Delay = 1.73> <CoreInst = "Cmp">   --->   Core 9 'Cmp' <Latency = 0> <II = 1> <Delay = 1.73> <FuncUnit> <Opcode : 'seteq' 'setne' 'setle' 'setge' 'setlt' 'setgt'> <InPorts = 2> <OutPorts = 1>
ST_15 : Operation 226 [1/1] (0.00ns) (grouped into LUT with out node and_ln239_1)   --->   "%and_ln239 = and i1 %icmp_ln240, i1 %icmp_ln241" [../snake.cpp:239]   --->   Operation 226 'and' 'and_ln239' <Predicate = (rst_n_read)> <Delay = 0.00> <CoreInst = "LogicGate">   --->   Core 74 'LogicGate' <Latency = 0> <II = 1> <Delay = 0.97> <FuncUnit> <Opcode : 'and' 'or' 'xor'> <InPorts = 2> <OutPorts = 1>
ST_15 : Operation 227 [1/1] (0.97ns) (out node of the LUT)   --->   "%and_ln239_1 = and i1 %and_ln239, i1 %in_grid" [../snake.cpp:239]   --->   Operation 227 'and' 'and_ln239_1' <Predicate = (rst_n_read)> <Delay = 0.97> <CoreInst = "LogicGate">   --->   Core 74 'LogicGate' <Latency = 0> <II = 1> <Delay = 0.97> <FuncUnit> <Opcode : 'and' 'or' 'xor'> <InPorts = 2> <OutPorts = 1>
ST_15 : Operation 228 [1/1] (0.99ns)   --->   "%select_ln243 = select i1 %or_ln243, i1 %empty_13, i1 %and_ln239_1" [../snake.cpp:243]   --->   Operation 228 'select' 'select_ln243' <Predicate = (rst_n_read)> <Delay = 0.99> <CoreInst = "Sel">   --->   Core 73 'Sel' <Latency = 0> <II = 1> <Delay = 0.99> <FuncUnit> <Opcode : 'select'> <InPorts = 3> <OutPorts = 1>
ST_15 : Operation 229 [1/1] (0.97ns)   --->   "%xor_ln243 = xor i1 %or_ln243, i1 %empty_13" [../snake.cpp:243]   --->   Operation 229 'xor' 'xor_ln243' <Predicate = (rst_n_read)> <Delay = 0.97> <CoreInst = "LogicGate">   --->   Core 74 'LogicGate' <Latency = 0> <II = 1> <Delay = 0.97> <FuncUnit> <Opcode : 'and' 'or' 'xor'> <InPorts = 2> <OutPorts = 1>
ST_15 : Operation 230 [1/1] (0.00ns) (grouped into LUT with out node select_ln243_1)   --->   "%or_ln243_1 = or i1 %or_ln243, i1 %and_ln239_1" [../snake.cpp:243]   --->   Operation 230 'or' 'or_ln243_1' <Predicate = (rst_n_read)> <Delay = 0.00> <CoreInst = "LogicGate">   --->   Core 74 'LogicGate' <Latency = 0> <II = 1> <Delay = 0.97> <FuncUnit> <Opcode : 'and' 'or' 'xor'> <InPorts = 2> <OutPorts = 1>
ST_15 : Operation 231 [1/1] (1.24ns) (out node of the LUT)   --->   "%select_ln243_1 = select i1 %or_ln243_1, i8 0, i8 128" [../snake.cpp:243]   --->   Operation 231 'select' 'select_ln243_1' <Predicate = (rst_n_read)> <Delay = 1.24> <CoreInst = "Sel">   --->   Core 73 'Sel' <Latency = 0> <II = 1> <Delay = 0.96> <FuncUnit> <Opcode : 'select'> <InPorts = 3> <OutPorts = 1>
ST_15 : Operation 232 [1/1] (1.58ns)   --->   "%br_ln264 = br void %return" [../snake.cpp:264]   --->   Operation 232 'br' 'br_ln264' <Predicate = (rst_n_read)> <Delay = 1.58>
ST_15 : Operation 233 [1/1] (0.00ns)   --->   "%st_frame_count_flag_1 = phi i1 %st_frame_count_flag_0, void %if.end245_ifconv, i1 1, void %for.inc.preheader"   --->   Operation 233 'phi' 'st_frame_count_flag_1' <Predicate = true> <Delay = 0.00>
ST_15 : Operation 234 [1/1] (0.00ns)   --->   "%st_frame_count_new_1 = phi i4 %st_frame_count_new_0, void %if.end245_ifconv, i4 0, void %for.inc.preheader" [../snake.cpp:148]   --->   Operation 234 'phi' 'st_frame_count_new_1' <Predicate = true> <Delay = 0.00>
ST_15 : Operation 235 [1/1] (0.00ns) (grouped into LUT with out node storemerge2_cast)   --->   "%storemerge2 = phi i1 %select_ln243, void %if.end245_ifconv, i1 0, void %for.inc.preheader" [../snake.cpp:243]   --->   Operation 235 'phi' 'storemerge2' <Predicate = true> <Delay = 0.00>
ST_15 : Operation 236 [1/1] (0.00ns) (grouped into LUT with out node storemerge_cast)   --->   "%storemerge = phi i1 %xor_ln243, void %if.end245_ifconv, i1 0, void %for.inc.preheader" [../snake.cpp:243]   --->   Operation 236 'phi' 'storemerge' <Predicate = true> <Delay = 0.00>
ST_15 : Operation 237 [1/1] (0.00ns)   --->   "%storemerge1 = phi i8 %select_ln243_1, void %if.end245_ifconv, i8 0, void %for.inc.preheader" [../snake.cpp:243]   --->   Operation 237 'phi' 'storemerge1' <Predicate = true> <Delay = 0.00>
ST_15 : Operation 238 [1/1] (0.00ns)   --->   "%storemerge1_cast = zext i8 %storemerge1" [../snake.cpp:243]   --->   Operation 238 'zext' 'storemerge1_cast' <Predicate = true> <Delay = 0.00>
ST_15 : Operation 239 [1/1] (0.99ns) (out node of the LUT)   --->   "%storemerge_cast = select i1 %storemerge, i10 1023, i10 0" [../snake.cpp:243]   --->   Operation 239 'select' 'storemerge_cast' <Predicate = true> <Delay = 0.99> <CoreInst = "Sel">   --->   Core 73 'Sel' <Latency = 0> <II = 1> <Delay = 0.99> <FuncUnit> <Opcode : 'select'> <InPorts = 3> <OutPorts = 1>
ST_15 : Operation 240 [1/1] (0.99ns) (out node of the LUT)   --->   "%storemerge2_cast = select i1 %storemerge2, i10 1023, i10 0" [../snake.cpp:243]   --->   Operation 240 'select' 'storemerge2_cast' <Predicate = true> <Delay = 0.99> <CoreInst = "Sel">   --->   Core 73 'Sel' <Latency = 0> <II = 1> <Delay = 0.99> <FuncUnit> <Opcode : 'select'> <InPorts = 3> <OutPorts = 1>
ST_15 : Operation 241 [1/1] (0.00ns)   --->   "%write_ln243 = write void @_ssdm_op_Write.ap_auto.i10P0A, i10 %R_out, i10 %storemerge2_cast" [../snake.cpp:243]   --->   Operation 241 'write' 'write_ln243' <Predicate = true> <Delay = 0.00>
ST_15 : Operation 242 [1/1] (0.00ns)   --->   "%write_ln243 = write void @_ssdm_op_Write.ap_auto.i10P0A, i10 %G_out, i10 %storemerge_cast" [../snake.cpp:243]   --->   Operation 242 'write' 'write_ln243' <Predicate = true> <Delay = 0.00>
ST_15 : Operation 243 [1/1] (0.00ns)   --->   "%write_ln243 = write void @_ssdm_op_Write.ap_auto.i10P0A, i10 %B_out, i10 %storemerge1_cast" [../snake.cpp:243]   --->   Operation 243 'write' 'write_ln243' <Predicate = true> <Delay = 0.00>
ST_15 : Operation 244 [1/1] (0.00ns)   --->   "%br_ln0 = br i1 %st_frame_count_flag_1, void %return.new, void %mergeST"   --->   Operation 244 'br' 'br_ln0' <Predicate = true> <Delay = 0.00>
ST_15 : Operation 245 [1/1] (0.00ns)   --->   "%store_ln81 = store i4 %st_frame_count_new_1, i4 %st_frame_count" [../snake.cpp:81]   --->   Operation 245 'store' 'store_ln81' <Predicate = (st_frame_count_flag_1)> <Delay = 0.00>
ST_15 : Operation 246 [1/1] (0.00ns)   --->   "%br_ln0 = br void %return.new"   --->   Operation 246 'br' 'br_ln0' <Predicate = (st_frame_count_flag_1)> <Delay = 0.00>
ST_15 : Operation 247 [1/1] (0.00ns)   --->   "%ret_ln264 = ret" [../snake.cpp:264]   --->   Operation 247 'ret' 'ret_ln264' <Predicate = true> <Delay = 0.00>


============================================================
+ Verbose Summary: Binding
============================================================
STG Binding: 
---------------- STG Properties BEGIN ----------------
- Is combinational: 0
- Is one-state seq: 0
- Is datapath-only: 0
- Is pipelined: 0
- Is top level: 1
Port [ Return ] is wired: 1; IO mode=ap_ctrl_hs:ce=0
Port [ hand_x]:  wired=1; compound=0; hidden=0; nouse=0; global=0; static=0; extern=0; dir=0; type=0; pingpong=0; private_global=0; IO mode=ap_none:ce=0
Port [ hand_y]:  wired=1; compound=0; hidden=0; nouse=0; global=0; static=0; extern=0; dir=0; type=0; pingpong=0; private_global=0; IO mode=ap_none:ce=0
Port [ detected]:  wired=1; compound=0; hidden=0; nouse=0; global=0; static=0; extern=0; dir=0; type=0; pingpong=0; private_global=0; IO mode=ap_none:ce=0
Port [ vga_x]:  wired=1; compound=0; hidden=0; nouse=0; global=0; static=0; extern=0; dir=0; type=0; pingpong=0; private_global=0; IO mode=ap_none:ce=0
Port [ vga_y]:  wired=1; compound=0; hidden=0; nouse=0; global=0; static=0; extern=0; dir=0; type=0; pingpong=0; private_global=0; IO mode=ap_none:ce=0
Port [ vsync]:  wired=1; compound=0; hidden=0; nouse=0; global=0; static=0; extern=0; dir=0; type=0; pingpong=0; private_global=0; IO mode=ap_none:ce=0
Port [ rst_n]:  wired=1; compound=0; hidden=0; nouse=0; global=0; static=0; extern=0; dir=0; type=0; pingpong=0; private_global=0; IO mode=ap_none:ce=0
Port [ R_out]:  wired=1; compound=0; hidden=0; nouse=0; global=0; static=0; extern=0; dir=1; type=0; pingpong=0; private_global=0; IO mode=ap_vld:ce=0
Port [ G_out]:  wired=1; compound=0; hidden=0; nouse=0; global=0; static=0; extern=0; dir=1; type=0; pingpong=0; private_global=0; IO mode=ap_vld:ce=0
Port [ B_out]:  wired=1; compound=0; hidden=0; nouse=0; global=0; static=0; extern=0; dir=1; type=0; pingpong=0; private_global=0; IO mode=ap_vld:ce=0
Port [ st_direction]:  wired=0; compound=0; hidden=1; nouse=0; global=1; static=1; extern=0; dir=2; type=0; pingpong=0; private_global=1; IO mode=ap_ovld:ce=0
Port [ st_frame_count]:  wired=0; compound=0; hidden=1; nouse=0; global=1; static=1; extern=0; dir=2; type=0; pingpong=0; private_global=1; IO mode=ap_ovld:ce=0
Port [ st_food_col]:  wired=0; compound=0; hidden=1; nouse=0; global=1; static=1; extern=0; dir=2; type=0; pingpong=0; private_global=1; IO mode=ap_ovld:ce=0
Port [ st_food_row]:  wired=0; compound=0; hidden=1; nouse=0; global=1; static=1; extern=0; dir=2; type=0; pingpong=0; private_global=1; IO mode=ap_ovld:ce=0
Port [ grid]:  wired=0; compound=1; hidden=1; nouse=0; global=1; static=1; extern=0; dir=2; type=1; pingpong=0; private_global=1; MemPort=[23]; IO mode=ap_memory:ce=0
Port [ st_length]:  wired=0; compound=0; hidden=1; nouse=0; global=1; static=1; extern=0; dir=2; type=0; pingpong=0; private_global=1; IO mode=ap_ovld:ce=0
Port [ st_game_over]:  wired=0; compound=0; hidden=1; nouse=0; global=1; static=1; extern=0; dir=2; type=0; pingpong=0; private_global=1; IO mode=ap_ovld:ce=0
Port [ vsync_prev]:  wired=0; compound=0; hidden=1; nouse=0; global=1; static=1; extern=0; dir=2; type=0; pingpong=0; private_global=1; IO mode=ap_ovld:ce=0
Port [ st_body_col]:  wired=0; compound=1; hidden=1; nouse=0; global=1; static=1; extern=0; dir=2; type=1; pingpong=0; private_global=1; MemPort=[21]; IO mode=ap_memory:ce=0
Port [ st_body_row]:  wired=0; compound=1; hidden=1; nouse=0; global=1; static=1; extern=0; dir=2; type=1; pingpong=0; private_global=1; MemPort=[21]; IO mode=ap_memory:ce=0
Port [ lfsr]:  wired=0; compound=0; hidden=1; nouse=0; global=1; static=1; extern=0; dir=2; type=0; pingpong=0; private_global=1; IO mode=ap_ovld:ce=0
---------------- STG Properties END ------------------

---------------- Datapath Model BEGIN ----------------

<LifeTime>
<method=bitvector/>
rst_n_read            (read          ) [ 0111111111111111]
vsync_read            (read          ) [ 0000000000000000]
vga_y_read            (read          ) [ 0000000011111110]
vga_x_read            (read          ) [ 0000000011111110]
detected_read         (read          ) [ 0100000000000000]
hand_y_read           (read          ) [ 0000000000000000]
hand_x_read           (read          ) [ 0000000000000000]
c_7_loc               (alloca        ) [ 0000000011111110]
r_6_loc               (alloca        ) [ 0000000011111110]
or_ln14_1_loc         (alloca        ) [ 0000000011111110]
c_6_loc               (alloca        ) [ 0011111100000000]
r_5_loc               (alloca        ) [ 0011111100000000]
or_ln_loc             (alloca        ) [ 0011111100000000]
spectopmodule_ln48    (spectopmodule ) [ 0000000000000000]
specbitsmap_ln0       (specbitsmap   ) [ 0000000000000000]
specinterface_ln0     (specinterface ) [ 0000000000000000]
specbitsmap_ln0       (specbitsmap   ) [ 0000000000000000]
specinterface_ln0     (specinterface ) [ 0000000000000000]
specbitsmap_ln0       (specbitsmap   ) [ 0000000000000000]
specinterface_ln0     (specinterface ) [ 0000000000000000]
specbitsmap_ln0       (specbitsmap   ) [ 0000000000000000]
specinterface_ln0     (specinterface ) [ 0000000000000000]
specbitsmap_ln0       (specbitsmap   ) [ 0000000000000000]
specinterface_ln0     (specinterface ) [ 0000000000000000]
specbitsmap_ln0       (specbitsmap   ) [ 0000000000000000]
specinterface_ln0     (specinterface ) [ 0000000000000000]
specbitsmap_ln0       (specbitsmap   ) [ 0000000000000000]
specinterface_ln0     (specinterface ) [ 0000000000000000]
specbitsmap_ln0       (specbitsmap   ) [ 0000000000000000]
specinterface_ln0     (specinterface ) [ 0000000000000000]
specbitsmap_ln0       (specbitsmap   ) [ 0000000000000000]
specinterface_ln0     (specinterface ) [ 0000000000000000]
specbitsmap_ln0       (specbitsmap   ) [ 0000000000000000]
specinterface_ln0     (specinterface ) [ 0000000000000000]
st_direction_load     (load          ) [ 0000000000000000]
st_frame_count_load   (load          ) [ 0000000000000000]
st_food_col_load      (load          ) [ 0111111111111111]
st_food_row_load      (load          ) [ 0111111111111111]
br_ln71               (br            ) [ 0000000000000000]
vsync_prev_load       (load          ) [ 0000000000000000]
store_ln110           (store         ) [ 0000000000000000]
st_game_over_load     (load          ) [ 0111111111111111]
or_ln112              (or            ) [ 0000000000000000]
xor_ln112             (xor           ) [ 0000000000000000]
and_ln112             (and           ) [ 0100000011111110]
br_ln112              (br            ) [ 0111111111111111]
br_ln119              (br            ) [ 0000000000000000]
zext_ln121            (zext          ) [ 0000000000000000]
dx                    (add           ) [ 0000000000000000]
zext_ln122            (zext          ) [ 0000000000000000]
dy                    (add           ) [ 0000000000000000]
tmp                   (bitselect     ) [ 0000000000000000]
abs_dx                (sub           ) [ 0000000000000000]
abs_dx_1              (select        ) [ 0000000000000000]
tmp_11                (bitselect     ) [ 0000000000000000]
abs_dy                (sub           ) [ 0000000000000000]
abs_dy_1              (select        ) [ 0000000000000000]
icmp_ln129            (icmp          ) [ 0000000000000000]
icmp_ln130            (icmp          ) [ 0000000000000000]
new_dir               (select        ) [ 0000000000000000]
new_dir_1             (icmp          ) [ 0000000000000000]
zext_ln132            (zext          ) [ 0000000000000000]
new_dir_2             (select        ) [ 0000000000000000]
icmp_ln136            (icmp          ) [ 0000000000000000]
icmp_ln136_1          (icmp          ) [ 0000000000000000]
and_ln136             (and           ) [ 0100000000000000]
br_ln136              (br            ) [ 0000000000000000]
icmp_ln137            (icmp          ) [ 0000000000000000]
icmp_ln137_1          (icmp          ) [ 0000000000000000]
and_ln137             (and           ) [ 0100000000000000]
br_ln137              (br            ) [ 0000000000000000]
icmp_ln138            (icmp          ) [ 0000000000000000]
icmp_ln138_1          (icmp          ) [ 0000000000000000]
and_ln138             (and           ) [ 0100000000000000]
br_ln138              (br            ) [ 0000000000000000]
icmp_ln139            (icmp          ) [ 0000000000000000]
icmp_ln139_1          (icmp          ) [ 0000000000000000]
reversal              (and           ) [ 0100000000000000]
br_ln141              (br            ) [ 0000000000000000]
store_ln142           (store         ) [ 0000000000000000]
br_ln142              (br            ) [ 0000000000000000]
st_direction_loc_1    (phi           ) [ 0000000010000000]
add_ln148             (add           ) [ 0111111111111111]
icmp_ln150            (icmp          ) [ 0100000011111110]
br_ln150              (br            ) [ 0111111111111111]
call_ln0              (call          ) [ 0000000000000000]
call_ln0              (call          ) [ 0000000000000000]
call_ln0              (call          ) [ 0000000000000000]
call_ln0              (call          ) [ 0000000000000000]
store_ln78            (store         ) [ 0000000000000000]
store_ln79            (store         ) [ 0000000000000000]
store_ln80            (store         ) [ 0000000000000000]
store_ln83            (store         ) [ 0000000000000000]
or_ln_loc_load        (load          ) [ 0000000000000000]
r_5_loc_load          (load          ) [ 0000000000000000]
c_6_loc_load          (load          ) [ 0000000000000000]
store_ln28            (store         ) [ 0000000000000000]
store_ln100           (store         ) [ 0000000000000000]
store_ln100           (store         ) [ 0000000000000000]
br_ln103              (br            ) [ 0000000100000001]
new_head_col          (load          ) [ 0000000000000000]
new_head_row          (load          ) [ 0000000000000000]
icmp_ln158            (icmp          ) [ 0000000000000000]
new_head_row_1        (add           ) [ 0000000000000000]
new_head_row_2        (select        ) [ 0000000000000000]
icmp_ln160            (icmp          ) [ 0000000000000000]
new_head_row_3        (add           ) [ 0000000000000000]
new_head_row_4        (select        ) [ 0000000001111000]
icmp_ln162            (icmp          ) [ 0000000000000000]
new_head_col_1        (add           ) [ 0000000000000000]
new_head_col_2        (select        ) [ 0000000000000000]
icmp_ln164            (icmp          ) [ 0000000000000000]
new_head_col_3        (add           ) [ 0000000000000000]
new_head_col_4        (select        ) [ 0000000001111000]
icmp_ln171            (icmp          ) [ 0000000000000000]
icmp_ln172            (icmp          ) [ 0000000000000000]
wall_hit              (or            ) [ 0000000011111110]
br_ln174              (br            ) [ 0000000000000000]
new_len_1             (load          ) [ 0000000000000000]
zext_ln188            (zext          ) [ 0000000001100000]
add_ln188             (add           ) [ 0000000000000000]
sext_ln188            (sext          ) [ 0000000000000000]
st_body_col_addr      (getelementptr ) [ 0000000001000000]
st_body_row_addr      (getelementptr ) [ 0000000001000000]
zext_ln191            (zext          ) [ 0000000000000000]
p_shl1                (bitconcatenate) [ 0000000000000000]
sub_ln191             (sub           ) [ 0000000000000000]
zext_ln191_1          (zext          ) [ 0000000000000000]
add_ln191             (add           ) [ 0000000000000000]
zext_ln191_2          (zext          ) [ 0000000000000000]
grid_addr             (getelementptr ) [ 0000000001100000]
store_ln175           (store         ) [ 0000000000000000]
br_ln176              (br            ) [ 0100000011111111]
icmp_ln180            (icmp          ) [ 0000000000000000]
icmp_ln181            (icmp          ) [ 0000000000000000]
will_eat              (and           ) [ 0000000001111110]
st_body_col_load      (load          ) [ 0000000000000000]
st_body_row_load      (load          ) [ 0000000000000000]
icmp_ln189            (icmp          ) [ 0000000000000000]
not_icmp_ln188        (icmp          ) [ 0000000000000000]
empty                 (or            ) [ 0000000000000000]
grid_load             (load          ) [ 0000000000000000]
or_ln192              (or            ) [ 0000000000000000]
self_hit              (and           ) [ 0000000001111110]
br_ln194              (br            ) [ 0000000000000000]
br_ln198              (br            ) [ 0000000000000000]
zext_ln199            (zext          ) [ 0000000000000000]
p_shl2                (bitconcatenate) [ 0000000000000000]
sub_ln199             (sub           ) [ 0000000000000000]
zext_ln199_1          (zext          ) [ 0000000000000000]
add_ln199             (add           ) [ 0000000000000000]
zext_ln199_2          (zext          ) [ 0000000000000000]
grid_addr_1           (getelementptr ) [ 0000000000000000]
store_ln200           (store         ) [ 0000000000000000]
br_ln203              (br            ) [ 0000000001100000]
new_len               (add           ) [ 0000000001100000]
br_ln203              (br            ) [ 0000000001100000]
store_ln195           (store         ) [ 0000000000000000]
br_ln196              (br            ) [ 0100000011111111]
new_len_2             (phi           ) [ 0000000000110000]
trunc_ln213           (trunc         ) [ 0000000000000000]
store_ln213           (store         ) [ 0000000000000000]
store_ln216           (store         ) [ 0000000000000000]
call_ln204            (call          ) [ 0000000000000000]
store_ln212           (store         ) [ 0000000000000000]
store_ln212           (store         ) [ 0000000000000000]
br_ln219              (br            ) [ 0100000011001111]
lfsr_load             (load          ) [ 0000000000000100]
call_ln28             (call          ) [ 0000000000000000]
or_ln14_1_loc_load    (load          ) [ 0000000000000000]
r_6_loc_load          (load          ) [ 0100000011001011]
c_7_loc_load          (load          ) [ 0100000011001011]
store_ln28            (store         ) [ 0000000000000000]
store_ln220           (store         ) [ 0000000000000000]
store_ln220           (store         ) [ 0000000000000000]
br_ln220              (br            ) [ 0100000011001011]
cell_col              (partselect    ) [ 0000000000000001]
cell_row              (partselect    ) [ 0000000000000001]
icmp_ln235            (icmp          ) [ 0000000000000000]
icmp_ln236            (icmp          ) [ 0000000000000000]
in_grid               (and           ) [ 0000000000000001]
zext_ln238            (zext          ) [ 0000000000000000]
p_shl                 (bitconcatenate) [ 0000000000000000]
sub_ln238             (sub           ) [ 0000000000000000]
zext_ln238_1          (zext          ) [ 0000000000000000]
add_ln238             (add           ) [ 0000000000000000]
zext_ln238_2          (zext          ) [ 0000000000000000]
grid_addr_2           (getelementptr ) [ 0000000000000001]
st_frame_count_flag_0 (phi           ) [ 0000000000000001]
st_frame_count_new_0  (phi           ) [ 0000000000000001]
st_food_col_loc_1     (phi           ) [ 0000000000000001]
st_food_row_loc_1     (phi           ) [ 0000000000000001]
empty_13              (phi           ) [ 0000000000000001]
grid_load_1           (load          ) [ 0000000000000000]
is_snake              (and           ) [ 0000000000000000]
icmp_ln240            (icmp          ) [ 0000000000000000]
or_ln243              (or            ) [ 0000000000000000]
icmp_ln241            (icmp          ) [ 0000000000000000]
and_ln239             (and           ) [ 0000000000000000]
and_ln239_1           (and           ) [ 0000000000000000]
select_ln243          (select        ) [ 0000000000000000]
xor_ln243             (xor           ) [ 0000000000000000]
or_ln243_1            (or            ) [ 0000000000000000]
select_ln243_1        (select        ) [ 0000000000000000]
br_ln264              (br            ) [ 0000000000000000]
st_frame_count_flag_1 (phi           ) [ 0000000000000001]
st_frame_count_new_1  (phi           ) [ 0000000000000001]
storemerge2           (phi           ) [ 0000000000000001]
storemerge            (phi           ) [ 0000000000000001]
storemerge1           (phi           ) [ 0000000000000001]
storemerge1_cast      (zext          ) [ 0000000000000000]
storemerge_cast       (select        ) [ 0000000000000000]
storemerge2_cast      (select        ) [ 0000000000000000]
write_ln243           (write         ) [ 0000000000000000]
write_ln243           (write         ) [ 0000000000000000]
write_ln243           (write         ) [ 0000000000000000]
br_ln0                (br            ) [ 0000000000000000]
store_ln81            (store         ) [ 0000000000000000]
br_ln0                (br            ) [ 0000000000000000]
ret_ln264             (ret           ) [ 0000000000000000]
</LifeTime>

<model>

<comp_list>
<comp id="0" class="1000" name="hand_x">
<pin_list>
<pin id="1" dir="1" index="0" bw="1" slack="0"/>
</pin_list>
<bind>
<StgValue><ssdm name="hand_x"/></StgValue>
</bind>
</comp>

<comp id="2" class="1000" name="hand_y">
<pin_list>
<pin id="3" dir="1" index="0" bw="1" slack="0"/>
</pin_list>
<bind>
<StgValue><ssdm name="hand_y"/></StgValue>
</bind>
</comp>

<comp id="4" class="1000" name="detected">
<pin_list>
<pin id="5" dir="1" index="0" bw="1" slack="0"/>
</pin_list>
<bind>
<StgValue><ssdm name="detected"/></StgValue>
</bind>
</comp>

<comp id="6" class="1000" name="vga_x">
<pin_list>
<pin id="7" dir="1" index="0" bw="1" slack="0"/>
</pin_list>
<bind>
<StgValue><ssdm name="vga_x"/></StgValue>
</bind>
</comp>

<comp id="8" class="1000" name="vga_y">
<pin_list>
<pin id="9" dir="1" index="0" bw="1" slack="0"/>
</pin_list>
<bind>
<StgValue><ssdm name="vga_y"/></StgValue>
</bind>
</comp>

<comp id="10" class="1000" name="vsync">
<pin_list>
<pin id="11" dir="1" index="0" bw="1" slack="0"/>
</pin_list>
<bind>
<StgValue><ssdm name="vsync"/></StgValue>
</bind>
</comp>

<comp id="12" class="1000" name="rst_n">
<pin_list>
<pin id="13" dir="1" index="0" bw="1" slack="0"/>
</pin_list>
<bind>
<StgValue><ssdm name="rst_n"/></StgValue>
</bind>
</comp>

<comp id="14" class="1000" name="R_out">
<pin_list>
<pin id="15" dir="1" index="0" bw="1" slack="0"/>
</pin_list>
<bind>
<StgValue><ssdm name="R_out"/></StgValue>
</bind>
</comp>

<comp id="16" class="1000" name="G_out">
<pin_list>
<pin id="17" dir="1" index="0" bw="1" slack="0"/>
</pin_list>
<bind>
<StgValue><ssdm name="G_out"/></StgValue>
</bind>
</comp>

<comp id="18" class="1000" name="B_out">
<pin_list>
<pin id="19" dir="1" index="0" bw="1" slack="0"/>
</pin_list>
<bind>
<StgValue><ssdm name="B_out"/></StgValue>
</bind>
</comp>

<comp id="20" class="1000" name="st_direction">
<pin_list>
<pin id="21" dir="1" index="0" bw="1" slack="0"/>
</pin_list>
<bind>
<StgValue><ssdm name="st_direction"/></StgValue>
</bind>
</comp>

<comp id="22" class="1000" name="st_frame_count">
<pin_list>
<pin id="23" dir="1" index="0" bw="1" slack="0"/>
</pin_list>
<bind>
<StgValue><ssdm name="st_frame_count"/></StgValue>
</bind>
</comp>

<comp id="24" class="1000" name="st_food_col">
<pin_list>
<pin id="25" dir="1" index="0" bw="1" slack="0"/>
</pin_list>
<bind>
<StgValue><ssdm name="st_food_col"/></StgValue>
</bind>
</comp>

<comp id="26" class="1000" name="st_food_row">
<pin_list>
<pin id="27" dir="1" index="0" bw="1" slack="0"/>
</pin_list>
<bind>
<StgValue><ssdm name="st_food_row"/></StgValue>
</bind>
</comp>

<comp id="28" class="1000" name="grid">
<pin_list>
<pin id="29" dir="1" index="0" bw="1" slack="0"/>
</pin_list>
<bind>
<StgValue><ssdm name="grid"/><MemPortTyVec>2 3 </MemPortTyVec>
</StgValue>
</bind>
</comp>

<comp id="30" class="1000" name="st_length">
<pin_list>
<pin id="31" dir="1" index="0" bw="1" slack="0"/>
</pin_list>
<bind>
<StgValue><ssdm name="st_length"/></StgValue>
</bind>
</comp>

<comp id="32" class="1000" name="st_game_over">
<pin_list>
<pin id="33" dir="1" index="0" bw="1" slack="0"/>
</pin_list>
<bind>
<StgValue><ssdm name="st_game_over"/></StgValue>
</bind>
</comp>

<comp id="34" class="1000" name="vsync_prev">
<pin_list>
<pin id="35" dir="1" index="0" bw="1" slack="0"/>
</pin_list>
<bind>
<StgValue><ssdm name="vsync_prev"/></StgValue>
</bind>
</comp>

<comp id="36" class="1000" name="st_body_col">
<pin_list>
<pin id="37" dir="1" index="0" bw="1" slack="0"/>
</pin_list>
<bind>
<StgValue><ssdm name="st_body_col"/><MemPortTyVec>2 1 </MemPortTyVec>
</StgValue>
</bind>
</comp>

<comp id="38" class="1000" name="st_body_row">
<pin_list>
<pin id="39" dir="1" index="0" bw="1" slack="0"/>
</pin_list>
<bind>
<StgValue><ssdm name="st_body_row"/><MemPortTyVec>2 1 </MemPortTyVec>
</StgValue>
</bind>
</comp>

<comp id="40" class="1000" name="lfsr">
<pin_list>
<pin id="41" dir="1" index="0" bw="1" slack="0"/>
</pin_list>
<bind>
<StgValue><ssdm name="lfsr"/></StgValue>
</bind>
</comp>

<comp id="42" class="1001" name="const_42">
<pin_list>
<pin id="43" dir="1" index="0" bw="1" slack="0"/>
</pin_list>
<bind>
<StgValue><ssdm name="_ssdm_op_Read.ap_auto.i1"/></StgValue>
</bind>
</comp>

<comp id="44" class="1001" name="const_44">
<pin_list>
<pin id="45" dir="1" index="0" bw="1" slack="0"/>
</pin_list>
<bind>
<StgValue><ssdm name="_ssdm_op_Read.ap_auto.i10"/></StgValue>
</bind>
</comp>

<comp id="46" class="1001" name="const_46">
<pin_list>
<pin id="47" dir="1" index="0" bw="1" slack="0"/>
</pin_list>
<bind>
<StgValue><ssdm name=""/></StgValue>
</bind>
</comp>

<comp id="48" class="1001" name="const_48">
<pin_list>
<pin id="49" dir="1" index="0" bw="1" slack="2147483647"/>
</pin_list>
<bind>
<StgValue><ssdm name="_ssdm_op_SpecTopModule"/></StgValue>
</bind>
</comp>

<comp id="50" class="1001" name="const_50">
<pin_list>
<pin id="51" dir="1" index="0" bw="1" slack="2147483647"/>
</pin_list>
<bind>
<StgValue><ssdm name="empty_1"/></StgValue>
</bind>
</comp>

<comp id="52" class="1001" name="const_52">
<pin_list>
<pin id="53" dir="1" index="0" bw="1" slack="2147483647"/>
</pin_list>
<bind>
<StgValue><ssdm name="_ssdm_op_SpecBitsMap"/></StgValue>
</bind>
</comp>

<comp id="54" class="1001" name="const_54">
<pin_list>
<pin id="55" dir="1" index="0" bw="1" slack="2147483647"/>
</pin_list>
<bind>
<StgValue><ssdm name="_ssdm_op_SpecInterface"/></StgValue>
</bind>
</comp>

<comp id="56" class="1001" name="const_56">
<pin_list>
<pin id="57" dir="1" index="0" bw="1" slack="2147483647"/>
</pin_list>
<bind>
<StgValue><ssdm name="empty"/></StgValue>
</bind>
</comp>

<comp id="58" class="1001" name="const_58">
<pin_list>
<pin id="59" dir="1" index="0" bw="1" slack="2147483647"/>
</pin_list>
<bind>
<StgValue><ssdm name=""/></StgValue>
</bind>
</comp>

<comp id="60" class="1001" name="const_60">
<pin_list>
<pin id="61" dir="1" index="0" bw="1" slack="2147483647"/>
</pin_list>
<bind>
<StgValue><ssdm name="empty_0"/></StgValue>
</bind>
</comp>

<comp id="62" class="1001" name="const_62">
<pin_list>
<pin id="63" dir="1" index="0" bw="1" slack="2147483647"/>
</pin_list>
<bind>
<StgValue><ssdm name=""/></StgValue>
</bind>
</comp>

<comp id="64" class="1001" name="const_64">
<pin_list>
<pin id="65" dir="1" index="0" bw="1" slack="0"/>
</pin_list>
<bind>
<StgValue><ssdm name="snake_top_Pipeline_VITIS_LOOP_73_1_VITIS_LOOP_74_2"/></StgValue>
</bind>
</comp>

<comp id="66" class="1001" name="const_66">
<pin_list>
<pin id="67" dir="1" index="0" bw="1" slack="0"/>
</pin_list>
<bind>
<StgValue><ssdm name=""/></StgValue>
</bind>
</comp>

<comp id="68" class="1001" name="const_68">
<pin_list>
<pin id="69" dir="1" index="0" bw="1" slack="0"/>
</pin_list>
<bind>
<StgValue><ssdm name=""/></StgValue>
</bind>
</comp>

<comp id="70" class="1001" name="const_70">
<pin_list>
<pin id="71" dir="1" index="0" bw="1" slack="0"/>
</pin_list>
<bind>
<StgValue><ssdm name=""/></StgValue>
</bind>
</comp>

<comp id="72" class="1001" name="const_72">
<pin_list>
<pin id="73" dir="1" index="0" bw="1" slack="0"/>
</pin_list>
<bind>
<StgValue><ssdm name="_ssdm_op_BitSelect.i1.i11.i32"/></StgValue>
</bind>
</comp>

<comp id="74" class="1001" name="const_74">
<pin_list>
<pin id="75" dir="1" index="0" bw="1" slack="0"/>
</pin_list>
<bind>
<StgValue><ssdm name=""/></StgValue>
</bind>
</comp>

<comp id="76" class="1001" name="const_76">
<pin_list>
<pin id="77" dir="1" index="0" bw="1" slack="0"/>
</pin_list>
<bind>
<StgValue><ssdm name=""/></StgValue>
</bind>
</comp>

<comp id="78" class="1001" name="const_78">
<pin_list>
<pin id="79" dir="1" index="0" bw="1" slack="0"/>
</pin_list>
<bind>
<StgValue><ssdm name=""/></StgValue>
</bind>
</comp>

<comp id="80" class="1001" name="const_80">
<pin_list>
<pin id="81" dir="1" index="0" bw="1" slack="0"/>
</pin_list>
<bind>
<StgValue><ssdm name=""/></StgValue>
</bind>
</comp>

<comp id="82" class="1001" name="const_82">
<pin_list>
<pin id="83" dir="1" index="0" bw="1" slack="0"/>
</pin_list>
<bind>
<StgValue><ssdm name=""/></StgValue>
</bind>
</comp>

<comp id="84" class="1001" name="const_84">
<pin_list>
<pin id="85" dir="1" index="0" bw="1" slack="0"/>
</pin_list>
<bind>
<StgValue><ssdm name=""/></StgValue>
</bind>
</comp>

<comp id="86" class="1001" name="const_86">
<pin_list>
<pin id="87" dir="1" index="0" bw="1" slack="0"/>
</pin_list>
<bind>
<StgValue><ssdm name=""/></StgValue>
</bind>
</comp>

<comp id="88" class="1001" name="const_88">
<pin_list>
<pin id="89" dir="1" index="0" bw="1" slack="0"/>
</pin_list>
<bind>
<StgValue><ssdm name=""/></StgValue>
</bind>
</comp>

<comp id="90" class="1001" name="const_90">
<pin_list>
<pin id="91" dir="1" index="0" bw="1" slack="0"/>
</pin_list>
<bind>
<StgValue><ssdm name=""/></StgValue>
</bind>
</comp>

<comp id="92" class="1001" name="const_92">
<pin_list>
<pin id="93" dir="1" index="0" bw="1" slack="0"/>
</pin_list>
<bind>
<StgValue><ssdm name=""/></StgValue>
</bind>
</comp>

<comp id="94" class="1001" name="const_94">
<pin_list>
<pin id="95" dir="1" index="0" bw="1" slack="0"/>
</pin_list>
<bind>
<StgValue><ssdm name=""/></StgValue>
</bind>
</comp>

<comp id="96" class="1001" name="const_96">
<pin_list>
<pin id="97" dir="1" index="0" bw="1" slack="0"/>
</pin_list>
<bind>
<StgValue><ssdm name=""/></StgValue>
</bind>
</comp>

<comp id="98" class="1001" name="const_98">
<pin_list>
<pin id="99" dir="1" index="0" bw="1" slack="0"/>
</pin_list>
<bind>
<StgValue><ssdm name="snake_top_Pipeline_VITIS_LOOP_85_3"/></StgValue>
</bind>
</comp>

<comp id="100" class="1001" name="const_100">
<pin_list>
<pin id="101" dir="1" index="0" bw="1" slack="0"/>
</pin_list>
<bind>
<StgValue><ssdm name="snake_top_Pipeline_VITIS_LOOP_94_4"/></StgValue>
</bind>
</comp>

<comp id="102" class="1001" name="const_102">
<pin_list>
<pin id="103" dir="1" index="0" bw="1" slack="0"/>
</pin_list>
<bind>
<StgValue><ssdm name="snake_top_Pipeline_VITIS_LOOP_27_1"/></StgValue>
</bind>
</comp>

<comp id="104" class="1001" name="const_104">
<pin_list>
<pin id="105" dir="1" index="0" bw="1" slack="0"/>
</pin_list>
<bind>
<StgValue><ssdm name=""/></StgValue>
</bind>
</comp>

<comp id="106" class="1001" name="const_106">
<pin_list>
<pin id="107" dir="1" index="0" bw="1" slack="0"/>
</pin_list>
<bind>
<StgValue><ssdm name=""/></StgValue>
</bind>
</comp>

<comp id="108" class="1001" name="const_108">
<pin_list>
<pin id="109" dir="1" index="0" bw="1" slack="0"/>
</pin_list>
<bind>
<StgValue><ssdm name=""/></StgValue>
</bind>
</comp>

<comp id="110" class="1001" name="const_110">
<pin_list>
<pin id="111" dir="1" index="0" bw="1" slack="0"/>
</pin_list>
<bind>
<StgValue><ssdm name=""/></StgValue>
</bind>
</comp>

<comp id="112" class="1001" name="const_112">
<pin_list>
<pin id="113" dir="1" index="0" bw="1" slack="0"/>
</pin_list>
<bind>
<StgValue><ssdm name=""/></StgValue>
</bind>
</comp>

<comp id="114" class="1001" name="const_114">
<pin_list>
<pin id="115" dir="1" index="0" bw="1" slack="0"/>
</pin_list>
<bind>
<StgValue><ssdm name=""/></StgValue>
</bind>
</comp>

<comp id="116" class="1001" name="const_116">
<pin_list>
<pin id="117" dir="1" index="0" bw="1" slack="0"/>
</pin_list>
<bind>
<StgValue><ssdm name=""/></StgValue>
</bind>
</comp>

<comp id="118" class="1001" name="const_118">
<pin_list>
<pin id="119" dir="1" index="0" bw="1" slack="0"/>
</pin_list>
<bind>
<StgValue><ssdm name="_ssdm_op_BitConcatenate.i9.i5.i4"/></StgValue>
</bind>
</comp>

<comp id="120" class="1001" name="const_120">
<pin_list>
<pin id="121" dir="1" index="0" bw="1" slack="0"/>
</pin_list>
<bind>
<StgValue><ssdm name=""/></StgValue>
</bind>
</comp>

<comp id="122" class="1001" name="const_122">
<pin_list>
<pin id="123" dir="1" index="0" bw="1" slack="0"/>
</pin_list>
<bind>
<StgValue><ssdm name=""/></StgValue>
</bind>
</comp>

<comp id="124" class="1001" name="const_124">
<pin_list>
<pin id="125" dir="1" index="0" bw="1" slack="0"/>
</pin_list>
<bind>
<StgValue><ssdm name="snake_top_Pipeline_VITIS_LOOP_207_5"/></StgValue>
</bind>
</comp>

<comp id="126" class="1001" name="const_126">
<pin_list>
<pin id="127" dir="1" index="0" bw="1" slack="0"/>
</pin_list>
<bind>
<StgValue><ssdm name="snake_top_Pipeline_VITIS_LOOP_27_11"/></StgValue>
</bind>
</comp>

<comp id="128" class="1001" name="const_128">
<pin_list>
<pin id="129" dir="1" index="0" bw="1" slack="0"/>
</pin_list>
<bind>
<StgValue><ssdm name="_ssdm_op_PartSelect.i5.i10.i32.i32"/></StgValue>
</bind>
</comp>

<comp id="130" class="1001" name="const_130">
<pin_list>
<pin id="131" dir="1" index="0" bw="1" slack="0"/>
</pin_list>
<bind>
<StgValue><ssdm name=""/></StgValue>
</bind>
</comp>

<comp id="132" class="1001" name="const_132">
<pin_list>
<pin id="133" dir="1" index="0" bw="1" slack="0"/>
</pin_list>
<bind>
<StgValue><ssdm name=""/></StgValue>
</bind>
</comp>

<comp id="134" class="1001" name="const_134">
<pin_list>
<pin id="135" dir="1" index="0" bw="1" slack="0"/>
</pin_list>
<bind>
<StgValue><ssdm name="_ssdm_op_PartSelect.i4.i10.i32.i32"/></StgValue>
</bind>
</comp>

<comp id="136" class="1001" name="const_136">
<pin_list>
<pin id="137" dir="1" index="0" bw="1" slack="0"/>
</pin_list>
<bind>
<StgValue><ssdm name=""/></StgValue>
</bind>
</comp>

<comp id="138" class="1001" name="const_138">
<pin_list>
<pin id="139" dir="1" index="0" bw="1" slack="0"/>
</pin_list>
<bind>
<StgValue><ssdm name=""/></StgValue>
</bind>
</comp>

<comp id="140" class="1001" name="const_140">
<pin_list>
<pin id="141" dir="1" index="0" bw="1" slack="0"/>
</pin_list>
<bind>
<StgValue><ssdm name=""/></StgValue>
</bind>
</comp>

<comp id="142" class="1001" name="const_142">
<pin_list>
<pin id="143" dir="1" index="0" bw="1" slack="8"/>
</pin_list>
<bind>
<StgValue><ssdm name=""/></StgValue>
</bind>
</comp>

<comp id="144" class="1001" name="const_144">
<pin_list>
<pin id="145" dir="1" index="0" bw="1" slack="0"/>
</pin_list>
<bind>
<StgValue><ssdm name=""/></StgValue>
</bind>
</comp>

<comp id="146" class="1001" name="const_146">
<pin_list>
<pin id="147" dir="1" index="0" bw="1" slack="0"/>
</pin_list>
<bind>
<StgValue><ssdm name=""/></StgValue>
</bind>
</comp>

<comp id="148" class="1001" name="const_148">
<pin_list>
<pin id="149" dir="1" index="0" bw="1" slack="0"/>
</pin_list>
<bind>
<StgValue><ssdm name=""/></StgValue>
</bind>
</comp>

<comp id="150" class="1001" name="const_150">
<pin_list>
<pin id="151" dir="1" index="0" bw="1" slack="0"/>
</pin_list>
<bind>
<StgValue><ssdm name=""/></StgValue>
</bind>
</comp>

<comp id="152" class="1001" name="const_152">
<pin_list>
<pin id="153" dir="1" index="0" bw="1" slack="0"/>
</pin_list>
<bind>
<StgValue><ssdm name="_ssdm_op_Write.ap_auto.i10P0A"/></StgValue>
</bind>
</comp>

<comp id="154" class="1004" name="c_7_loc_fu_154">
<pin_list>
<pin id="155" dir="0" index="0" bw="1" slack="0"/>
<pin id="156" dir="1" index="1" bw="5" slack="5"/>
</pin_list>
<bind>
<opcode="alloca(26) " fcode="alloca"/>
<opset="c_7_loc/1 "/>
</bind>
</comp>

<comp id="158" class="1004" name="r_6_loc_fu_158">
<pin_list>
<pin id="159" dir="0" index="0" bw="1" slack="0"/>
<pin id="160" dir="1" index="1" bw="4" slack="5"/>
</pin_list>
<bind>
<opcode="alloca(26) " fcode="alloca"/>
<opset="r_6_loc/1 "/>
</bind>
</comp>

<comp id="162" class="1004" name="or_ln14_1_loc_fu_162">
<pin_list>
<pin id="163" dir="0" index="0" bw="1" slack="0"/>
<pin id="164" dir="1" index="1" bw="16" slack="5"/>
</pin_list>
<bind>
<opcode="alloca(26) " fcode="alloca"/>
<opset="or_ln14_1_loc/1 "/>
</bind>
</comp>

<comp id="166" class="1004" name="c_6_loc_fu_166">
<pin_list>
<pin id="167" dir="0" index="0" bw="1" slack="0"/>
<pin id="168" dir="1" index="1" bw="5" slack="4"/>
</pin_list>
<bind>
<opcode="alloca(26) " fcode="alloca"/>
<opset="c_6_loc/1 "/>
</bind>
</comp>

<comp id="170" class="1004" name="r_5_loc_fu_170">
<pin_list>
<pin id="171" dir="0" index="0" bw="1" slack="0"/>
<pin id="172" dir="1" index="1" bw="4" slack="4"/>
</pin_list>
<bind>
<opcode="alloca(26) " fcode="alloca"/>
<opset="r_5_loc/1 "/>
</bind>
</comp>

<comp id="174" class="1004" name="or_ln_loc_fu_174">
<pin_list>
<pin id="175" dir="0" index="0" bw="1" slack="0"/>
<pin id="176" dir="1" index="1" bw="16" slack="4"/>
</pin_list>
<bind>
<opcode="alloca(26) " fcode="alloca"/>
<opset="or_ln_loc/1 "/>
</bind>
</comp>

<comp id="178" class="1004" name="rst_n_read_read_fu_178">
<pin_list>
<pin id="179" dir="0" index="0" bw="1" slack="0"/>
<pin id="180" dir="0" index="1" bw="1" slack="0"/>
<pin id="181" dir="1" index="2" bw="1" slack="8"/>
</pin_list>
<bind>
<opcode="read(1150) " fcode="read"/>
<opset="rst_n_read/1 "/>
</bind>
</comp>

<comp id="184" class="1004" name="vsync_read_read_fu_184">
<pin_list>
<pin id="185" dir="0" index="0" bw="1" slack="0"/>
<pin id="186" dir="0" index="1" bw="1" slack="0"/>
<pin id="187" dir="1" index="2" bw="1" slack="0"/>
</pin_list>
<bind>
<opcode="read(1150) " fcode="read"/>
<opset="vsync_read/1 "/>
</bind>
</comp>

<comp id="190" class="1004" name="vga_y_read_read_fu_190">
<pin_list>
<pin id="191" dir="0" index="0" bw="10" slack="0"/>
<pin id="192" dir="0" index="1" bw="10" slack="0"/>
<pin id="193" dir="1" index="2" bw="10" slack="7"/>
</pin_list>
<bind>
<opcode="read(1150) " fcode="read"/>
<opset="vga_y_read/1 "/>
</bind>
</comp>

<comp id="196" class="1004" name="vga_x_read_read_fu_196">
<pin_list>
<pin id="197" dir="0" index="0" bw="10" slack="0"/>
<pin id="198" dir="0" index="1" bw="10" slack="0"/>
<pin id="199" dir="1" index="2" bw="10" slack="7"/>
</pin_list>
<bind>
<opcode="read(1150) " fcode="read"/>
<opset="vga_x_read/1 "/>
</bind>
</comp>

<comp id="202" class="1004" name="detected_read_read_fu_202">
<pin_list>
<pin id="203" dir="0" index="0" bw="1" slack="0"/>
<pin id="204" dir="0" index="1" bw="1" slack="0"/>
<pin id="205" dir="1" index="2" bw="1" slack="2147483647"/>
</pin_list>
<bind>
<opcode="read(1150) " fcode="read"/>
<opset="detected_read/1 "/>
</bind>
</comp>

<comp id="208" class="1004" name="hand_y_read_read_fu_208">
<pin_list>
<pin id="209" dir="0" index="0" bw="10" slack="0"/>
<pin id="210" dir="0" index="1" bw="10" slack="0"/>
<pin id="211" dir="1" index="2" bw="10" slack="0"/>
</pin_list>
<bind>
<opcode="read(1150) " fcode="read"/>
<opset="hand_y_read/1 "/>
</bind>
</comp>

<comp id="214" class="1004" name="hand_x_read_read_fu_214">
<pin_list>
<pin id="215" dir="0" index="0" bw="10" slack="0"/>
<pin id="216" dir="0" index="1" bw="10" slack="0"/>
<pin id="217" dir="1" index="2" bw="10" slack="0"/>
</pin_list>
<bind>
<opcode="read(1150) " fcode="read"/>
<opset="hand_x_read/1 "/>
</bind>
</comp>

<comp id="220" class="1004" name="write_ln243_write_fu_220">
<pin_list>
<pin id="221" dir="0" index="0" bw="0" slack="0"/>
<pin id="222" dir="0" index="1" bw="10" slack="0"/>
<pin id="223" dir="0" index="2" bw="10" slack="0"/>
<pin id="224" dir="1" index="3" bw="0" slack="2147483647"/>
</pin_list>
<bind>
<opcode="write(1151) " fcode="write"/>
<opset="write_ln243/15 "/>
</bind>
</comp>

<comp id="227" class="1004" name="write_ln243_write_fu_227">
<pin_list>
<pin id="228" dir="0" index="0" bw="0" slack="0"/>
<pin id="229" dir="0" index="1" bw="10" slack="0"/>
<pin id="230" dir="0" index="2" bw="10" slack="0"/>
<pin id="231" dir="1" index="3" bw="0" slack="2147483647"/>
</pin_list>
<bind>
<opcode="write(1151) " fcode="write"/>
<opset="write_ln243/15 "/>
</bind>
</comp>

<comp id="234" class="1004" name="write_ln243_write_fu_234">
<pin_list>
<pin id="235" dir="0" index="0" bw="0" slack="0"/>
<pin id="236" dir="0" index="1" bw="10" slack="0"/>
<pin id="237" dir="0" index="2" bw="8" slack="0"/>
<pin id="238" dir="1" index="3" bw="0" slack="2147483647"/>
</pin_list>
<bind>
<opcode="write(1151) " fcode="write"/>
<opset="write_ln243/15 "/>
</bind>
</comp>

<comp id="241" class="1004" name="grp_access_fu_241">
<pin_list>
<pin id="242" dir="0" index="0" bw="5" slack="0"/>
<pin id="243" dir="0" index="1" bw="5" slack="4"/>
<pin id="244" dir="0" index="2" bw="0" slack="2147483647"/>
<pin id="245" dir="1" index="3" bw="5" slack="0"/>
</pin_list>
<bind>
<opcode="load(27) store(28) " fcode="store"/>
<opset="new_head_col/1 st_body_col_load/8 store_ln212/12 "/>
</bind>
</comp>

<comp id="247" class="1004" name="grp_access_fu_247">
<pin_list>
<pin id="248" dir="0" index="0" bw="4" slack="0"/>
<pin id="249" dir="0" index="1" bw="4" slack="4"/>
<pin id="250" dir="0" index="2" bw="0" slack="2147483647"/>
<pin id="251" dir="1" index="3" bw="4" slack="0"/>
</pin_list>
<bind>
<opcode="load(27) store(28) " fcode="store"/>
<opset="new_head_row/1 st_body_row_load/8 store_ln212/12 "/>
</bind>
</comp>

<comp id="253" class="1004" name="st_body_col_addr_gep_fu_253">
<pin_list>
<pin id="254" dir="0" index="0" bw="5" slack="0"/>
<pin id="255" dir="0" index="1" bw="1" slack="0"/>
<pin id="256" dir="0" index="2" bw="9" slack="0"/>
<pin id="257" dir="1" index="3" bw="9" slack="0"/>
</pin_list>
<bind>
<opcode="getelementptr(29) " fcode="getelementptr"/>
<opset="st_body_col_addr/8 "/>
</bind>
</comp>

<comp id="261" class="1004" name="st_body_row_addr_gep_fu_261">
<pin_list>
<pin id="262" dir="0" index="0" bw="4" slack="0"/>
<pin id="263" dir="0" index="1" bw="1" slack="0"/>
<pin id="264" dir="0" index="2" bw="9" slack="0"/>
<pin id="265" dir="1" index="3" bw="9" slack="0"/>
</pin_list>
<bind>
<opcode="getelementptr(29) " fcode="getelementptr"/>
<opset="st_body_row_addr/8 "/>
</bind>
</comp>

<comp id="269" class="1004" name="grid_addr_gep_fu_269">
<pin_list>
<pin id="270" dir="0" index="0" bw="1" slack="0"/>
<pin id="271" dir="0" index="1" bw="1" slack="0"/>
<pin id="272" dir="0" index="2" bw="9" slack="0"/>
<pin id="273" dir="1" index="3" bw="9" slack="0"/>
</pin_list>
<bind>
<opcode="getelementptr(29) " fcode="getelementptr"/>
<opset="grid_addr/8 "/>
</bind>
</comp>

<comp id="276" class="1004" name="grp_access_fu_276">
<pin_list>
<pin id="277" dir="0" index="0" bw="9" slack="0"/>
<pin id="278" dir="0" index="1" bw="1" slack="0"/>
<pin id="279" dir="0" index="2" bw="0" slack="2147483647"/>
<pin id="280" dir="1" index="3" bw="1" slack="0"/>
</pin_list>
<bind>
<opcode="load(27) store(28) " fcode="load"/>
<opset="grid_load/8 store_ln200/9 store_ln216/10 grid_load_1/14 "/>
</bind>
</comp>

<comp id="282" class="1004" name="grid_addr_1_gep_fu_282">
<pin_list>
<pin id="283" dir="0" index="0" bw="1" slack="0"/>
<pin id="284" dir="0" index="1" bw="1" slack="0"/>
<pin id="285" dir="0" index="2" bw="9" slack="0"/>
<pin id="286" dir="1" index="3" bw="9" slack="0"/>
</pin_list>
<bind>
<opcode="getelementptr(29) " fcode="getelementptr"/>
<opset="grid_addr_1/9 "/>
</bind>
</comp>

<comp id="292" class="1004" name="grid_addr_2_gep_fu_292">
<pin_list>
<pin id="293" dir="0" index="0" bw="1" slack="0"/>
<pin id="294" dir="0" index="1" bw="1" slack="0"/>
<pin id="295" dir="0" index="2" bw="9" slack="0"/>
<pin id="296" dir="1" index="3" bw="9" slack="0"/>
</pin_list>
<bind>
<opcode="getelementptr(29) " fcode="getelementptr"/>
<opset="grid_addr_2/14 "/>
</bind>
</comp>

<comp id="300" class="1005" name="st_direction_loc_1_reg_300">
<pin_list>
<pin id="301" dir="0" index="0" bw="2" slack="1"/>
<pin id="302" dir="1" index="1" bw="2" slack="1"/>
</pin_list>
<bind>
<opset="st_direction_loc_1 (phireg) "/>
</bind>
</comp>

<comp id="303" class="1004" name="st_direction_loc_1_phi_fu_303">
<pin_list>
<pin id="304" dir="0" index="0" bw="2" slack="0"/>
<pin id="305" dir="0" index="1" bw="0" slack="2147483647"/>
<pin id="306" dir="0" index="2" bw="2" slack="0"/>
<pin id="307" dir="0" index="3" bw="0" slack="2147483647"/>
<pin id="308" dir="0" index="4" bw="2" slack="0"/>
<pin id="309" dir="0" index="5" bw="0" slack="2147483647"/>
<pin id="310" dir="0" index="6" bw="2" slack="0"/>
<pin id="311" dir="0" index="7" bw="0" slack="2147483647"/>
<pin id="312" dir="0" index="8" bw="2" slack="0"/>
<pin id="313" dir="0" index="9" bw="0" slack="2147483647"/>
<pin id="314" dir="0" index="10" bw="2" slack="0"/>
<pin id="315" dir="0" index="11" bw="0" slack="2147483647"/>
<pin id="316" dir="1" index="12" bw="2" slack="1"/>
</pin_list>
<bind>
<opcode="phi(47) " fcode="phi"/>
<opset="st_direction_loc_1/1 "/>
</bind>
</comp>

<comp id="318" class="1005" name="new_len_2_reg_318">
<pin_list>
<pin id="319" dir="0" index="0" bw="9" slack="1"/>
<pin id="320" dir="1" index="1" bw="9" slack="2147483647"/>
</pin_list>
<bind>
<opset="new_len_2 (phireg) "/>
</bind>
</comp>

<comp id="321" class="1004" name="new_len_2_phi_fu_321">
<pin_list>
<pin id="322" dir="0" index="0" bw="9" slack="1"/>
<pin id="323" dir="0" index="1" bw="0" slack="2147483647"/>
<pin id="324" dir="0" index="2" bw="8" slack="2"/>
<pin id="325" dir="0" index="3" bw="0" slack="2147483647"/>
<pin id="326" dir="1" index="4" bw="9" slack="0"/>
</pin_list>
<bind>
<opcode="phi(47) " fcode="phi"/>
<opset="new_len_2/10 "/>
</bind>
</comp>

<comp id="328" class="1005" name="st_frame_count_flag_0_reg_328">
<pin_list>
<pin id="329" dir="0" index="0" bw="1" slack="1"/>
<pin id="330" dir="1" index="1" bw="1" slack="1"/>
</pin_list>
<bind>
<opset="st_frame_count_flag_0 (phireg) "/>
</bind>
</comp>

<comp id="333" class="1004" name="st_frame_count_flag_0_phi_fu_333">
<pin_list>
<pin id="334" dir="0" index="0" bw="1" slack="7"/>
<pin id="335" dir="0" index="1" bw="0" slack="2147483647"/>
<pin id="336" dir="0" index="2" bw="1" slack="6"/>
<pin id="337" dir="0" index="3" bw="0" slack="2147483647"/>
<pin id="338" dir="0" index="4" bw="1" slack="8"/>
<pin id="339" dir="0" index="5" bw="0" slack="2147483647"/>
<pin id="340" dir="0" index="6" bw="1" slack="8"/>
<pin id="341" dir="0" index="7" bw="0" slack="2147483647"/>
<pin id="342" dir="0" index="8" bw="1" slack="1"/>
<pin id="343" dir="0" index="9" bw="0" slack="2147483647"/>
<pin id="344" dir="0" index="10" bw="1" slack="3"/>
<pin id="345" dir="0" index="11" bw="0" slack="2147483647"/>
<pin id="346" dir="1" index="12" bw="1" slack="0"/>
</pin_list>
<bind>
<opcode="phi(47) " fcode="phi"/>
<opset="st_frame_count_flag_0/15 "/>
</bind>
</comp>

<comp id="353" class="1005" name="st_frame_count_new_0_reg_353">
<pin_list>
<pin id="354" dir="0" index="0" bw="4" slack="1"/>
<pin id="355" dir="1" index="1" bw="4" slack="1"/>
</pin_list>
<bind>
<opset="st_frame_count_new_0 (phireg) "/>
</bind>
</comp>

<comp id="358" class="1004" name="st_frame_count_new_0_phi_fu_358">
<pin_list>
<pin id="359" dir="0" index="0" bw="1" slack="7"/>
<pin id="360" dir="0" index="1" bw="0" slack="2147483647"/>
<pin id="361" dir="0" index="2" bw="1" slack="6"/>
<pin id="362" dir="0" index="3" bw="0" slack="2147483647"/>
<pin id="363" dir="0" index="4" bw="4" slack="8"/>
<pin id="364" dir="0" index="5" bw="0" slack="2147483647"/>
<pin id="365" dir="0" index="6" bw="1" slack="8"/>
<pin id="366" dir="0" index="7" bw="0" slack="2147483647"/>
<pin id="367" dir="0" index="8" bw="1" slack="1"/>
<pin id="368" dir="0" index="9" bw="0" slack="2147483647"/>
<pin id="369" dir="0" index="10" bw="1" slack="3"/>
<pin id="370" dir="0" index="11" bw="0" slack="2147483647"/>
<pin id="371" dir="1" index="12" bw="4" slack="0"/>
</pin_list>
<bind>
<opcode="phi(47) " fcode="phi"/>
<opset="st_frame_count_new_0/15 "/>
</bind>
</comp>

<comp id="377" class="1005" name="st_food_col_loc_1_reg_377">
<pin_list>
<pin id="378" dir="0" index="0" bw="5" slack="2147483647"/>
<pin id="379" dir="1" index="1" bw="5" slack="2147483647"/>
</pin_list>
<bind>
<opset="st_food_col_loc_1 (phireg) "/>
</bind>
</comp>

<comp id="380" class="1004" name="st_food_col_loc_1_phi_fu_380">
<pin_list>
<pin id="381" dir="0" index="0" bw="5" slack="8"/>
<pin id="382" dir="0" index="1" bw="0" slack="2147483647"/>
<pin id="383" dir="0" index="2" bw="5" slack="8"/>
<pin id="384" dir="0" index="3" bw="0" slack="2147483647"/>
<pin id="385" dir="0" index="4" bw="5" slack="8"/>
<pin id="386" dir="0" index="5" bw="0" slack="2147483647"/>
<pin id="387" dir="0" index="6" bw="5" slack="8"/>
<pin id="388" dir="0" index="7" bw="0" slack="2147483647"/>
<pin id="389" dir="0" index="8" bw="5" slack="2147483647"/>
<pin id="390" dir="0" index="9" bw="0" slack="2147483647"/>
<pin id="391" dir="0" index="10" bw="5" slack="8"/>
<pin id="392" dir="0" index="11" bw="0" slack="2147483647"/>
<pin id="393" dir="1" index="12" bw="5" slack="0"/>
</pin_list>
<bind>
<opcode="phi(47) " fcode="phi"/>
<opset="st_food_col_loc_1/15 "/>
</bind>
</comp>

<comp id="394" class="1005" name="st_food_row_loc_1_reg_394">
<pin_list>
<pin id="395" dir="0" index="0" bw="4" slack="2147483647"/>
<pin id="396" dir="1" index="1" bw="4" slack="2147483647"/>
</pin_list>
<bind>
<opset="st_food_row_loc_1 (phireg) "/>
</bind>
</comp>

<comp id="397" class="1004" name="st_food_row_loc_1_phi_fu_397">
<pin_list>
<pin id="398" dir="0" index="0" bw="4" slack="8"/>
<pin id="399" dir="0" index="1" bw="0" slack="2147483647"/>
<pin id="400" dir="0" index="2" bw="4" slack="8"/>
<pin id="401" dir="0" index="3" bw="0" slack="2147483647"/>
<pin id="402" dir="0" index="4" bw="4" slack="8"/>
<pin id="403" dir="0" index="5" bw="0" slack="2147483647"/>
<pin id="404" dir="0" index="6" bw="4" slack="8"/>
<pin id="405" dir="0" index="7" bw="0" slack="2147483647"/>
<pin id="406" dir="0" index="8" bw="4" slack="2147483647"/>
<pin id="407" dir="0" index="9" bw="0" slack="2147483647"/>
<pin id="408" dir="0" index="10" bw="4" slack="8"/>
<pin id="409" dir="0" index="11" bw="0" slack="2147483647"/>
<pin id="410" dir="1" index="12" bw="4" slack="0"/>
</pin_list>
<bind>
<opcode="phi(47) " fcode="phi"/>
<opset="st_food_row_loc_1/15 "/>
</bind>
</comp>

<comp id="411" class="1005" name="empty_13_reg_411">
<pin_list>
<pin id="412" dir="0" index="0" bw="1" slack="6"/>
<pin id="413" dir="1" index="1" bw="1" slack="6"/>
</pin_list>
<bind>
<opset="empty_13 (phireg) "/>
</bind>
</comp>

<comp id="415" class="1004" name="empty_13_phi_fu_415">
<pin_list>
<pin id="416" dir="0" index="0" bw="1" slack="7"/>
<pin id="417" dir="0" index="1" bw="0" slack="2147483647"/>
<pin id="418" dir="0" index="2" bw="1" slack="6"/>
<pin id="419" dir="0" index="3" bw="0" slack="2147483647"/>
<pin id="420" dir="0" index="4" bw="1" slack="8"/>
<pin id="421" dir="0" index="5" bw="0" slack="2147483647"/>
<pin id="422" dir="0" index="6" bw="1" slack="8"/>
<pin id="423" dir="0" index="7" bw="0" slack="2147483647"/>
<pin id="424" dir="0" index="8" bw="1" slack="8"/>
<pin id="425" dir="0" index="9" bw="0" slack="2147483647"/>
<pin id="426" dir="0" index="10" bw="1" slack="8"/>
<pin id="427" dir="0" index="11" bw="0" slack="2147483647"/>
<pin id="428" dir="1" index="12" bw="1" slack="0"/>
</pin_list>
<bind>
<opcode="phi(47) " fcode="phi"/>
<opset="empty_13/15 "/>
</bind>
</comp>

<comp id="431" class="1005" name="st_frame_count_flag_1_reg_431">
<pin_list>
<pin id="432" dir="0" index="0" bw="1" slack="2"/>
<pin id="433" dir="1" index="1" bw="1" slack="2"/>
</pin_list>
<bind>
<opset="st_frame_count_flag_1 (phireg) "/>
</bind>
</comp>

<comp id="435" class="1004" name="st_frame_count_flag_1_phi_fu_435">
<pin_list>
<pin id="436" dir="0" index="0" bw="1" slack="0"/>
<pin id="437" dir="0" index="1" bw="0" slack="2147483647"/>
<pin id="438" dir="0" index="2" bw="1" slack="2"/>
<pin id="439" dir="0" index="3" bw="0" slack="2147483647"/>
<pin id="440" dir="1" index="4" bw="1" slack="2147483647"/>
</pin_list>
<bind>
<opcode="phi(47) " fcode="phi"/>
<opset="st_frame_count_flag_1/15 "/>
</bind>
</comp>

<comp id="443" class="1005" name="st_frame_count_new_1_reg_443">
<pin_list>
<pin id="444" dir="0" index="0" bw="4" slack="2"/>
<pin id="445" dir="1" index="1" bw="4" slack="2"/>
</pin_list>
<bind>
<opset="st_frame_count_new_1 (phireg) "/>
</bind>
</comp>

<comp id="447" class="1004" name="st_frame_count_new_1_phi_fu_447">
<pin_list>
<pin id="448" dir="0" index="0" bw="4" slack="0"/>
<pin id="449" dir="0" index="1" bw="0" slack="2147483647"/>
<pin id="450" dir="0" index="2" bw="1" slack="2"/>
<pin id="451" dir="0" index="3" bw="0" slack="2147483647"/>
<pin id="452" dir="1" index="4" bw="4" slack="0"/>
</pin_list>
<bind>
<opcode="phi(47) " fcode="phi"/>
<opset="st_frame_count_new_1/15 "/>
</bind>
</comp>

<comp id="455" class="1005" name="storemerge2_reg_455">
<pin_list>
<pin id="456" dir="0" index="0" bw="1" slack="2"/>
<pin id="457" dir="1" index="1" bw="1" slack="2"/>
</pin_list>
<bind>
<opset="storemerge2 (phireg) "/>
</bind>
</comp>

<comp id="459" class="1004" name="storemerge2_phi_fu_459">
<pin_list>
<pin id="460" dir="0" index="0" bw="1" slack="0"/>
<pin id="461" dir="0" index="1" bw="0" slack="2147483647"/>
<pin id="462" dir="0" index="2" bw="1" slack="2"/>
<pin id="463" dir="0" index="3" bw="0" slack="2147483647"/>
<pin id="464" dir="1" index="4" bw="1" slack="0"/>
</pin_list>
<bind>
<opcode="phi(47) " fcode="phi"/>
<opset="storemerge2/15 "/>
</bind>
</comp>

<comp id="466" class="1005" name="storemerge_reg_466">
<pin_list>
<pin id="467" dir="0" index="0" bw="1" slack="2"/>
<pin id="468" dir="1" index="1" bw="1" slack="2"/>
</pin_list>
<bind>
<opset="storemerge (phireg) "/>
</bind>
</comp>

<comp id="470" class="1004" name="storemerge_phi_fu_470">
<pin_list>
<pin id="471" dir="0" index="0" bw="1" slack="0"/>
<pin id="472" dir="0" index="1" bw="0" slack="2147483647"/>
<pin id="473" dir="0" index="2" bw="1" slack="2"/>
<pin id="474" dir="0" index="3" bw="0" slack="2147483647"/>
<pin id="475" dir="1" index="4" bw="1" slack="0"/>
</pin_list>
<bind>
<opcode="phi(47) " fcode="phi"/>
<opset="storemerge/15 "/>
</bind>
</comp>

<comp id="477" class="1005" name="storemerge1_reg_477">
<pin_list>
<pin id="478" dir="0" index="0" bw="8" slack="2"/>
<pin id="479" dir="1" index="1" bw="8" slack="2"/>
</pin_list>
<bind>
<opset="storemerge1 (phireg) "/>
</bind>
</comp>

<comp id="481" class="1004" name="storemerge1_phi_fu_481">
<pin_list>
<pin id="482" dir="0" index="0" bw="8" slack="0"/>
<pin id="483" dir="0" index="1" bw="0" slack="2147483647"/>
<pin id="484" dir="0" index="2" bw="1" slack="2"/>
<pin id="485" dir="0" index="3" bw="0" slack="2147483647"/>
<pin id="486" dir="1" index="4" bw="8" slack="0"/>
</pin_list>
<bind>
<opcode="phi(47) " fcode="phi"/>
<opset="storemerge1/15 "/>
</bind>
</comp>

<comp id="488" class="1004" name="grp_snake_top_Pipeline_VITIS_LOOP_73_1_VITIS_LOOP_74_2_fu_488">
<pin_list>
<pin id="489" dir="0" index="0" bw="0" slack="0"/>
<pin id="490" dir="0" index="1" bw="1" slack="0"/>
<pin id="491" dir="1" index="2" bw="0" slack="2147483647"/>
</pin_list>
<bind>
<opcode="call(48) " fcode="call"/>
<opset="call_ln0/1 "/>
</bind>
</comp>

<comp id="494" class="1004" name="grp_snake_top_Pipeline_VITIS_LOOP_85_3_fu_494">
<pin_list>
<pin id="495" dir="0" index="0" bw="0" slack="0"/>
<pin id="496" dir="0" index="1" bw="5" slack="0"/>
<pin id="497" dir="0" index="2" bw="4" slack="0"/>
<pin id="498" dir="0" index="3" bw="1" slack="0"/>
<pin id="499" dir="1" index="4" bw="0" slack="2147483647"/>
</pin_list>
<bind>
<opcode="call(48) " fcode="call"/>
<opset="call_ln0/3 "/>
</bind>
</comp>

<comp id="504" class="1004" name="grp_snake_top_Pipeline_VITIS_LOOP_94_4_fu_504">
<pin_list>
<pin id="505" dir="0" index="0" bw="0" slack="0"/>
<pin id="506" dir="0" index="1" bw="5" slack="0"/>
<pin id="507" dir="0" index="2" bw="4" slack="0"/>
<pin id="508" dir="1" index="3" bw="0" slack="2147483647"/>
</pin_list>
<bind>
<opcode="call(48) " fcode="call"/>
<opset="call_ln0/5 "/>
</bind>
</comp>

<comp id="512" class="1004" name="grp_snake_top_Pipeline_VITIS_LOOP_27_1_fu_512">
<pin_list>
<pin id="513" dir="0" index="0" bw="0" slack="0"/>
<pin id="514" dir="0" index="1" bw="16" slack="4"/>
<pin id="515" dir="0" index="2" bw="4" slack="4"/>
<pin id="516" dir="0" index="3" bw="5" slack="4"/>
<pin id="517" dir="0" index="4" bw="1" slack="0"/>
<pin id="518" dir="1" index="5" bw="0" slack="2147483647"/>
</pin_list>
<bind>
<opcode="call(48) " fcode="call"/>
<opset="call_ln0/5 "/>
</bind>
</comp>

<comp id="521" class="1004" name="grp_snake_top_Pipeline_VITIS_LOOP_207_5_fu_521">
<pin_list>
<pin id="522" dir="0" index="0" bw="0" slack="0"/>
<pin id="523" dir="0" index="1" bw="9" slack="0"/>
<pin id="524" dir="0" index="2" bw="5" slack="0"/>
<pin id="525" dir="0" index="3" bw="4" slack="0"/>
<pin id="526" dir="1" index="4" bw="0" slack="2147483647"/>
</pin_list>
<bind>
<opcode="call(48) " fcode="call"/>
<opset="call_ln204/10 "/>
</bind>
</comp>

<comp id="531" class="1004" name="grp_snake_top_Pipeline_VITIS_LOOP_27_11_fu_531">
<pin_list>
<pin id="532" dir="0" index="0" bw="0" slack="0"/>
<pin id="533" dir="0" index="1" bw="16" slack="0"/>
<pin id="534" dir="0" index="2" bw="16" slack="5"/>
<pin id="535" dir="0" index="3" bw="4" slack="5"/>
<pin id="536" dir="0" index="4" bw="5" slack="5"/>
<pin id="537" dir="0" index="5" bw="1" slack="0"/>
<pin id="538" dir="1" index="6" bw="0" slack="2147483647"/>
</pin_list>
<bind>
<opcode="call(48) " fcode="call"/>
<opset="call_ln28/12 "/>
</bind>
</comp>

<comp id="541" class="1004" name="st_direction_load_load_fu_541">
<pin_list>
<pin id="542" dir="0" index="0" bw="2" slack="0"/>
<pin id="543" dir="1" index="1" bw="2" slack="0"/>
</pin_list>
<bind>
<opcode="load(27) " fcode="load"/>
<opset="st_direction_load/1 "/>
</bind>
</comp>

<comp id="550" class="1004" name="st_frame_count_load_load_fu_550">
<pin_list>
<pin id="551" dir="0" index="0" bw="4" slack="0"/>
<pin id="552" dir="1" index="1" bw="4" slack="0"/>
</pin_list>
<bind>
<opcode="load(27) " fcode="load"/>
<opset="st_frame_count_load/1 "/>
</bind>
</comp>

<comp id="554" class="1004" name="st_food_col_load_load_fu_554">
<pin_list>
<pin id="555" dir="0" index="0" bw="5" slack="0"/>
<pin id="556" dir="1" index="1" bw="5" slack="2"/>
</pin_list>
<bind>
<opcode="load(27) " fcode="load"/>
<opset="st_food_col_load/1 "/>
</bind>
</comp>

<comp id="558" class="1004" name="st_food_row_load_load_fu_558">
<pin_list>
<pin id="559" dir="0" index="0" bw="4" slack="0"/>
<pin id="560" dir="1" index="1" bw="4" slack="2"/>
</pin_list>
<bind>
<opcode="load(27) " fcode="load"/>
<opset="st_food_row_load/1 "/>
</bind>
</comp>

<comp id="562" class="1004" name="vsync_prev_load_load_fu_562">
<pin_list>
<pin id="563" dir="0" index="0" bw="1" slack="0"/>
<pin id="564" dir="1" index="1" bw="1" slack="0"/>
</pin_list>
<bind>
<opcode="load(27) " fcode="load"/>
<opset="vsync_prev_load/1 "/>
</bind>
</comp>

<comp id="566" class="1004" name="store_ln110_store_fu_566">
<pin_list>
<pin id="567" dir="0" index="0" bw="1" slack="0"/>
<pin id="568" dir="0" index="1" bw="1" slack="0"/>
<pin id="569" dir="1" index="2" bw="0" slack="2147483647"/>
</pin_list>
<bind>
<opcode="store(28) " fcode="store"/>
<opset="store_ln110/1 "/>
</bind>
</comp>

<comp id="572" class="1004" name="st_game_over_load_load_fu_572">
<pin_list>
<pin id="573" dir="0" index="0" bw="1" slack="0"/>
<pin id="574" dir="1" index="1" bw="1" slack="0"/>
</pin_list>
<bind>
<opcode="load(27) " fcode="load"/>
<opset="st_game_over_load/1 "/>
</bind>
</comp>

<comp id="576" class="1004" name="or_ln112_fu_576">
<pin_list>
<pin id="577" dir="0" index="0" bw="1" slack="0"/>
<pin id="578" dir="0" index="1" bw="1" slack="0"/>
<pin id="579" dir="1" index="2" bw="1" slack="0"/>
</pin_list>
<bind>
<opcode="or(24) " fcode="or"/>
<opset="or_ln112/1 "/>
</bind>
</comp>

<comp id="582" class="1004" name="xor_ln112_fu_582">
<pin_list>
<pin id="583" dir="0" index="0" bw="1" slack="0"/>
<pin id="584" dir="0" index="1" bw="1" slack="0"/>
<pin id="585" dir="1" index="2" bw="1" slack="0"/>
</pin_list>
<bind>
<opcode="xor(25) " fcode="xor"/>
<opset="xor_ln112/1 "/>
</bind>
</comp>

<comp id="588" class="1004" name="and_ln112_fu_588">
<pin_list>
<pin id="589" dir="0" index="0" bw="1" slack="0"/>
<pin id="590" dir="0" index="1" bw="1" slack="0"/>
<pin id="591" dir="1" index="2" bw="1" slack="7"/>
</pin_list>
<bind>
<opcode="and(23) " fcode="and"/>
<opset="and_ln112/1 "/>
</bind>
</comp>

<comp id="594" class="1004" name="zext_ln121_fu_594">
<pin_list>
<pin id="595" dir="0" index="0" bw="10" slack="0"/>
<pin id="596" dir="1" index="1" bw="11" slack="0"/>
</pin_list>
<bind>
<opcode="zext(34) " fcode="zext"/>
<opset="zext_ln121/1 "/>
</bind>
</comp>

<comp id="598" class="1004" name="dx_fu_598">
<pin_list>
<pin id="599" dir="0" index="0" bw="10" slack="0"/>
<pin id="600" dir="0" index="1" bw="10" slack="0"/>
<pin id="601" dir="1" index="2" bw="11" slack="0"/>
</pin_list>
<bind>
<opcode="add(8) " fcode="add"/>
<opset="dx/1 "/>
</bind>
</comp>

<comp id="604" class="1004" name="zext_ln122_fu_604">
<pin_list>
<pin id="605" dir="0" index="0" bw="10" slack="0"/>
<pin id="606" dir="1" index="1" bw="11" slack="0"/>
</pin_list>
<bind>
<opcode="zext(34) " fcode="zext"/>
<opset="zext_ln122/1 "/>
</bind>
</comp>

<comp id="608" class="1004" name="dy_fu_608">
<pin_list>
<pin id="609" dir="0" index="0" bw="10" slack="0"/>
<pin id="610" dir="0" index="1" bw="9" slack="0"/>
<pin id="611" dir="1" index="2" bw="11" slack="0"/>
</pin_list>
<bind>
<opcode="add(8) " fcode="add"/>
<opset="dy/1 "/>
</bind>
</comp>

<comp id="614" class="1004" name="tmp_fu_614">
<pin_list>
<pin id="615" dir="0" index="0" bw="1" slack="0"/>
<pin id="616" dir="0" index="1" bw="11" slack="0"/>
<pin id="617" dir="0" index="2" bw="5" slack="0"/>
<pin id="618" dir="1" index="3" bw="1" slack="0"/>
</pin_list>
<bind>
<opcode="bitselect(1000) " fcode="bitselect"/>
<opset="tmp/1 "/>
</bind>
</comp>

<comp id="622" class="1004" name="abs_dx_fu_622">
<pin_list>
<pin id="623" dir="0" index="0" bw="10" slack="0"/>
<pin id="624" dir="0" index="1" bw="10" slack="0"/>
<pin id="625" dir="1" index="2" bw="11" slack="0"/>
</pin_list>
<bind>
<opcode="sub(10) " fcode="sub"/>
<opset="abs_dx/1 "/>
</bind>
</comp>

<comp id="628" class="1004" name="abs_dx_1_fu_628">
<pin_list>
<pin id="629" dir="0" index="0" bw="1" slack="0"/>
<pin id="630" dir="0" index="1" bw="11" slack="0"/>
<pin id="631" dir="0" index="2" bw="11" slack="0"/>
<pin id="632" dir="1" index="3" bw="11" slack="0"/>
</pin_list>
<bind>
<opcode="select(49) " fcode="select"/>
<opset="abs_dx_1/1 "/>
</bind>
</comp>

<comp id="636" class="1004" name="tmp_11_fu_636">
<pin_list>
<pin id="637" dir="0" index="0" bw="1" slack="0"/>
<pin id="638" dir="0" index="1" bw="11" slack="0"/>
<pin id="639" dir="0" index="2" bw="5" slack="0"/>
<pin id="640" dir="1" index="3" bw="1" slack="0"/>
</pin_list>
<bind>
<opcode="bitselect(1000) " fcode="bitselect"/>
<opset="tmp_11/1 "/>
</bind>
</comp>

<comp id="644" class="1004" name="abs_dy_fu_644">
<pin_list>
<pin id="645" dir="0" index="0" bw="9" slack="0"/>
<pin id="646" dir="0" index="1" bw="10" slack="0"/>
<pin id="647" dir="1" index="2" bw="11" slack="0"/>
</pin_list>
<bind>
<opcode="sub(10) " fcode="sub"/>
<opset="abs_dy/1 "/>
</bind>
</comp>

<comp id="650" class="1004" name="abs_dy_1_fu_650">
<pin_list>
<pin id="651" dir="0" index="0" bw="1" slack="0"/>
<pin id="652" dir="0" index="1" bw="11" slack="0"/>
<pin id="653" dir="0" index="2" bw="11" slack="0"/>
<pin id="654" dir="1" index="3" bw="11" slack="0"/>
</pin_list>
<bind>
<opcode="select(49) " fcode="select"/>
<opset="abs_dy_1/1 "/>
</bind>
</comp>

<comp id="658" class="1004" name="icmp_ln129_fu_658">
<pin_list>
<pin id="659" dir="0" index="0" bw="11" slack="0"/>
<pin id="660" dir="0" index="1" bw="11" slack="0"/>
<pin id="661" dir="1" index="2" bw="1" slack="0"/>
</pin_list>
<bind>
<opcode="icmp(45) " fcode="icmp"/>
<opset="icmp_ln129/1 "/>
</bind>
</comp>

<comp id="664" class="1004" name="icmp_ln130_fu_664">
<pin_list>
<pin id="665" dir="0" index="0" bw="11" slack="0"/>
<pin id="666" dir="0" index="1" bw="11" slack="0"/>
<pin id="667" dir="1" index="2" bw="1" slack="0"/>
</pin_list>
<bind>
<opcode="icmp(45) " fcode="icmp"/>
<opset="icmp_ln130/1 "/>
</bind>
</comp>

<comp id="670" class="1004" name="new_dir_fu_670">
<pin_list>
<pin id="671" dir="0" index="0" bw="1" slack="0"/>
<pin id="672" dir="0" index="1" bw="2" slack="0"/>
<pin id="673" dir="0" index="2" bw="2" slack="0"/>
<pin id="674" dir="1" index="3" bw="2" slack="0"/>
</pin_list>
<bind>
<opcode="select(49) " fcode="select"/>
<opset="new_dir/1 "/>
</bind>
</comp>

<comp id="678" class="1004" name="new_dir_1_fu_678">
<pin_list>
<pin id="679" dir="0" index="0" bw="11" slack="0"/>
<pin id="680" dir="0" index="1" bw="11" slack="0"/>
<pin id="681" dir="1" index="2" bw="1" slack="0"/>
</pin_list>
<bind>
<opcode="icmp(45) " fcode="icmp"/>
<opset="new_dir_1/1 "/>
</bind>
</comp>

<comp id="684" class="1004" name="zext_ln132_fu_684">
<pin_list>
<pin id="685" dir="0" index="0" bw="1" slack="0"/>
<pin id="686" dir="1" index="1" bw="2" slack="0"/>
</pin_list>
<bind>
<opcode="zext(34) " fcode="zext"/>
<opset="zext_ln132/1 "/>
</bind>
</comp>

<comp id="688" class="1004" name="new_dir_2_fu_688">
<pin_list>
<pin id="689" dir="0" index="0" bw="1" slack="0"/>
<pin id="690" dir="0" index="1" bw="2" slack="0"/>
<pin id="691" dir="0" index="2" bw="2" slack="0"/>
<pin id="692" dir="1" index="3" bw="2" slack="0"/>
</pin_list>
<bind>
<opcode="select(49) " fcode="select"/>
<opset="new_dir_2/1 "/>
</bind>
</comp>

<comp id="697" class="1004" name="icmp_ln136_fu_697">
<pin_list>
<pin id="698" dir="0" index="0" bw="2" slack="0"/>
<pin id="699" dir="0" index="1" bw="2" slack="0"/>
<pin id="700" dir="1" index="2" bw="1" slack="0"/>
</pin_list>
<bind>
<opcode="icmp(45) " fcode="icmp"/>
<opset="icmp_ln136/1 "/>
</bind>
</comp>

<comp id="703" class="1004" name="icmp_ln136_1_fu_703">
<pin_list>
<pin id="704" dir="0" index="0" bw="2" slack="0"/>
<pin id="705" dir="0" index="1" bw="2" slack="0"/>
<pin id="706" dir="1" index="2" bw="1" slack="0"/>
</pin_list>
<bind>
<opcode="icmp(45) " fcode="icmp"/>
<opset="icmp_ln136_1/1 "/>
</bind>
</comp>

<comp id="709" class="1004" name="and_ln136_fu_709">
<pin_list>
<pin id="710" dir="0" index="0" bw="1" slack="0"/>
<pin id="711" dir="0" index="1" bw="1" slack="0"/>
<pin id="712" dir="1" index="2" bw="1" slack="2147483647"/>
</pin_list>
<bind>
<opcode="and(23) " fcode="and"/>
<opset="and_ln136/1 "/>
</bind>
</comp>

<comp id="715" class="1004" name="icmp_ln137_fu_715">
<pin_list>
<pin id="716" dir="0" index="0" bw="2" slack="0"/>
<pin id="717" dir="0" index="1" bw="2" slack="0"/>
<pin id="718" dir="1" index="2" bw="1" slack="0"/>
</pin_list>
<bind>
<opcode="icmp(45) " fcode="icmp"/>
<opset="icmp_ln137/1 "/>
</bind>
</comp>

<comp id="721" class="1004" name="icmp_ln137_1_fu_721">
<pin_list>
<pin id="722" dir="0" index="0" bw="2" slack="0"/>
<pin id="723" dir="0" index="1" bw="2" slack="0"/>
<pin id="724" dir="1" index="2" bw="1" slack="0"/>
</pin_list>
<bind>
<opcode="icmp(45) " fcode="icmp"/>
<opset="icmp_ln137_1/1 "/>
</bind>
</comp>

<comp id="727" class="1004" name="and_ln137_fu_727">
<pin_list>
<pin id="728" dir="0" index="0" bw="1" slack="0"/>
<pin id="729" dir="0" index="1" bw="1" slack="0"/>
<pin id="730" dir="1" index="2" bw="1" slack="2147483647"/>
</pin_list>
<bind>
<opcode="and(23) " fcode="and"/>
<opset="and_ln137/1 "/>
</bind>
</comp>

<comp id="733" class="1004" name="icmp_ln138_fu_733">
<pin_list>
<pin id="734" dir="0" index="0" bw="2" slack="0"/>
<pin id="735" dir="0" index="1" bw="2" slack="0"/>
<pin id="736" dir="1" index="2" bw="1" slack="0"/>
</pin_list>
<bind>
<opcode="icmp(45) " fcode="icmp"/>
<opset="icmp_ln138/1 "/>
</bind>
</comp>

<comp id="739" class="1004" name="icmp_ln138_1_fu_739">
<pin_list>
<pin id="740" dir="0" index="0" bw="2" slack="0"/>
<pin id="741" dir="0" index="1" bw="2" slack="0"/>
<pin id="742" dir="1" index="2" bw="1" slack="0"/>
</pin_list>
<bind>
<opcode="icmp(45) " fcode="icmp"/>
<opset="icmp_ln138_1/1 "/>
</bind>
</comp>

<comp id="745" class="1004" name="and_ln138_fu_745">
<pin_list>
<pin id="746" dir="0" index="0" bw="1" slack="0"/>
<pin id="747" dir="0" index="1" bw="1" slack="0"/>
<pin id="748" dir="1" index="2" bw="1" slack="2147483647"/>
</pin_list>
<bind>
<opcode="and(23) " fcode="and"/>
<opset="and_ln138/1 "/>
</bind>
</comp>

<comp id="751" class="1004" name="icmp_ln139_fu_751">
<pin_list>
<pin id="752" dir="0" index="0" bw="2" slack="0"/>
<pin id="753" dir="0" index="1" bw="2" slack="0"/>
<pin id="754" dir="1" index="2" bw="1" slack="0"/>
</pin_list>
<bind>
<opcode="icmp(45) " fcode="icmp"/>
<opset="icmp_ln139/1 "/>
</bind>
</comp>

<comp id="757" class="1004" name="icmp_ln139_1_fu_757">
<pin_list>
<pin id="758" dir="0" index="0" bw="2" slack="0"/>
<pin id="759" dir="0" index="1" bw="2" slack="0"/>
<pin id="760" dir="1" index="2" bw="1" slack="0"/>
</pin_list>
<bind>
<opcode="icmp(45) " fcode="icmp"/>
<opset="icmp_ln139_1/1 "/>
</bind>
</comp>

<comp id="763" class="1004" name="reversal_fu_763">
<pin_list>
<pin id="764" dir="0" index="0" bw="1" slack="0"/>
<pin id="765" dir="0" index="1" bw="1" slack="0"/>
<pin id="766" dir="1" index="2" bw="1" slack="2147483647"/>
</pin_list>
<bind>
<opcode="and(23) " fcode="and"/>
<opset="reversal/1 "/>
</bind>
</comp>

<comp id="769" class="1004" name="store_ln142_store_fu_769">
<pin_list>
<pin id="770" dir="0" index="0" bw="2" slack="0"/>
<pin id="771" dir="0" index="1" bw="2" slack="0"/>
<pin id="772" dir="1" index="2" bw="0" slack="2147483647"/>
</pin_list>
<bind>
<opcode="store(28) " fcode="store"/>
<opset="store_ln142/1 "/>
</bind>
</comp>

<comp id="775" class="1004" name="add_ln148_fu_775">
<pin_list>
<pin id="776" dir="0" index="0" bw="4" slack="0"/>
<pin id="777" dir="0" index="1" bw="1" slack="0"/>
<pin id="778" dir="1" index="2" bw="4" slack="0"/>
</pin_list>
<bind>
<opcode="add(8) " fcode="add"/>
<opset="add_ln148/1 "/>
</bind>
</comp>

<comp id="781" class="1004" name="icmp_ln150_fu_781">
<pin_list>
<pin id="782" dir="0" index="0" bw="4" slack="0"/>
<pin id="783" dir="0" index="1" bw="4" slack="0"/>
<pin id="784" dir="1" index="2" bw="1" slack="7"/>
</pin_list>
<bind>
<opcode="icmp(45) " fcode="icmp"/>
<opset="icmp_ln150/1 "/>
</bind>
</comp>

<comp id="787" class="1004" name="store_ln78_store_fu_787">
<pin_list>
<pin id="788" dir="0" index="0" bw="3" slack="0"/>
<pin id="789" dir="0" index="1" bw="8" slack="0"/>
<pin id="790" dir="1" index="2" bw="0" slack="2147483647"/>
</pin_list>
<bind>
<opcode="store(28) " fcode="store"/>
<opset="store_ln78/7 "/>
</bind>
</comp>

<comp id="793" class="1004" name="store_ln79_store_fu_793">
<pin_list>
<pin id="794" dir="0" index="0" bw="1" slack="0"/>
<pin id="795" dir="0" index="1" bw="2" slack="0"/>
<pin id="796" dir="1" index="2" bw="0" slack="2147483647"/>
</pin_list>
<bind>
<opcode="store(28) " fcode="store"/>
<opset="store_ln79/7 "/>
</bind>
</comp>

<comp id="799" class="1004" name="store_ln80_store_fu_799">
<pin_list>
<pin id="800" dir="0" index="0" bw="1" slack="0"/>
<pin id="801" dir="0" index="1" bw="1" slack="0"/>
<pin id="802" dir="1" index="2" bw="0" slack="2147483647"/>
</pin_list>
<bind>
<opcode="store(28) " fcode="store"/>
<opset="store_ln80/7 "/>
</bind>
</comp>

<comp id="805" class="1004" name="store_ln83_store_fu_805">
<pin_list>
<pin id="806" dir="0" index="0" bw="1" slack="0"/>
<pin id="807" dir="0" index="1" bw="1" slack="0"/>
<pin id="808" dir="1" index="2" bw="0" slack="2147483647"/>
</pin_list>
<bind>
<opcode="store(28) " fcode="store"/>
<opset="store_ln83/7 "/>
</bind>
</comp>

<comp id="811" class="1004" name="or_ln_loc_load_load_fu_811">
<pin_list>
<pin id="812" dir="0" index="0" bw="16" slack="6"/>
<pin id="813" dir="1" index="1" bw="16" slack="0"/>
</pin_list>
<bind>
<opcode="load(27) " fcode="load"/>
<opset="or_ln_loc_load/7 "/>
</bind>
</comp>

<comp id="814" class="1004" name="r_5_loc_load_load_fu_814">
<pin_list>
<pin id="815" dir="0" index="0" bw="4" slack="6"/>
<pin id="816" dir="1" index="1" bw="4" slack="0"/>
</pin_list>
<bind>
<opcode="load(27) " fcode="load"/>
<opset="r_5_loc_load/7 "/>
</bind>
</comp>

<comp id="817" class="1004" name="c_6_loc_load_load_fu_817">
<pin_list>
<pin id="818" dir="0" index="0" bw="5" slack="6"/>
<pin id="819" dir="1" index="1" bw="5" slack="0"/>
</pin_list>
<bind>
<opcode="load(27) " fcode="load"/>
<opset="c_6_loc_load/7 "/>
</bind>
</comp>

<comp id="820" class="1004" name="store_ln28_store_fu_820">
<pin_list>
<pin id="821" dir="0" index="0" bw="16" slack="0"/>
<pin id="822" dir="0" index="1" bw="16" slack="0"/>
<pin id="823" dir="1" index="2" bw="0" slack="2147483647"/>
</pin_list>
<bind>
<opcode="store(28) " fcode="store"/>
<opset="store_ln28/7 "/>
</bind>
</comp>

<comp id="826" class="1004" name="store_ln100_store_fu_826">
<pin_list>
<pin id="827" dir="0" index="0" bw="5" slack="0"/>
<pin id="828" dir="0" index="1" bw="5" slack="0"/>
<pin id="829" dir="1" index="2" bw="0" slack="2147483647"/>
</pin_list>
<bind>
<opcode="store(28) " fcode="store"/>
<opset="store_ln100/7 "/>
</bind>
</comp>

<comp id="832" class="1004" name="store_ln100_store_fu_832">
<pin_list>
<pin id="833" dir="0" index="0" bw="4" slack="0"/>
<pin id="834" dir="0" index="1" bw="4" slack="0"/>
<pin id="835" dir="1" index="2" bw="0" slack="2147483647"/>
</pin_list>
<bind>
<opcode="store(28) " fcode="store"/>
<opset="store_ln100/7 "/>
</bind>
</comp>

<comp id="838" class="1004" name="icmp_ln158_fu_838">
<pin_list>
<pin id="839" dir="0" index="0" bw="2" slack="1"/>
<pin id="840" dir="0" index="1" bw="2" slack="0"/>
<pin id="841" dir="1" index="2" bw="1" slack="0"/>
</pin_list>
<bind>
<opcode="icmp(45) " fcode="icmp"/>
<opset="icmp_ln158/8 "/>
</bind>
</comp>

<comp id="844" class="1004" name="new_head_row_1_fu_844">
<pin_list>
<pin id="845" dir="0" index="0" bw="4" slack="0"/>
<pin id="846" dir="0" index="1" bw="1" slack="0"/>
<pin id="847" dir="1" index="2" bw="4" slack="0"/>
</pin_list>
<bind>
<opcode="add(8) " fcode="add"/>
<opset="new_head_row_1/8 "/>
</bind>
</comp>

<comp id="850" class="1004" name="new_head_row_2_fu_850">
<pin_list>
<pin id="851" dir="0" index="0" bw="1" slack="0"/>
<pin id="852" dir="0" index="1" bw="4" slack="0"/>
<pin id="853" dir="0" index="2" bw="4" slack="0"/>
<pin id="854" dir="1" index="3" bw="4" slack="0"/>
</pin_list>
<bind>
<opcode="select(49) " fcode="select"/>
<opset="new_head_row_2/8 "/>
</bind>
</comp>

<comp id="858" class="1004" name="icmp_ln160_fu_858">
<pin_list>
<pin id="859" dir="0" index="0" bw="2" slack="1"/>
<pin id="860" dir="0" index="1" bw="2" slack="0"/>
<pin id="861" dir="1" index="2" bw="1" slack="0"/>
</pin_list>
<bind>
<opcode="icmp(45) " fcode="icmp"/>
<opset="icmp_ln160/8 "/>
</bind>
</comp>

<comp id="864" class="1004" name="new_head_row_3_fu_864">
<pin_list>
<pin id="865" dir="0" index="0" bw="4" slack="0"/>
<pin id="866" dir="0" index="1" bw="1" slack="0"/>
<pin id="867" dir="1" index="2" bw="4" slack="0"/>
</pin_list>
<bind>
<opcode="add(8) " fcode="add"/>
<opset="new_head_row_3/8 "/>
</bind>
</comp>

<comp id="870" class="1004" name="new_head_row_4_fu_870">
<pin_list>
<pin id="871" dir="0" index="0" bw="1" slack="0"/>
<pin id="872" dir="0" index="1" bw="4" slack="0"/>
<pin id="873" dir="0" index="2" bw="4" slack="0"/>
<pin id="874" dir="1" index="3" bw="4" slack="0"/>
</pin_list>
<bind>
<opcode="select(49) " fcode="select"/>
<opset="new_head_row_4/8 "/>
</bind>
</comp>

<comp id="878" class="1004" name="icmp_ln162_fu_878">
<pin_list>
<pin id="879" dir="0" index="0" bw="2" slack="1"/>
<pin id="880" dir="0" index="1" bw="2" slack="0"/>
<pin id="881" dir="1" index="2" bw="1" slack="0"/>
</pin_list>
<bind>
<opcode="icmp(45) " fcode="icmp"/>
<opset="icmp_ln162/8 "/>
</bind>
</comp>

<comp id="884" class="1004" name="new_head_col_1_fu_884">
<pin_list>
<pin id="885" dir="0" index="0" bw="5" slack="0"/>
<pin id="886" dir="0" index="1" bw="1" slack="0"/>
<pin id="887" dir="1" index="2" bw="5" slack="0"/>
</pin_list>
<bind>
<opcode="add(8) " fcode="add"/>
<opset="new_head_col_1/8 "/>
</bind>
</comp>

<comp id="890" class="1004" name="new_head_col_2_fu_890">
<pin_list>
<pin id="891" dir="0" index="0" bw="1" slack="0"/>
<pin id="892" dir="0" index="1" bw="5" slack="0"/>
<pin id="893" dir="0" index="2" bw="5" slack="0"/>
<pin id="894" dir="1" index="3" bw="5" slack="0"/>
</pin_list>
<bind>
<opcode="select(49) " fcode="select"/>
<opset="new_head_col_2/8 "/>
</bind>
</comp>

<comp id="898" class="1004" name="icmp_ln164_fu_898">
<pin_list>
<pin id="899" dir="0" index="0" bw="2" slack="1"/>
<pin id="900" dir="0" index="1" bw="2" slack="0"/>
<pin id="901" dir="1" index="2" bw="1" slack="0"/>
</pin_list>
<bind>
<opcode="icmp(45) " fcode="icmp"/>
<opset="icmp_ln164/8 "/>
</bind>
</comp>

<comp id="904" class="1004" name="new_head_col_3_fu_904">
<pin_list>
<pin id="905" dir="0" index="0" bw="5" slack="0"/>
<pin id="906" dir="0" index="1" bw="1" slack="0"/>
<pin id="907" dir="1" index="2" bw="5" slack="0"/>
</pin_list>
<bind>
<opcode="add(8) " fcode="add"/>
<opset="new_head_col_3/8 "/>
</bind>
</comp>

<comp id="910" class="1004" name="new_head_col_4_fu_910">
<pin_list>
<pin id="911" dir="0" index="0" bw="1" slack="0"/>
<pin id="912" dir="0" index="1" bw="5" slack="0"/>
<pin id="913" dir="0" index="2" bw="5" slack="0"/>
<pin id="914" dir="1" index="3" bw="5" slack="0"/>
</pin_list>
<bind>
<opcode="select(49) " fcode="select"/>
<opset="new_head_col_4/8 "/>
</bind>
</comp>

<comp id="918" class="1004" name="icmp_ln171_fu_918">
<pin_list>
<pin id="919" dir="0" index="0" bw="5" slack="0"/>
<pin id="920" dir="0" index="1" bw="5" slack="0"/>
<pin id="921" dir="1" index="2" bw="1" slack="0"/>
</pin_list>
<bind>
<opcode="icmp(45) " fcode="icmp"/>
<opset="icmp_ln171/8 "/>
</bind>
</comp>

<comp id="924" class="1004" name="icmp_ln172_fu_924">
<pin_list>
<pin id="925" dir="0" index="0" bw="4" slack="0"/>
<pin id="926" dir="0" index="1" bw="4" slack="0"/>
<pin id="927" dir="1" index="2" bw="1" slack="0"/>
</pin_list>
<bind>
<opcode="icmp(45) " fcode="icmp"/>
<opset="icmp_ln172/8 "/>
</bind>
</comp>

<comp id="930" class="1004" name="wall_hit_fu_930">
<pin_list>
<pin id="931" dir="0" index="0" bw="1" slack="0"/>
<pin id="932" dir="0" index="1" bw="1" slack="0"/>
<pin id="933" dir="1" index="2" bw="1" slack="6"/>
</pin_list>
<bind>
<opcode="or(24) " fcode="or"/>
<opset="wall_hit/8 "/>
</bind>
</comp>

<comp id="936" class="1004" name="new_len_1_load_fu_936">
<pin_list>
<pin id="937" dir="0" index="0" bw="8" slack="0"/>
<pin id="938" dir="1" index="1" bw="8" slack="0"/>
</pin_list>
<bind>
<opcode="load(27) " fcode="load"/>
<opset="new_len_1/8 "/>
</bind>
</comp>

<comp id="940" class="1004" name="zext_ln188_fu_940">
<pin_list>
<pin id="941" dir="0" index="0" bw="8" slack="0"/>
<pin id="942" dir="1" index="1" bw="9" slack="0"/>
</pin_list>
<bind>
<opcode="zext(34) " fcode="zext"/>
<opset="zext_ln188/8 "/>
</bind>
</comp>

<comp id="944" class="1004" name="add_ln188_fu_944">
<pin_list>
<pin id="945" dir="0" index="0" bw="8" slack="0"/>
<pin id="946" dir="0" index="1" bw="1" slack="0"/>
<pin id="947" dir="1" index="2" bw="9" slack="0"/>
</pin_list>
<bind>
<opcode="add(8) " fcode="add"/>
<opset="add_ln188/8 "/>
</bind>
</comp>

<comp id="950" class="1004" name="sext_ln188_fu_950">
<pin_list>
<pin id="951" dir="0" index="0" bw="9" slack="0"/>
<pin id="952" dir="1" index="1" bw="64" slack="0"/>
</pin_list>
<bind>
<opcode="sext(35) " fcode="sext"/>
<opset="sext_ln188/8 "/>
</bind>
</comp>

<comp id="956" class="1004" name="zext_ln191_fu_956">
<pin_list>
<pin id="957" dir="0" index="0" bw="5" slack="0"/>
<pin id="958" dir="1" index="1" bw="9" slack="0"/>
</pin_list>
<bind>
<opcode="zext(34) " fcode="zext"/>
<opset="zext_ln191/8 "/>
</bind>
</comp>

<comp id="960" class="1004" name="p_shl1_fu_960">
<pin_list>
<pin id="961" dir="0" index="0" bw="9" slack="0"/>
<pin id="962" dir="0" index="1" bw="5" slack="0"/>
<pin id="963" dir="0" index="2" bw="1" slack="0"/>
<pin id="964" dir="1" index="3" bw="9" slack="0"/>
</pin_list>
<bind>
<opcode="bitconcatenate(1004) " fcode="bitconcatenate"/>
<opset="p_shl1/8 "/>
</bind>
</comp>

<comp id="968" class="1004" name="sub_ln191_fu_968">
<pin_list>
<pin id="969" dir="0" index="0" bw="9" slack="0"/>
<pin id="970" dir="0" index="1" bw="5" slack="0"/>
<pin id="971" dir="1" index="2" bw="9" slack="0"/>
</pin_list>
<bind>
<opcode="sub(10) " fcode="sub"/>
<opset="sub_ln191/8 "/>
</bind>
</comp>

<comp id="974" class="1004" name="zext_ln191_1_fu_974">
<pin_list>
<pin id="975" dir="0" index="0" bw="4" slack="0"/>
<pin id="976" dir="1" index="1" bw="9" slack="0"/>
</pin_list>
<bind>
<opcode="zext(34) " fcode="zext"/>
<opset="zext_ln191_1/8 "/>
</bind>
</comp>

<comp id="978" class="1004" name="add_ln191_fu_978">
<pin_list>
<pin id="979" dir="0" index="0" bw="9" slack="0"/>
<pin id="980" dir="0" index="1" bw="4" slack="0"/>
<pin id="981" dir="1" index="2" bw="9" slack="0"/>
</pin_list>
<bind>
<opcode="add(8) " fcode="add"/>
<opset="add_ln191/8 "/>
</bind>
</comp>

<comp id="984" class="1004" name="zext_ln191_2_fu_984">
<pin_list>
<pin id="985" dir="0" index="0" bw="9" slack="0"/>
<pin id="986" dir="1" index="1" bw="64" slack="0"/>
</pin_list>
<bind>
<opcode="zext(34) " fcode="zext"/>
<opset="zext_ln191_2/8 "/>
</bind>
</comp>

<comp id="989" class="1004" name="store_ln175_store_fu_989">
<pin_list>
<pin id="990" dir="0" index="0" bw="1" slack="0"/>
<pin id="991" dir="0" index="1" bw="1" slack="0"/>
<pin id="992" dir="1" index="2" bw="0" slack="2147483647"/>
</pin_list>
<bind>
<opcode="store(28) " fcode="store"/>
<opset="store_ln175/8 "/>
</bind>
</comp>

<comp id="995" class="1004" name="icmp_ln180_fu_995">
<pin_list>
<pin id="996" dir="0" index="0" bw="5" slack="1"/>
<pin id="997" dir="0" index="1" bw="5" slack="2"/>
<pin id="998" dir="1" index="2" bw="1" slack="0"/>
</pin_list>
<bind>
<opcode="icmp(45) " fcode="icmp"/>
<opset="icmp_ln180/9 "/>
</bind>
</comp>

<comp id="999" class="1004" name="icmp_ln181_fu_999">
<pin_list>
<pin id="1000" dir="0" index="0" bw="4" slack="1"/>
<pin id="1001" dir="0" index="1" bw="4" slack="2"/>
<pin id="1002" dir="1" index="2" bw="1" slack="0"/>
</pin_list>
<bind>
<opcode="icmp(45) " fcode="icmp"/>
<opset="icmp_ln181/9 "/>
</bind>
</comp>

<comp id="1003" class="1004" name="will_eat_fu_1003">
<pin_list>
<pin id="1004" dir="0" index="0" bw="1" slack="0"/>
<pin id="1005" dir="0" index="1" bw="1" slack="0"/>
<pin id="1006" dir="1" index="2" bw="1" slack="0"/>
</pin_list>
<bind>
<opcode="and(23) " fcode="and"/>
<opset="will_eat/9 "/>
</bind>
</comp>

<comp id="1009" class="1004" name="icmp_ln189_fu_1009">
<pin_list>
<pin id="1010" dir="0" index="0" bw="4" slack="1"/>
<pin id="1011" dir="0" index="1" bw="4" slack="0"/>
<pin id="1012" dir="1" index="2" bw="1" slack="0"/>
</pin_list>
<bind>
<opcode="icmp(45) " fcode="icmp"/>
<opset="icmp_ln189/9 "/>
</bind>
</comp>

<comp id="1014" class="1004" name="not_icmp_ln188_fu_1014">
<pin_list>
<pin id="1015" dir="0" index="0" bw="5" slack="1"/>
<pin id="1016" dir="0" index="1" bw="5" slack="0"/>
<pin id="1017" dir="1" index="2" bw="1" slack="0"/>
</pin_list>
<bind>
<opcode="icmp(45) " fcode="icmp"/>
<opset="not_icmp_ln188/9 "/>
</bind>
</comp>

<comp id="1019" class="1004" name="empty_fu_1019">
<pin_list>
<pin id="1020" dir="0" index="0" bw="1" slack="0"/>
<pin id="1021" dir="0" index="1" bw="1" slack="0"/>
<pin id="1022" dir="1" index="2" bw="1" slack="0"/>
</pin_list>
<bind>
<opcode="or(24) " fcode="or"/>
<opset="empty/9 "/>
</bind>
</comp>

<comp id="1025" class="1004" name="or_ln192_fu_1025">
<pin_list>
<pin id="1026" dir="0" index="0" bw="1" slack="0"/>
<pin id="1027" dir="0" index="1" bw="1" slack="0"/>
<pin id="1028" dir="1" index="2" bw="1" slack="0"/>
</pin_list>
<bind>
<opcode="or(24) " fcode="or"/>
<opset="or_ln192/9 "/>
</bind>
</comp>

<comp id="1031" class="1004" name="self_hit_fu_1031">
<pin_list>
<pin id="1032" dir="0" index="0" bw="1" slack="0"/>
<pin id="1033" dir="0" index="1" bw="1" slack="0"/>
<pin id="1034" dir="1" index="2" bw="1" slack="5"/>
</pin_list>
<bind>
<opcode="and(23) " fcode="and"/>
<opset="self_hit/9 "/>
</bind>
</comp>

<comp id="1037" class="1004" name="zext_ln199_fu_1037">
<pin_list>
<pin id="1038" dir="0" index="0" bw="5" slack="0"/>
<pin id="1039" dir="1" index="1" bw="9" slack="0"/>
</pin_list>
<bind>
<opcode="zext(34) " fcode="zext"/>
<opset="zext_ln199/9 "/>
</bind>
</comp>

<comp id="1041" class="1004" name="p_shl2_fu_1041">
<pin_list>
<pin id="1042" dir="0" index="0" bw="9" slack="0"/>
<pin id="1043" dir="0" index="1" bw="5" slack="0"/>
<pin id="1044" dir="0" index="2" bw="1" slack="0"/>
<pin id="1045" dir="1" index="3" bw="9" slack="0"/>
</pin_list>
<bind>
<opcode="bitconcatenate(1004) " fcode="bitconcatenate"/>
<opset="p_shl2/9 "/>
</bind>
</comp>

<comp id="1049" class="1004" name="sub_ln199_fu_1049">
<pin_list>
<pin id="1050" dir="0" index="0" bw="9" slack="0"/>
<pin id="1051" dir="0" index="1" bw="5" slack="0"/>
<pin id="1052" dir="1" index="2" bw="9" slack="0"/>
</pin_list>
<bind>
<opcode="sub(10) " fcode="sub"/>
<opset="sub_ln199/9 "/>
</bind>
</comp>

<comp id="1055" class="1004" name="zext_ln199_1_fu_1055">
<pin_list>
<pin id="1056" dir="0" index="0" bw="4" slack="0"/>
<pin id="1057" dir="1" index="1" bw="9" slack="0"/>
</pin_list>
<bind>
<opcode="zext(34) " fcode="zext"/>
<opset="zext_ln199_1/9 "/>
</bind>
</comp>

<comp id="1059" class="1004" name="add_ln199_fu_1059">
<pin_list>
<pin id="1060" dir="0" index="0" bw="9" slack="0"/>
<pin id="1061" dir="0" index="1" bw="4" slack="0"/>
<pin id="1062" dir="1" index="2" bw="9" slack="0"/>
</pin_list>
<bind>
<opcode="add(8) " fcode="add"/>
<opset="add_ln199/9 "/>
</bind>
</comp>

<comp id="1065" class="1004" name="zext_ln199_2_fu_1065">
<pin_list>
<pin id="1066" dir="0" index="0" bw="9" slack="0"/>
<pin id="1067" dir="1" index="1" bw="64" slack="0"/>
</pin_list>
<bind>
<opcode="zext(34) " fcode="zext"/>
<opset="zext_ln199_2/9 "/>
</bind>
</comp>

<comp id="1070" class="1004" name="new_len_fu_1070">
<pin_list>
<pin id="1071" dir="0" index="0" bw="8" slack="1"/>
<pin id="1072" dir="0" index="1" bw="1" slack="0"/>
<pin id="1073" dir="1" index="2" bw="9" slack="1"/>
</pin_list>
<bind>
<opcode="add(8) " fcode="add"/>
<opset="new_len/9 "/>
</bind>
</comp>

<comp id="1075" class="1004" name="store_ln195_store_fu_1075">
<pin_list>
<pin id="1076" dir="0" index="0" bw="1" slack="0"/>
<pin id="1077" dir="0" index="1" bw="1" slack="0"/>
<pin id="1078" dir="1" index="2" bw="0" slack="2147483647"/>
</pin_list>
<bind>
<opcode="store(28) " fcode="store"/>
<opset="store_ln195/9 "/>
</bind>
</comp>

<comp id="1081" class="1004" name="trunc_ln213_fu_1081">
<pin_list>
<pin id="1082" dir="0" index="0" bw="9" slack="0"/>
<pin id="1083" dir="1" index="1" bw="8" slack="0"/>
</pin_list>
<bind>
<opcode="trunc(33) " fcode="trunc"/>
<opset="trunc_ln213/10 "/>
</bind>
</comp>

<comp id="1085" class="1004" name="store_ln213_store_fu_1085">
<pin_list>
<pin id="1086" dir="0" index="0" bw="8" slack="0"/>
<pin id="1087" dir="0" index="1" bw="8" slack="0"/>
<pin id="1088" dir="1" index="2" bw="0" slack="2147483647"/>
</pin_list>
<bind>
<opcode="store(28) " fcode="store"/>
<opset="store_ln213/10 "/>
</bind>
</comp>

<comp id="1091" class="1004" name="lfsr_load_load_fu_1091">
<pin_list>
<pin id="1092" dir="0" index="0" bw="16" slack="0"/>
<pin id="1093" dir="1" index="1" bw="16" slack="0"/>
</pin_list>
<bind>
<opcode="load(27) " fcode="load"/>
<opset="lfsr_load/12 "/>
</bind>
</comp>

<comp id="1096" class="1004" name="or_ln14_1_loc_load_load_fu_1096">
<pin_list>
<pin id="1097" dir="0" index="0" bw="16" slack="7"/>
<pin id="1098" dir="1" index="1" bw="16" slack="0"/>
</pin_list>
<bind>
<opcode="load(27) " fcode="load"/>
<opset="or_ln14_1_loc_load/14 "/>
</bind>
</comp>

<comp id="1099" class="1004" name="r_6_loc_load_load_fu_1099">
<pin_list>
<pin id="1100" dir="0" index="0" bw="4" slack="7"/>
<pin id="1101" dir="1" index="1" bw="4" slack="0"/>
</pin_list>
<bind>
<opcode="load(27) " fcode="load"/>
<opset="r_6_loc_load/14 "/>
</bind>
</comp>

<comp id="1102" class="1004" name="c_7_loc_load_load_fu_1102">
<pin_list>
<pin id="1103" dir="0" index="0" bw="5" slack="7"/>
<pin id="1104" dir="1" index="1" bw="5" slack="0"/>
</pin_list>
<bind>
<opcode="load(27) " fcode="load"/>
<opset="c_7_loc_load/14 "/>
</bind>
</comp>

<comp id="1105" class="1004" name="store_ln28_store_fu_1105">
<pin_list>
<pin id="1106" dir="0" index="0" bw="16" slack="0"/>
<pin id="1107" dir="0" index="1" bw="16" slack="0"/>
<pin id="1108" dir="1" index="2" bw="0" slack="2147483647"/>
</pin_list>
<bind>
<opcode="store(28) " fcode="store"/>
<opset="store_ln28/14 "/>
</bind>
</comp>

<comp id="1111" class="1004" name="store_ln220_store_fu_1111">
<pin_list>
<pin id="1112" dir="0" index="0" bw="5" slack="0"/>
<pin id="1113" dir="0" index="1" bw="5" slack="0"/>
<pin id="1114" dir="1" index="2" bw="0" slack="2147483647"/>
</pin_list>
<bind>
<opcode="store(28) " fcode="store"/>
<opset="store_ln220/14 "/>
</bind>
</comp>

<comp id="1117" class="1004" name="store_ln220_store_fu_1117">
<pin_list>
<pin id="1118" dir="0" index="0" bw="4" slack="0"/>
<pin id="1119" dir="0" index="1" bw="4" slack="0"/>
<pin id="1120" dir="1" index="2" bw="0" slack="2147483647"/>
</pin_list>
<bind>
<opcode="store(28) " fcode="store"/>
<opset="store_ln220/14 "/>
</bind>
</comp>

<comp id="1123" class="1004" name="cell_col_fu_1123">
<pin_list>
<pin id="1124" dir="0" index="0" bw="5" slack="0"/>
<pin id="1125" dir="0" index="1" bw="10" slack="7"/>
<pin id="1126" dir="0" index="2" bw="4" slack="0"/>
<pin id="1127" dir="0" index="3" bw="5" slack="0"/>
<pin id="1128" dir="1" index="4" bw="5" slack="0"/>
</pin_list>
<bind>
<opcode="partselect(1002) " fcode="partselect"/>
<opset="cell_col/14 "/>
</bind>
</comp>

<comp id="1132" class="1004" name="cell_row_fu_1132">
<pin_list>
<pin id="1133" dir="0" index="0" bw="4" slack="0"/>
<pin id="1134" dir="0" index="1" bw="10" slack="7"/>
<pin id="1135" dir="0" index="2" bw="4" slack="0"/>
<pin id="1136" dir="0" index="3" bw="5" slack="0"/>
<pin id="1137" dir="1" index="4" bw="4" slack="0"/>
</pin_list>
<bind>
<opcode="partselect(1002) " fcode="partselect"/>
<opset="cell_row/14 "/>
</bind>
</comp>

<comp id="1141" class="1004" name="icmp_ln235_fu_1141">
<pin_list>
<pin id="1142" dir="0" index="0" bw="10" slack="7"/>
<pin id="1143" dir="0" index="1" bw="10" slack="0"/>
<pin id="1144" dir="1" index="2" bw="1" slack="0"/>
</pin_list>
<bind>
<opcode="icmp(45) " fcode="icmp"/>
<opset="icmp_ln235/14 "/>
</bind>
</comp>

<comp id="1146" class="1004" name="icmp_ln236_fu_1146">
<pin_list>
<pin id="1147" dir="0" index="0" bw="10" slack="7"/>
<pin id="1148" dir="0" index="1" bw="10" slack="0"/>
<pin id="1149" dir="1" index="2" bw="1" slack="0"/>
</pin_list>
<bind>
<opcode="icmp(45) " fcode="icmp"/>
<opset="icmp_ln236/14 "/>
</bind>
</comp>

<comp id="1151" class="1004" name="in_grid_fu_1151">
<pin_list>
<pin id="1152" dir="0" index="0" bw="1" slack="0"/>
<pin id="1153" dir="0" index="1" bw="1" slack="0"/>
<pin id="1154" dir="1" index="2" bw="1" slack="1"/>
</pin_list>
<bind>
<opcode="and(23) " fcode="and"/>
<opset="in_grid/14 "/>
</bind>
</comp>

<comp id="1157" class="1004" name="zext_ln238_fu_1157">
<pin_list>
<pin id="1158" dir="0" index="0" bw="5" slack="0"/>
<pin id="1159" dir="1" index="1" bw="9" slack="0"/>
</pin_list>
<bind>
<opcode="zext(34) " fcode="zext"/>
<opset="zext_ln238/14 "/>
</bind>
</comp>

<comp id="1161" class="1004" name="p_shl_fu_1161">
<pin_list>
<pin id="1162" dir="0" index="0" bw="9" slack="0"/>
<pin id="1163" dir="0" index="1" bw="5" slack="0"/>
<pin id="1164" dir="0" index="2" bw="1" slack="0"/>
<pin id="1165" dir="1" index="3" bw="9" slack="0"/>
</pin_list>
<bind>
<opcode="bitconcatenate(1004) " fcode="bitconcatenate"/>
<opset="p_shl/14 "/>
</bind>
</comp>

<comp id="1169" class="1004" name="sub_ln238_fu_1169">
<pin_list>
<pin id="1170" dir="0" index="0" bw="9" slack="0"/>
<pin id="1171" dir="0" index="1" bw="5" slack="0"/>
<pin id="1172" dir="1" index="2" bw="9" slack="0"/>
</pin_list>
<bind>
<opcode="sub(10) " fcode="sub"/>
<opset="sub_ln238/14 "/>
</bind>
</comp>

<comp id="1175" class="1004" name="zext_ln238_1_fu_1175">
<pin_list>
<pin id="1176" dir="0" index="0" bw="4" slack="0"/>
<pin id="1177" dir="1" index="1" bw="9" slack="0"/>
</pin_list>
<bind>
<opcode="zext(34) " fcode="zext"/>
<opset="zext_ln238_1/14 "/>
</bind>
</comp>

<comp id="1179" class="1004" name="add_ln238_fu_1179">
<pin_list>
<pin id="1180" dir="0" index="0" bw="9" slack="0"/>
<pin id="1181" dir="0" index="1" bw="4" slack="0"/>
<pin id="1182" dir="1" index="2" bw="9" slack="0"/>
</pin_list>
<bind>
<opcode="add(8) " fcode="add"/>
<opset="add_ln238/14 "/>
</bind>
</comp>

<comp id="1185" class="1004" name="zext_ln238_2_fu_1185">
<pin_list>
<pin id="1186" dir="0" index="0" bw="9" slack="0"/>
<pin id="1187" dir="1" index="1" bw="64" slack="0"/>
</pin_list>
<bind>
<opcode="zext(34) " fcode="zext"/>
<opset="zext_ln238_2/14 "/>
</bind>
</comp>

<comp id="1190" class="1004" name="is_snake_fu_1190">
<pin_list>
<pin id="1191" dir="0" index="0" bw="1" slack="1"/>
<pin id="1192" dir="0" index="1" bw="1" slack="0"/>
<pin id="1193" dir="1" index="2" bw="1" slack="0"/>
</pin_list>
<bind>
<opcode="and(23) " fcode="and"/>
<opset="is_snake/15 "/>
</bind>
</comp>

<comp id="1195" class="1004" name="icmp_ln240_fu_1195">
<pin_list>
<pin id="1196" dir="0" index="0" bw="5" slack="1"/>
<pin id="1197" dir="0" index="1" bw="5" slack="0"/>
<pin id="1198" dir="1" index="2" bw="1" slack="0"/>
</pin_list>
<bind>
<opcode="icmp(45) " fcode="icmp"/>
<opset="icmp_ln240/15 "/>
</bind>
</comp>

<comp id="1200" class="1004" name="or_ln243_fu_1200">
<pin_list>
<pin id="1201" dir="0" index="0" bw="1" slack="0"/>
<pin id="1202" dir="0" index="1" bw="1" slack="0"/>
<pin id="1203" dir="1" index="2" bw="1" slack="0"/>
</pin_list>
<bind>
<opcode="or(24) " fcode="or"/>
<opset="or_ln243/15 "/>
</bind>
</comp>

<comp id="1206" class="1004" name="icmp_ln241_fu_1206">
<pin_list>
<pin id="1207" dir="0" index="0" bw="4" slack="1"/>
<pin id="1208" dir="0" index="1" bw="4" slack="0"/>
<pin id="1209" dir="1" index="2" bw="1" slack="0"/>
</pin_list>
<bind>
<opcode="icmp(45) " fcode="icmp"/>
<opset="icmp_ln241/15 "/>
</bind>
</comp>

<comp id="1211" class="1004" name="and_ln239_fu_1211">
<pin_list>
<pin id="1212" dir="0" index="0" bw="1" slack="0"/>
<pin id="1213" dir="0" index="1" bw="1" slack="0"/>
<pin id="1214" dir="1" index="2" bw="1" slack="0"/>
</pin_list>
<bind>
<opcode="and(23) " fcode="and"/>
<opset="and_ln239/15 "/>
</bind>
</comp>

<comp id="1217" class="1004" name="and_ln239_1_fu_1217">
<pin_list>
<pin id="1218" dir="0" index="0" bw="1" slack="0"/>
<pin id="1219" dir="0" index="1" bw="1" slack="1"/>
<pin id="1220" dir="1" index="2" bw="1" slack="0"/>
</pin_list>
<bind>
<opcode="and(23) " fcode="and"/>
<opset="and_ln239_1/15 "/>
</bind>
</comp>

<comp id="1222" class="1004" name="select_ln243_fu_1222">
<pin_list>
<pin id="1223" dir="0" index="0" bw="1" slack="0"/>
<pin id="1224" dir="0" index="1" bw="1" slack="0"/>
<pin id="1225" dir="0" index="2" bw="1" slack="0"/>
<pin id="1226" dir="1" index="3" bw="1" slack="0"/>
</pin_list>
<bind>
<opcode="select(49) " fcode="select"/>
<opset="select_ln243/15 "/>
</bind>
</comp>

<comp id="1231" class="1004" name="xor_ln243_fu_1231">
<pin_list>
<pin id="1232" dir="0" index="0" bw="1" slack="0"/>
<pin id="1233" dir="0" index="1" bw="1" slack="0"/>
<pin id="1234" dir="1" index="2" bw="1" slack="0"/>
</pin_list>
<bind>
<opcode="xor(25) " fcode="xor"/>
<opset="xor_ln243/15 "/>
</bind>
</comp>

<comp id="1238" class="1004" name="or_ln243_1_fu_1238">
<pin_list>
<pin id="1239" dir="0" index="0" bw="1" slack="0"/>
<pin id="1240" dir="0" index="1" bw="1" slack="0"/>
<pin id="1241" dir="1" index="2" bw="1" slack="0"/>
</pin_list>
<bind>
<opcode="or(24) " fcode="or"/>
<opset="or_ln243_1/15 "/>
</bind>
</comp>

<comp id="1244" class="1004" name="select_ln243_1_fu_1244">
<pin_list>
<pin id="1245" dir="0" index="0" bw="1" slack="0"/>
<pin id="1246" dir="0" index="1" bw="8" slack="0"/>
<pin id="1247" dir="0" index="2" bw="8" slack="0"/>
<pin id="1248" dir="1" index="3" bw="8" slack="0"/>
</pin_list>
<bind>
<opcode="select(49) " fcode="select"/>
<opset="select_ln243_1/15 "/>
</bind>
</comp>

<comp id="1253" class="1004" name="storemerge1_cast_fu_1253">
<pin_list>
<pin id="1254" dir="0" index="0" bw="8" slack="0"/>
<pin id="1255" dir="1" index="1" bw="10" slack="0"/>
</pin_list>
<bind>
<opcode="zext(34) " fcode="zext"/>
<opset="storemerge1_cast/15 "/>
</bind>
</comp>

<comp id="1258" class="1004" name="storemerge_cast_fu_1258">
<pin_list>
<pin id="1259" dir="0" index="0" bw="1" slack="0"/>
<pin id="1260" dir="0" index="1" bw="10" slack="0"/>
<pin id="1261" dir="0" index="2" bw="10" slack="0"/>
<pin id="1262" dir="1" index="3" bw="10" slack="0"/>
</pin_list>
<bind>
<opcode="select(49) " fcode="select"/>
<opset="storemerge_cast/15 "/>
</bind>
</comp>

<comp id="1267" class="1004" name="storemerge2_cast_fu_1267">
<pin_list>
<pin id="1268" dir="0" index="0" bw="1" slack="0"/>
<pin id="1269" dir="0" index="1" bw="10" slack="0"/>
<pin id="1270" dir="0" index="2" bw="10" slack="0"/>
<pin id="1271" dir="1" index="3" bw="10" slack="0"/>
</pin_list>
<bind>
<opcode="select(49) " fcode="select"/>
<opset="storemerge2_cast/15 "/>
</bind>
</comp>

<comp id="1276" class="1004" name="store_ln81_store_fu_1276">
<pin_list>
<pin id="1277" dir="0" index="0" bw="4" slack="0"/>
<pin id="1278" dir="0" index="1" bw="4" slack="0"/>
<pin id="1279" dir="1" index="2" bw="0" slack="2147483647"/>
</pin_list>
<bind>
<opcode="store(28) " fcode="store"/>
<opset="store_ln81/15 "/>
</bind>
</comp>

<comp id="1282" class="1005" name="rst_n_read_reg_1282">
<pin_list>
<pin id="1283" dir="0" index="0" bw="1" slack="8"/>
<pin id="1284" dir="1" index="1" bw="1" slack="2147483647"/>
</pin_list>
<bind>
<opset="rst_n_read "/>
</bind>
</comp>

<comp id="1286" class="1005" name="vga_y_read_reg_1286">
<pin_list>
<pin id="1287" dir="0" index="0" bw="10" slack="7"/>
<pin id="1288" dir="1" index="1" bw="10" slack="7"/>
</pin_list>
<bind>
<opset="vga_y_read "/>
</bind>
</comp>

<comp id="1292" class="1005" name="vga_x_read_reg_1292">
<pin_list>
<pin id="1293" dir="0" index="0" bw="10" slack="7"/>
<pin id="1294" dir="1" index="1" bw="10" slack="7"/>
</pin_list>
<bind>
<opset="vga_x_read "/>
</bind>
</comp>

<comp id="1301" class="1005" name="c_7_loc_reg_1301">
<pin_list>
<pin id="1302" dir="0" index="0" bw="5" slack="5"/>
<pin id="1303" dir="1" index="1" bw="5" slack="5"/>
</pin_list>
<bind>
<opset="c_7_loc "/>
</bind>
</comp>

<comp id="1307" class="1005" name="r_6_loc_reg_1307">
<pin_list>
<pin id="1308" dir="0" index="0" bw="4" slack="5"/>
<pin id="1309" dir="1" index="1" bw="4" slack="5"/>
</pin_list>
<bind>
<opset="r_6_loc "/>
</bind>
</comp>

<comp id="1313" class="1005" name="or_ln14_1_loc_reg_1313">
<pin_list>
<pin id="1314" dir="0" index="0" bw="16" slack="5"/>
<pin id="1315" dir="1" index="1" bw="16" slack="5"/>
</pin_list>
<bind>
<opset="or_ln14_1_loc "/>
</bind>
</comp>

<comp id="1319" class="1005" name="c_6_loc_reg_1319">
<pin_list>
<pin id="1320" dir="0" index="0" bw="5" slack="4"/>
<pin id="1321" dir="1" index="1" bw="5" slack="4"/>
</pin_list>
<bind>
<opset="c_6_loc "/>
</bind>
</comp>

<comp id="1325" class="1005" name="r_5_loc_reg_1325">
<pin_list>
<pin id="1326" dir="0" index="0" bw="4" slack="4"/>
<pin id="1327" dir="1" index="1" bw="4" slack="4"/>
</pin_list>
<bind>
<opset="r_5_loc "/>
</bind>
</comp>

<comp id="1331" class="1005" name="or_ln_loc_reg_1331">
<pin_list>
<pin id="1332" dir="0" index="0" bw="16" slack="4"/>
<pin id="1333" dir="1" index="1" bw="16" slack="4"/>
</pin_list>
<bind>
<opset="or_ln_loc "/>
</bind>
</comp>

<comp id="1337" class="1005" name="st_food_col_load_reg_1337">
<pin_list>
<pin id="1338" dir="0" index="0" bw="5" slack="2"/>
<pin id="1339" dir="1" index="1" bw="5" slack="2"/>
</pin_list>
<bind>
<opset="st_food_col_load "/>
</bind>
</comp>

<comp id="1347" class="1005" name="st_food_row_load_reg_1347">
<pin_list>
<pin id="1348" dir="0" index="0" bw="4" slack="2"/>
<pin id="1349" dir="1" index="1" bw="4" slack="2"/>
</pin_list>
<bind>
<opset="st_food_row_load "/>
</bind>
</comp>

<comp id="1357" class="1005" name="st_game_over_load_reg_1357">
<pin_list>
<pin id="1358" dir="0" index="0" bw="1" slack="8"/>
<pin id="1359" dir="1" index="1" bw="1" slack="8"/>
</pin_list>
<bind>
<opset="st_game_over_load "/>
</bind>
</comp>

<comp id="1365" class="1005" name="and_ln112_reg_1365">
<pin_list>
<pin id="1366" dir="0" index="0" bw="1" slack="7"/>
<pin id="1367" dir="1" index="1" bw="1" slack="2147483647"/>
</pin_list>
<bind>
<opset="and_ln112 "/>
</bind>
</comp>

<comp id="1381" class="1005" name="add_ln148_reg_1381">
<pin_list>
<pin id="1382" dir="0" index="0" bw="4" slack="8"/>
<pin id="1383" dir="1" index="1" bw="4" slack="8"/>
</pin_list>
<bind>
<opset="add_ln148 "/>
</bind>
</comp>

<comp id="1386" class="1005" name="icmp_ln150_reg_1386">
<pin_list>
<pin id="1387" dir="0" index="0" bw="1" slack="7"/>
<pin id="1388" dir="1" index="1" bw="1" slack="2147483647"/>
</pin_list>
<bind>
<opset="icmp_ln150 "/>
</bind>
</comp>

<comp id="1390" class="1005" name="new_head_row_4_reg_1390">
<pin_list>
<pin id="1391" dir="0" index="0" bw="4" slack="1"/>
<pin id="1392" dir="1" index="1" bw="4" slack="1"/>
</pin_list>
<bind>
<opset="new_head_row_4 "/>
</bind>
</comp>

<comp id="1397" class="1005" name="new_head_col_4_reg_1397">
<pin_list>
<pin id="1398" dir="0" index="0" bw="5" slack="1"/>
<pin id="1399" dir="1" index="1" bw="5" slack="1"/>
</pin_list>
<bind>
<opset="new_head_col_4 "/>
</bind>
</comp>

<comp id="1404" class="1005" name="wall_hit_reg_1404">
<pin_list>
<pin id="1405" dir="0" index="0" bw="1" slack="6"/>
<pin id="1406" dir="1" index="1" bw="1" slack="2147483647"/>
</pin_list>
<bind>
<opset="wall_hit "/>
</bind>
</comp>

<comp id="1408" class="1005" name="zext_ln188_reg_1408">
<pin_list>
<pin id="1409" dir="0" index="0" bw="9" slack="1"/>
<pin id="1410" dir="1" index="1" bw="9" slack="1"/>
</pin_list>
<bind>
<opset="zext_ln188 "/>
</bind>
</comp>

<comp id="1414" class="1005" name="st_body_col_addr_reg_1414">
<pin_list>
<pin id="1415" dir="0" index="0" bw="9" slack="1"/>
<pin id="1416" dir="1" index="1" bw="9" slack="1"/>
</pin_list>
<bind>
<opset="st_body_col_addr "/>
</bind>
</comp>

<comp id="1419" class="1005" name="st_body_row_addr_reg_1419">
<pin_list>
<pin id="1420" dir="0" index="0" bw="9" slack="1"/>
<pin id="1421" dir="1" index="1" bw="9" slack="1"/>
</pin_list>
<bind>
<opset="st_body_row_addr "/>
</bind>
</comp>

<comp id="1424" class="1005" name="grid_addr_reg_1424">
<pin_list>
<pin id="1425" dir="0" index="0" bw="9" slack="1"/>
<pin id="1426" dir="1" index="1" bw="9" slack="1"/>
</pin_list>
<bind>
<opset="grid_addr "/>
</bind>
</comp>

<comp id="1429" class="1005" name="will_eat_reg_1429">
<pin_list>
<pin id="1430" dir="0" index="0" bw="1" slack="3"/>
<pin id="1431" dir="1" index="1" bw="1" slack="2147483647"/>
</pin_list>
<bind>
<opset="will_eat "/>
</bind>
</comp>

<comp id="1433" class="1005" name="self_hit_reg_1433">
<pin_list>
<pin id="1434" dir="0" index="0" bw="1" slack="5"/>
<pin id="1435" dir="1" index="1" bw="1" slack="2147483647"/>
</pin_list>
<bind>
<opset="self_hit "/>
</bind>
</comp>

<comp id="1437" class="1005" name="new_len_reg_1437">
<pin_list>
<pin id="1438" dir="0" index="0" bw="9" slack="1"/>
<pin id="1439" dir="1" index="1" bw="9" slack="1"/>
</pin_list>
<bind>
<opset="new_len "/>
</bind>
</comp>

<comp id="1451" class="1005" name="cell_col_reg_1451">
<pin_list>
<pin id="1452" dir="0" index="0" bw="5" slack="1"/>
<pin id="1453" dir="1" index="1" bw="5" slack="1"/>
</pin_list>
<bind>
<opset="cell_col "/>
</bind>
</comp>

<comp id="1456" class="1005" name="cell_row_reg_1456">
<pin_list>
<pin id="1457" dir="0" index="0" bw="4" slack="1"/>
<pin id="1458" dir="1" index="1" bw="4" slack="1"/>
</pin_list>
<bind>
<opset="cell_row "/>
</bind>
</comp>

<comp id="1461" class="1005" name="in_grid_reg_1461">
<pin_list>
<pin id="1462" dir="0" index="0" bw="1" slack="1"/>
<pin id="1463" dir="1" index="1" bw="1" slack="1"/>
</pin_list>
<bind>
<opset="in_grid "/>
</bind>
</comp>

<comp id="1467" class="1005" name="grid_addr_2_reg_1467">
<pin_list>
<pin id="1468" dir="0" index="0" bw="9" slack="1"/>
<pin id="1469" dir="1" index="1" bw="9" slack="1"/>
</pin_list>
<bind>
<opset="grid_addr_2 "/>
</bind>
</comp>

</comp_list>

<net_list>
<net id="157"><net_src comp="46" pin="0"/><net_sink comp="154" pin=0"/></net>

<net id="161"><net_src comp="46" pin="0"/><net_sink comp="158" pin=0"/></net>

<net id="165"><net_src comp="46" pin="0"/><net_sink comp="162" pin=0"/></net>

<net id="169"><net_src comp="46" pin="0"/><net_sink comp="166" pin=0"/></net>

<net id="173"><net_src comp="46" pin="0"/><net_sink comp="170" pin=0"/></net>

<net id="177"><net_src comp="46" pin="0"/><net_sink comp="174" pin=0"/></net>

<net id="182"><net_src comp="42" pin="0"/><net_sink comp="178" pin=0"/></net>

<net id="183"><net_src comp="12" pin="0"/><net_sink comp="178" pin=1"/></net>

<net id="188"><net_src comp="42" pin="0"/><net_sink comp="184" pin=0"/></net>

<net id="189"><net_src comp="10" pin="0"/><net_sink comp="184" pin=1"/></net>

<net id="194"><net_src comp="44" pin="0"/><net_sink comp="190" pin=0"/></net>

<net id="195"><net_src comp="8" pin="0"/><net_sink comp="190" pin=1"/></net>

<net id="200"><net_src comp="44" pin="0"/><net_sink comp="196" pin=0"/></net>

<net id="201"><net_src comp="6" pin="0"/><net_sink comp="196" pin=1"/></net>

<net id="206"><net_src comp="42" pin="0"/><net_sink comp="202" pin=0"/></net>

<net id="207"><net_src comp="4" pin="0"/><net_sink comp="202" pin=1"/></net>

<net id="212"><net_src comp="44" pin="0"/><net_sink comp="208" pin=0"/></net>

<net id="213"><net_src comp="2" pin="0"/><net_sink comp="208" pin=1"/></net>

<net id="218"><net_src comp="44" pin="0"/><net_sink comp="214" pin=0"/></net>

<net id="219"><net_src comp="0" pin="0"/><net_sink comp="214" pin=1"/></net>

<net id="225"><net_src comp="152" pin="0"/><net_sink comp="220" pin=0"/></net>

<net id="226"><net_src comp="14" pin="0"/><net_sink comp="220" pin=1"/></net>

<net id="232"><net_src comp="152" pin="0"/><net_sink comp="227" pin=0"/></net>

<net id="233"><net_src comp="16" pin="0"/><net_sink comp="227" pin=1"/></net>

<net id="239"><net_src comp="152" pin="0"/><net_sink comp="234" pin=0"/></net>

<net id="240"><net_src comp="18" pin="0"/><net_sink comp="234" pin=1"/></net>

<net id="246"><net_src comp="94" pin="0"/><net_sink comp="241" pin=0"/></net>

<net id="252"><net_src comp="96" pin="0"/><net_sink comp="247" pin=0"/></net>

<net id="258"><net_src comp="36" pin="0"/><net_sink comp="253" pin=0"/></net>

<net id="259"><net_src comp="116" pin="0"/><net_sink comp="253" pin=1"/></net>

<net id="260"><net_src comp="253" pin="3"/><net_sink comp="241" pin=0"/></net>

<net id="266"><net_src comp="38" pin="0"/><net_sink comp="261" pin=0"/></net>

<net id="267"><net_src comp="116" pin="0"/><net_sink comp="261" pin=1"/></net>

<net id="268"><net_src comp="261" pin="3"/><net_sink comp="247" pin=0"/></net>

<net id="274"><net_src comp="28" pin="0"/><net_sink comp="269" pin=0"/></net>

<net id="275"><net_src comp="116" pin="0"/><net_sink comp="269" pin=1"/></net>

<net id="281"><net_src comp="269" pin="3"/><net_sink comp="276" pin=0"/></net>

<net id="287"><net_src comp="28" pin="0"/><net_sink comp="282" pin=0"/></net>

<net id="288"><net_src comp="116" pin="0"/><net_sink comp="282" pin=1"/></net>

<net id="289"><net_src comp="106" pin="0"/><net_sink comp="276" pin=1"/></net>

<net id="290"><net_src comp="282" pin="3"/><net_sink comp="276" pin=0"/></net>

<net id="291"><net_src comp="66" pin="0"/><net_sink comp="276" pin=1"/></net>

<net id="297"><net_src comp="28" pin="0"/><net_sink comp="292" pin=0"/></net>

<net id="298"><net_src comp="116" pin="0"/><net_sink comp="292" pin=1"/></net>

<net id="299"><net_src comp="292" pin="3"/><net_sink comp="276" pin=0"/></net>

<net id="317"><net_src comp="303" pin="12"/><net_sink comp="300" pin=0"/></net>

<net id="327"><net_src comp="321" pin="4"/><net_sink comp="318" pin=0"/></net>

<net id="331"><net_src comp="66" pin="0"/><net_sink comp="328" pin=0"/></net>

<net id="332"><net_src comp="106" pin="0"/><net_sink comp="328" pin=0"/></net>

<net id="347"><net_src comp="328" pin="1"/><net_sink comp="333" pin=0"/></net>

<net id="348"><net_src comp="328" pin="1"/><net_sink comp="333" pin=2"/></net>

<net id="349"><net_src comp="328" pin="1"/><net_sink comp="333" pin=4"/></net>

<net id="350"><net_src comp="328" pin="1"/><net_sink comp="333" pin=6"/></net>

<net id="351"><net_src comp="328" pin="1"/><net_sink comp="333" pin=8"/></net>

<net id="352"><net_src comp="328" pin="1"/><net_sink comp="333" pin=10"/></net>

<net id="356"><net_src comp="120" pin="0"/><net_sink comp="353" pin=0"/></net>

<net id="357"><net_src comp="142" pin="0"/><net_sink comp="353" pin=0"/></net>

<net id="372"><net_src comp="353" pin="1"/><net_sink comp="358" pin=0"/></net>

<net id="373"><net_src comp="353" pin="1"/><net_sink comp="358" pin=2"/></net>

<net id="374"><net_src comp="353" pin="1"/><net_sink comp="358" pin=6"/></net>

<net id="375"><net_src comp="353" pin="1"/><net_sink comp="358" pin=8"/></net>

<net id="376"><net_src comp="353" pin="1"/><net_sink comp="358" pin=10"/></net>

<net id="414"><net_src comp="66" pin="0"/><net_sink comp="411" pin=0"/></net>

<net id="429"><net_src comp="411" pin="1"/><net_sink comp="415" pin=0"/></net>

<net id="430"><net_src comp="411" pin="1"/><net_sink comp="415" pin=2"/></net>

<net id="434"><net_src comp="66" pin="0"/><net_sink comp="431" pin=0"/></net>

<net id="441"><net_src comp="333" pin="12"/><net_sink comp="435" pin=0"/></net>

<net id="442"><net_src comp="431" pin="1"/><net_sink comp="435" pin=2"/></net>

<net id="446"><net_src comp="120" pin="0"/><net_sink comp="443" pin=0"/></net>

<net id="453"><net_src comp="358" pin="12"/><net_sink comp="447" pin=0"/></net>

<net id="454"><net_src comp="443" pin="1"/><net_sink comp="447" pin=2"/></net>

<net id="458"><net_src comp="106" pin="0"/><net_sink comp="455" pin=0"/></net>

<net id="465"><net_src comp="455" pin="1"/><net_sink comp="459" pin=2"/></net>

<net id="469"><net_src comp="106" pin="0"/><net_sink comp="466" pin=0"/></net>

<net id="476"><net_src comp="466" pin="1"/><net_sink comp="470" pin=2"/></net>

<net id="480"><net_src comp="144" pin="0"/><net_sink comp="477" pin=0"/></net>

<net id="487"><net_src comp="477" pin="1"/><net_sink comp="481" pin=2"/></net>

<net id="492"><net_src comp="64" pin="0"/><net_sink comp="488" pin=0"/></net>

<net id="493"><net_src comp="28" pin="0"/><net_sink comp="488" pin=1"/></net>

<net id="500"><net_src comp="98" pin="0"/><net_sink comp="494" pin=0"/></net>

<net id="501"><net_src comp="36" pin="0"/><net_sink comp="494" pin=1"/></net>

<net id="502"><net_src comp="38" pin="0"/><net_sink comp="494" pin=2"/></net>

<net id="503"><net_src comp="28" pin="0"/><net_sink comp="494" pin=3"/></net>

<net id="509"><net_src comp="100" pin="0"/><net_sink comp="504" pin=0"/></net>

<net id="510"><net_src comp="36" pin="0"/><net_sink comp="504" pin=1"/></net>

<net id="511"><net_src comp="38" pin="0"/><net_sink comp="504" pin=2"/></net>

<net id="519"><net_src comp="102" pin="0"/><net_sink comp="512" pin=0"/></net>

<net id="520"><net_src comp="28" pin="0"/><net_sink comp="512" pin=4"/></net>

<net id="527"><net_src comp="124" pin="0"/><net_sink comp="521" pin=0"/></net>

<net id="528"><net_src comp="321" pin="4"/><net_sink comp="521" pin=1"/></net>

<net id="529"><net_src comp="36" pin="0"/><net_sink comp="521" pin=2"/></net>

<net id="530"><net_src comp="38" pin="0"/><net_sink comp="521" pin=3"/></net>

<net id="539"><net_src comp="126" pin="0"/><net_sink comp="531" pin=0"/></net>

<net id="540"><net_src comp="28" pin="0"/><net_sink comp="531" pin=5"/></net>

<net id="544"><net_src comp="20" pin="0"/><net_sink comp="541" pin=0"/></net>

<net id="545"><net_src comp="541" pin="1"/><net_sink comp="303" pin=0"/></net>

<net id="546"><net_src comp="541" pin="1"/><net_sink comp="303" pin=2"/></net>

<net id="547"><net_src comp="541" pin="1"/><net_sink comp="303" pin=4"/></net>

<net id="548"><net_src comp="541" pin="1"/><net_sink comp="303" pin=6"/></net>

<net id="549"><net_src comp="541" pin="1"/><net_sink comp="303" pin=8"/></net>

<net id="553"><net_src comp="22" pin="0"/><net_sink comp="550" pin=0"/></net>

<net id="557"><net_src comp="24" pin="0"/><net_sink comp="554" pin=0"/></net>

<net id="561"><net_src comp="26" pin="0"/><net_sink comp="558" pin=0"/></net>

<net id="565"><net_src comp="34" pin="0"/><net_sink comp="562" pin=0"/></net>

<net id="570"><net_src comp="184" pin="2"/><net_sink comp="566" pin=0"/></net>

<net id="571"><net_src comp="34" pin="0"/><net_sink comp="566" pin=1"/></net>

<net id="575"><net_src comp="32" pin="0"/><net_sink comp="572" pin=0"/></net>

<net id="580"><net_src comp="572" pin="1"/><net_sink comp="576" pin=0"/></net>

<net id="581"><net_src comp="184" pin="2"/><net_sink comp="576" pin=1"/></net>

<net id="586"><net_src comp="576" pin="2"/><net_sink comp="582" pin=0"/></net>

<net id="587"><net_src comp="66" pin="0"/><net_sink comp="582" pin=1"/></net>

<net id="592"><net_src comp="562" pin="1"/><net_sink comp="588" pin=0"/></net>

<net id="593"><net_src comp="582" pin="2"/><net_sink comp="588" pin=1"/></net>

<net id="597"><net_src comp="214" pin="2"/><net_sink comp="594" pin=0"/></net>

<net id="602"><net_src comp="594" pin="1"/><net_sink comp="598" pin=0"/></net>

<net id="603"><net_src comp="68" pin="0"/><net_sink comp="598" pin=1"/></net>

<net id="607"><net_src comp="208" pin="2"/><net_sink comp="604" pin=0"/></net>

<net id="612"><net_src comp="604" pin="1"/><net_sink comp="608" pin=0"/></net>

<net id="613"><net_src comp="70" pin="0"/><net_sink comp="608" pin=1"/></net>

<net id="619"><net_src comp="72" pin="0"/><net_sink comp="614" pin=0"/></net>

<net id="620"><net_src comp="598" pin="2"/><net_sink comp="614" pin=1"/></net>

<net id="621"><net_src comp="74" pin="0"/><net_sink comp="614" pin=2"/></net>

<net id="626"><net_src comp="76" pin="0"/><net_sink comp="622" pin=0"/></net>

<net id="627"><net_src comp="594" pin="1"/><net_sink comp="622" pin=1"/></net>

<net id="633"><net_src comp="614" pin="3"/><net_sink comp="628" pin=0"/></net>

<net id="634"><net_src comp="622" pin="2"/><net_sink comp="628" pin=1"/></net>

<net id="635"><net_src comp="598" pin="2"/><net_sink comp="628" pin=2"/></net>

<net id="641"><net_src comp="72" pin="0"/><net_sink comp="636" pin=0"/></net>

<net id="642"><net_src comp="608" pin="2"/><net_sink comp="636" pin=1"/></net>

<net id="643"><net_src comp="74" pin="0"/><net_sink comp="636" pin=2"/></net>

<net id="648"><net_src comp="78" pin="0"/><net_sink comp="644" pin=0"/></net>

<net id="649"><net_src comp="604" pin="1"/><net_sink comp="644" pin=1"/></net>

<net id="655"><net_src comp="636" pin="3"/><net_sink comp="650" pin=0"/></net>

<net id="656"><net_src comp="644" pin="2"/><net_sink comp="650" pin=1"/></net>

<net id="657"><net_src comp="608" pin="2"/><net_sink comp="650" pin=2"/></net>

<net id="662"><net_src comp="628" pin="3"/><net_sink comp="658" pin=0"/></net>

<net id="663"><net_src comp="650" pin="3"/><net_sink comp="658" pin=1"/></net>

<net id="668"><net_src comp="598" pin="2"/><net_sink comp="664" pin=0"/></net>

<net id="669"><net_src comp="80" pin="0"/><net_sink comp="664" pin=1"/></net>

<net id="675"><net_src comp="664" pin="2"/><net_sink comp="670" pin=0"/></net>

<net id="676"><net_src comp="82" pin="0"/><net_sink comp="670" pin=1"/></net>

<net id="677"><net_src comp="84" pin="0"/><net_sink comp="670" pin=2"/></net>

<net id="682"><net_src comp="608" pin="2"/><net_sink comp="678" pin=0"/></net>

<net id="683"><net_src comp="80" pin="0"/><net_sink comp="678" pin=1"/></net>

<net id="687"><net_src comp="678" pin="2"/><net_sink comp="684" pin=0"/></net>

<net id="693"><net_src comp="658" pin="2"/><net_sink comp="688" pin=0"/></net>

<net id="694"><net_src comp="670" pin="3"/><net_sink comp="688" pin=1"/></net>

<net id="695"><net_src comp="684" pin="1"/><net_sink comp="688" pin=2"/></net>

<net id="696"><net_src comp="688" pin="3"/><net_sink comp="303" pin=10"/></net>

<net id="701"><net_src comp="688" pin="3"/><net_sink comp="697" pin=0"/></net>

<net id="702"><net_src comp="86" pin="0"/><net_sink comp="697" pin=1"/></net>

<net id="707"><net_src comp="541" pin="1"/><net_sink comp="703" pin=0"/></net>

<net id="708"><net_src comp="88" pin="0"/><net_sink comp="703" pin=1"/></net>

<net id="713"><net_src comp="697" pin="2"/><net_sink comp="709" pin=0"/></net>

<net id="714"><net_src comp="703" pin="2"/><net_sink comp="709" pin=1"/></net>

<net id="719"><net_src comp="688" pin="3"/><net_sink comp="715" pin=0"/></net>

<net id="720"><net_src comp="88" pin="0"/><net_sink comp="715" pin=1"/></net>

<net id="725"><net_src comp="541" pin="1"/><net_sink comp="721" pin=0"/></net>

<net id="726"><net_src comp="86" pin="0"/><net_sink comp="721" pin=1"/></net>

<net id="731"><net_src comp="715" pin="2"/><net_sink comp="727" pin=0"/></net>

<net id="732"><net_src comp="721" pin="2"/><net_sink comp="727" pin=1"/></net>

<net id="737"><net_src comp="688" pin="3"/><net_sink comp="733" pin=0"/></net>

<net id="738"><net_src comp="84" pin="0"/><net_sink comp="733" pin=1"/></net>

<net id="743"><net_src comp="541" pin="1"/><net_sink comp="739" pin=0"/></net>

<net id="744"><net_src comp="82" pin="0"/><net_sink comp="739" pin=1"/></net>

<net id="749"><net_src comp="733" pin="2"/><net_sink comp="745" pin=0"/></net>

<net id="750"><net_src comp="739" pin="2"/><net_sink comp="745" pin=1"/></net>

<net id="755"><net_src comp="688" pin="3"/><net_sink comp="751" pin=0"/></net>

<net id="756"><net_src comp="82" pin="0"/><net_sink comp="751" pin=1"/></net>

<net id="761"><net_src comp="541" pin="1"/><net_sink comp="757" pin=0"/></net>

<net id="762"><net_src comp="84" pin="0"/><net_sink comp="757" pin=1"/></net>

<net id="767"><net_src comp="751" pin="2"/><net_sink comp="763" pin=0"/></net>

<net id="768"><net_src comp="757" pin="2"/><net_sink comp="763" pin=1"/></net>

<net id="773"><net_src comp="688" pin="3"/><net_sink comp="769" pin=0"/></net>

<net id="774"><net_src comp="20" pin="0"/><net_sink comp="769" pin=1"/></net>

<net id="779"><net_src comp="550" pin="1"/><net_sink comp="775" pin=0"/></net>

<net id="780"><net_src comp="90" pin="0"/><net_sink comp="775" pin=1"/></net>

<net id="785"><net_src comp="775" pin="2"/><net_sink comp="781" pin=0"/></net>

<net id="786"><net_src comp="92" pin="0"/><net_sink comp="781" pin=1"/></net>

<net id="791"><net_src comp="104" pin="0"/><net_sink comp="787" pin=0"/></net>

<net id="792"><net_src comp="30" pin="0"/><net_sink comp="787" pin=1"/></net>

<net id="797"><net_src comp="82" pin="0"/><net_sink comp="793" pin=0"/></net>

<net id="798"><net_src comp="20" pin="0"/><net_sink comp="793" pin=1"/></net>

<net id="803"><net_src comp="106" pin="0"/><net_sink comp="799" pin=0"/></net>

<net id="804"><net_src comp="32" pin="0"/><net_sink comp="799" pin=1"/></net>

<net id="809"><net_src comp="106" pin="0"/><net_sink comp="805" pin=0"/></net>

<net id="810"><net_src comp="34" pin="0"/><net_sink comp="805" pin=1"/></net>

<net id="824"><net_src comp="811" pin="1"/><net_sink comp="820" pin=0"/></net>

<net id="825"><net_src comp="40" pin="0"/><net_sink comp="820" pin=1"/></net>

<net id="830"><net_src comp="817" pin="1"/><net_sink comp="826" pin=0"/></net>

<net id="831"><net_src comp="24" pin="0"/><net_sink comp="826" pin=1"/></net>

<net id="836"><net_src comp="814" pin="1"/><net_sink comp="832" pin=0"/></net>

<net id="837"><net_src comp="26" pin="0"/><net_sink comp="832" pin=1"/></net>

<net id="842"><net_src comp="300" pin="1"/><net_sink comp="838" pin=0"/></net>

<net id="843"><net_src comp="86" pin="0"/><net_sink comp="838" pin=1"/></net>

<net id="848"><net_src comp="247" pin="3"/><net_sink comp="844" pin=0"/></net>

<net id="849"><net_src comp="92" pin="0"/><net_sink comp="844" pin=1"/></net>

<net id="855"><net_src comp="838" pin="2"/><net_sink comp="850" pin=0"/></net>

<net id="856"><net_src comp="844" pin="2"/><net_sink comp="850" pin=1"/></net>

<net id="857"><net_src comp="247" pin="3"/><net_sink comp="850" pin=2"/></net>

<net id="862"><net_src comp="300" pin="1"/><net_sink comp="858" pin=0"/></net>

<net id="863"><net_src comp="88" pin="0"/><net_sink comp="858" pin=1"/></net>

<net id="868"><net_src comp="247" pin="3"/><net_sink comp="864" pin=0"/></net>

<net id="869"><net_src comp="90" pin="0"/><net_sink comp="864" pin=1"/></net>

<net id="875"><net_src comp="858" pin="2"/><net_sink comp="870" pin=0"/></net>

<net id="876"><net_src comp="864" pin="2"/><net_sink comp="870" pin=1"/></net>

<net id="877"><net_src comp="850" pin="3"/><net_sink comp="870" pin=2"/></net>

<net id="882"><net_src comp="300" pin="1"/><net_sink comp="878" pin=0"/></net>

<net id="883"><net_src comp="84" pin="0"/><net_sink comp="878" pin=1"/></net>

<net id="888"><net_src comp="241" pin="3"/><net_sink comp="884" pin=0"/></net>

<net id="889"><net_src comp="108" pin="0"/><net_sink comp="884" pin=1"/></net>

<net id="895"><net_src comp="878" pin="2"/><net_sink comp="890" pin=0"/></net>

<net id="896"><net_src comp="884" pin="2"/><net_sink comp="890" pin=1"/></net>

<net id="897"><net_src comp="241" pin="3"/><net_sink comp="890" pin=2"/></net>

<net id="902"><net_src comp="300" pin="1"/><net_sink comp="898" pin=0"/></net>

<net id="903"><net_src comp="82" pin="0"/><net_sink comp="898" pin=1"/></net>

<net id="908"><net_src comp="241" pin="3"/><net_sink comp="904" pin=0"/></net>

<net id="909"><net_src comp="110" pin="0"/><net_sink comp="904" pin=1"/></net>

<net id="915"><net_src comp="898" pin="2"/><net_sink comp="910" pin=0"/></net>

<net id="916"><net_src comp="904" pin="2"/><net_sink comp="910" pin=1"/></net>

<net id="917"><net_src comp="890" pin="3"/><net_sink comp="910" pin=2"/></net>

<net id="922"><net_src comp="910" pin="3"/><net_sink comp="918" pin=0"/></net>

<net id="923"><net_src comp="112" pin="0"/><net_sink comp="918" pin=1"/></net>

<net id="928"><net_src comp="870" pin="3"/><net_sink comp="924" pin=0"/></net>

<net id="929"><net_src comp="92" pin="0"/><net_sink comp="924" pin=1"/></net>

<net id="934"><net_src comp="918" pin="2"/><net_sink comp="930" pin=0"/></net>

<net id="935"><net_src comp="924" pin="2"/><net_sink comp="930" pin=1"/></net>

<net id="939"><net_src comp="30" pin="0"/><net_sink comp="936" pin=0"/></net>

<net id="943"><net_src comp="936" pin="1"/><net_sink comp="940" pin=0"/></net>

<net id="948"><net_src comp="940" pin="1"/><net_sink comp="944" pin=0"/></net>

<net id="949"><net_src comp="114" pin="0"/><net_sink comp="944" pin=1"/></net>

<net id="953"><net_src comp="944" pin="2"/><net_sink comp="950" pin=0"/></net>

<net id="954"><net_src comp="950" pin="1"/><net_sink comp="253" pin=2"/></net>

<net id="955"><net_src comp="950" pin="1"/><net_sink comp="261" pin=2"/></net>

<net id="959"><net_src comp="910" pin="3"/><net_sink comp="956" pin=0"/></net>

<net id="965"><net_src comp="118" pin="0"/><net_sink comp="960" pin=0"/></net>

<net id="966"><net_src comp="910" pin="3"/><net_sink comp="960" pin=1"/></net>

<net id="967"><net_src comp="120" pin="0"/><net_sink comp="960" pin=2"/></net>

<net id="972"><net_src comp="960" pin="3"/><net_sink comp="968" pin=0"/></net>

<net id="973"><net_src comp="956" pin="1"/><net_sink comp="968" pin=1"/></net>

<net id="977"><net_src comp="870" pin="3"/><net_sink comp="974" pin=0"/></net>

<net id="982"><net_src comp="968" pin="2"/><net_sink comp="978" pin=0"/></net>

<net id="983"><net_src comp="974" pin="1"/><net_sink comp="978" pin=1"/></net>

<net id="987"><net_src comp="978" pin="2"/><net_sink comp="984" pin=0"/></net>

<net id="988"><net_src comp="984" pin="1"/><net_sink comp="269" pin=2"/></net>

<net id="993"><net_src comp="66" pin="0"/><net_sink comp="989" pin=0"/></net>

<net id="994"><net_src comp="32" pin="0"/><net_sink comp="989" pin=1"/></net>

<net id="1007"><net_src comp="995" pin="2"/><net_sink comp="1003" pin=0"/></net>

<net id="1008"><net_src comp="999" pin="2"/><net_sink comp="1003" pin=1"/></net>

<net id="1013"><net_src comp="247" pin="3"/><net_sink comp="1009" pin=1"/></net>

<net id="1018"><net_src comp="241" pin="3"/><net_sink comp="1014" pin=1"/></net>

<net id="1023"><net_src comp="1009" pin="2"/><net_sink comp="1019" pin=0"/></net>

<net id="1024"><net_src comp="1014" pin="2"/><net_sink comp="1019" pin=1"/></net>

<net id="1029"><net_src comp="1003" pin="2"/><net_sink comp="1025" pin=0"/></net>

<net id="1030"><net_src comp="1019" pin="2"/><net_sink comp="1025" pin=1"/></net>

<net id="1035"><net_src comp="276" pin="3"/><net_sink comp="1031" pin=0"/></net>

<net id="1036"><net_src comp="1025" pin="2"/><net_sink comp="1031" pin=1"/></net>

<net id="1040"><net_src comp="241" pin="3"/><net_sink comp="1037" pin=0"/></net>

<net id="1046"><net_src comp="118" pin="0"/><net_sink comp="1041" pin=0"/></net>

<net id="1047"><net_src comp="241" pin="3"/><net_sink comp="1041" pin=1"/></net>

<net id="1048"><net_src comp="120" pin="0"/><net_sink comp="1041" pin=2"/></net>

<net id="1053"><net_src comp="1041" pin="3"/><net_sink comp="1049" pin=0"/></net>

<net id="1054"><net_src comp="1037" pin="1"/><net_sink comp="1049" pin=1"/></net>

<net id="1058"><net_src comp="247" pin="3"/><net_sink comp="1055" pin=0"/></net>

<net id="1063"><net_src comp="1049" pin="2"/><net_sink comp="1059" pin=0"/></net>

<net id="1064"><net_src comp="1055" pin="1"/><net_sink comp="1059" pin=1"/></net>

<net id="1068"><net_src comp="1059" pin="2"/><net_sink comp="1065" pin=0"/></net>

<net id="1069"><net_src comp="1065" pin="1"/><net_sink comp="282" pin=2"/></net>

<net id="1074"><net_src comp="122" pin="0"/><net_sink comp="1070" pin=1"/></net>

<net id="1079"><net_src comp="66" pin="0"/><net_sink comp="1075" pin=0"/></net>

<net id="1080"><net_src comp="32" pin="0"/><net_sink comp="1075" pin=1"/></net>

<net id="1084"><net_src comp="321" pin="4"/><net_sink comp="1081" pin=0"/></net>

<net id="1089"><net_src comp="1081" pin="1"/><net_sink comp="1085" pin=0"/></net>

<net id="1090"><net_src comp="30" pin="0"/><net_sink comp="1085" pin=1"/></net>

<net id="1094"><net_src comp="40" pin="0"/><net_sink comp="1091" pin=0"/></net>

<net id="1095"><net_src comp="1091" pin="1"/><net_sink comp="531" pin=1"/></net>

<net id="1109"><net_src comp="1096" pin="1"/><net_sink comp="1105" pin=0"/></net>

<net id="1110"><net_src comp="40" pin="0"/><net_sink comp="1105" pin=1"/></net>

<net id="1115"><net_src comp="1102" pin="1"/><net_sink comp="1111" pin=0"/></net>

<net id="1116"><net_src comp="24" pin="0"/><net_sink comp="1111" pin=1"/></net>

<net id="1121"><net_src comp="1099" pin="1"/><net_sink comp="1117" pin=0"/></net>

<net id="1122"><net_src comp="26" pin="0"/><net_sink comp="1117" pin=1"/></net>

<net id="1129"><net_src comp="128" pin="0"/><net_sink comp="1123" pin=0"/></net>

<net id="1130"><net_src comp="130" pin="0"/><net_sink comp="1123" pin=2"/></net>

<net id="1131"><net_src comp="132" pin="0"/><net_sink comp="1123" pin=3"/></net>

<net id="1138"><net_src comp="134" pin="0"/><net_sink comp="1132" pin=0"/></net>

<net id="1139"><net_src comp="130" pin="0"/><net_sink comp="1132" pin=2"/></net>

<net id="1140"><net_src comp="136" pin="0"/><net_sink comp="1132" pin=3"/></net>

<net id="1145"><net_src comp="138" pin="0"/><net_sink comp="1141" pin=1"/></net>

<net id="1150"><net_src comp="140" pin="0"/><net_sink comp="1146" pin=1"/></net>

<net id="1155"><net_src comp="1141" pin="2"/><net_sink comp="1151" pin=0"/></net>

<net id="1156"><net_src comp="1146" pin="2"/><net_sink comp="1151" pin=1"/></net>

<net id="1160"><net_src comp="1123" pin="4"/><net_sink comp="1157" pin=0"/></net>

<net id="1166"><net_src comp="118" pin="0"/><net_sink comp="1161" pin=0"/></net>

<net id="1167"><net_src comp="1123" pin="4"/><net_sink comp="1161" pin=1"/></net>

<net id="1168"><net_src comp="120" pin="0"/><net_sink comp="1161" pin=2"/></net>

<net id="1173"><net_src comp="1161" pin="3"/><net_sink comp="1169" pin=0"/></net>

<net id="1174"><net_src comp="1157" pin="1"/><net_sink comp="1169" pin=1"/></net>

<net id="1178"><net_src comp="1132" pin="4"/><net_sink comp="1175" pin=0"/></net>

<net id="1183"><net_src comp="1169" pin="2"/><net_sink comp="1179" pin=0"/></net>

<net id="1184"><net_src comp="1175" pin="1"/><net_sink comp="1179" pin=1"/></net>

<net id="1188"><net_src comp="1179" pin="2"/><net_sink comp="1185" pin=0"/></net>

<net id="1189"><net_src comp="1185" pin="1"/><net_sink comp="292" pin=2"/></net>

<net id="1194"><net_src comp="276" pin="3"/><net_sink comp="1190" pin=1"/></net>

<net id="1199"><net_src comp="380" pin="12"/><net_sink comp="1195" pin=1"/></net>

<net id="1204"><net_src comp="1190" pin="2"/><net_sink comp="1200" pin=0"/></net>

<net id="1205"><net_src comp="415" pin="12"/><net_sink comp="1200" pin=1"/></net>

<net id="1210"><net_src comp="397" pin="12"/><net_sink comp="1206" pin=1"/></net>

<net id="1215"><net_src comp="1195" pin="2"/><net_sink comp="1211" pin=0"/></net>

<net id="1216"><net_src comp="1206" pin="2"/><net_sink comp="1211" pin=1"/></net>

<net id="1221"><net_src comp="1211" pin="2"/><net_sink comp="1217" pin=0"/></net>

<net id="1227"><net_src comp="1200" pin="2"/><net_sink comp="1222" pin=0"/></net>

<net id="1228"><net_src comp="415" pin="12"/><net_sink comp="1222" pin=1"/></net>

<net id="1229"><net_src comp="1217" pin="2"/><net_sink comp="1222" pin=2"/></net>

<net id="1230"><net_src comp="1222" pin="3"/><net_sink comp="459" pin=0"/></net>

<net id="1235"><net_src comp="1200" pin="2"/><net_sink comp="1231" pin=0"/></net>

<net id="1236"><net_src comp="415" pin="12"/><net_sink comp="1231" pin=1"/></net>

<net id="1237"><net_src comp="1231" pin="2"/><net_sink comp="470" pin=0"/></net>

<net id="1242"><net_src comp="1200" pin="2"/><net_sink comp="1238" pin=0"/></net>

<net id="1243"><net_src comp="1217" pin="2"/><net_sink comp="1238" pin=1"/></net>

<net id="1249"><net_src comp="1238" pin="2"/><net_sink comp="1244" pin=0"/></net>

<net id="1250"><net_src comp="144" pin="0"/><net_sink comp="1244" pin=1"/></net>

<net id="1251"><net_src comp="146" pin="0"/><net_sink comp="1244" pin=2"/></net>

<net id="1252"><net_src comp="1244" pin="3"/><net_sink comp="481" pin=0"/></net>

<net id="1256"><net_src comp="481" pin="4"/><net_sink comp="1253" pin=0"/></net>

<net id="1257"><net_src comp="1253" pin="1"/><net_sink comp="234" pin=2"/></net>

<net id="1263"><net_src comp="470" pin="4"/><net_sink comp="1258" pin=0"/></net>

<net id="1264"><net_src comp="148" pin="0"/><net_sink comp="1258" pin=1"/></net>

<net id="1265"><net_src comp="150" pin="0"/><net_sink comp="1258" pin=2"/></net>

<net id="1266"><net_src comp="1258" pin="3"/><net_sink comp="227" pin=2"/></net>

<net id="1272"><net_src comp="459" pin="4"/><net_sink comp="1267" pin=0"/></net>

<net id="1273"><net_src comp="148" pin="0"/><net_sink comp="1267" pin=1"/></net>

<net id="1274"><net_src comp="150" pin="0"/><net_sink comp="1267" pin=2"/></net>

<net id="1275"><net_src comp="1267" pin="3"/><net_sink comp="220" pin=2"/></net>

<net id="1280"><net_src comp="447" pin="4"/><net_sink comp="1276" pin=0"/></net>

<net id="1281"><net_src comp="22" pin="0"/><net_sink comp="1276" pin=1"/></net>

<net id="1285"><net_src comp="178" pin="2"/><net_sink comp="1282" pin=0"/></net>

<net id="1289"><net_src comp="190" pin="2"/><net_sink comp="1286" pin=0"/></net>

<net id="1290"><net_src comp="1286" pin="1"/><net_sink comp="1132" pin=1"/></net>

<net id="1291"><net_src comp="1286" pin="1"/><net_sink comp="1146" pin=0"/></net>

<net id="1295"><net_src comp="196" pin="2"/><net_sink comp="1292" pin=0"/></net>

<net id="1296"><net_src comp="1292" pin="1"/><net_sink comp="1123" pin=1"/></net>

<net id="1297"><net_src comp="1292" pin="1"/><net_sink comp="1141" pin=0"/></net>

<net id="1304"><net_src comp="154" pin="1"/><net_sink comp="1301" pin=0"/></net>

<net id="1305"><net_src comp="1301" pin="1"/><net_sink comp="531" pin=4"/></net>

<net id="1306"><net_src comp="1301" pin="1"/><net_sink comp="1102" pin=0"/></net>

<net id="1310"><net_src comp="158" pin="1"/><net_sink comp="1307" pin=0"/></net>

<net id="1311"><net_src comp="1307" pin="1"/><net_sink comp="531" pin=3"/></net>

<net id="1312"><net_src comp="1307" pin="1"/><net_sink comp="1099" pin=0"/></net>

<net id="1316"><net_src comp="162" pin="1"/><net_sink comp="1313" pin=0"/></net>

<net id="1317"><net_src comp="1313" pin="1"/><net_sink comp="531" pin=2"/></net>

<net id="1318"><net_src comp="1313" pin="1"/><net_sink comp="1096" pin=0"/></net>

<net id="1322"><net_src comp="166" pin="1"/><net_sink comp="1319" pin=0"/></net>

<net id="1323"><net_src comp="1319" pin="1"/><net_sink comp="512" pin=3"/></net>

<net id="1324"><net_src comp="1319" pin="1"/><net_sink comp="817" pin=0"/></net>

<net id="1328"><net_src comp="170" pin="1"/><net_sink comp="1325" pin=0"/></net>

<net id="1329"><net_src comp="1325" pin="1"/><net_sink comp="512" pin=2"/></net>

<net id="1330"><net_src comp="1325" pin="1"/><net_sink comp="814" pin=0"/></net>

<net id="1334"><net_src comp="174" pin="1"/><net_sink comp="1331" pin=0"/></net>

<net id="1335"><net_src comp="1331" pin="1"/><net_sink comp="512" pin=1"/></net>

<net id="1336"><net_src comp="1331" pin="1"/><net_sink comp="811" pin=0"/></net>

<net id="1340"><net_src comp="554" pin="1"/><net_sink comp="1337" pin=0"/></net>

<net id="1341"><net_src comp="1337" pin="1"/><net_sink comp="995" pin=1"/></net>

<net id="1342"><net_src comp="1337" pin="1"/><net_sink comp="380" pin=0"/></net>

<net id="1343"><net_src comp="1337" pin="1"/><net_sink comp="380" pin=2"/></net>

<net id="1344"><net_src comp="1337" pin="1"/><net_sink comp="380" pin=4"/></net>

<net id="1345"><net_src comp="1337" pin="1"/><net_sink comp="380" pin=6"/></net>

<net id="1346"><net_src comp="1337" pin="1"/><net_sink comp="380" pin=10"/></net>

<net id="1350"><net_src comp="558" pin="1"/><net_sink comp="1347" pin=0"/></net>

<net id="1351"><net_src comp="1347" pin="1"/><net_sink comp="999" pin=1"/></net>

<net id="1352"><net_src comp="1347" pin="1"/><net_sink comp="397" pin=0"/></net>

<net id="1353"><net_src comp="1347" pin="1"/><net_sink comp="397" pin=2"/></net>

<net id="1354"><net_src comp="1347" pin="1"/><net_sink comp="397" pin=4"/></net>

<net id="1355"><net_src comp="1347" pin="1"/><net_sink comp="397" pin=6"/></net>

<net id="1356"><net_src comp="1347" pin="1"/><net_sink comp="397" pin=10"/></net>

<net id="1360"><net_src comp="572" pin="1"/><net_sink comp="1357" pin=0"/></net>

<net id="1361"><net_src comp="1357" pin="1"/><net_sink comp="415" pin=4"/></net>

<net id="1362"><net_src comp="1357" pin="1"/><net_sink comp="415" pin=6"/></net>

<net id="1363"><net_src comp="1357" pin="1"/><net_sink comp="415" pin=8"/></net>

<net id="1364"><net_src comp="1357" pin="1"/><net_sink comp="415" pin=10"/></net>

<net id="1368"><net_src comp="588" pin="2"/><net_sink comp="1365" pin=0"/></net>

<net id="1384"><net_src comp="775" pin="2"/><net_sink comp="1381" pin=0"/></net>

<net id="1385"><net_src comp="1381" pin="1"/><net_sink comp="358" pin=4"/></net>

<net id="1389"><net_src comp="781" pin="2"/><net_sink comp="1386" pin=0"/></net>

<net id="1393"><net_src comp="870" pin="3"/><net_sink comp="1390" pin=0"/></net>

<net id="1394"><net_src comp="1390" pin="1"/><net_sink comp="999" pin=0"/></net>

<net id="1395"><net_src comp="1390" pin="1"/><net_sink comp="1009" pin=0"/></net>

<net id="1396"><net_src comp="1390" pin="1"/><net_sink comp="247" pin=1"/></net>

<net id="1400"><net_src comp="910" pin="3"/><net_sink comp="1397" pin=0"/></net>

<net id="1401"><net_src comp="1397" pin="1"/><net_sink comp="995" pin=0"/></net>

<net id="1402"><net_src comp="1397" pin="1"/><net_sink comp="1014" pin=0"/></net>

<net id="1403"><net_src comp="1397" pin="1"/><net_sink comp="241" pin=1"/></net>

<net id="1407"><net_src comp="930" pin="2"/><net_sink comp="1404" pin=0"/></net>

<net id="1411"><net_src comp="940" pin="1"/><net_sink comp="1408" pin=0"/></net>

<net id="1412"><net_src comp="1408" pin="1"/><net_sink comp="1070" pin=0"/></net>

<net id="1413"><net_src comp="1408" pin="1"/><net_sink comp="321" pin=2"/></net>

<net id="1417"><net_src comp="253" pin="3"/><net_sink comp="1414" pin=0"/></net>

<net id="1418"><net_src comp="1414" pin="1"/><net_sink comp="241" pin=0"/></net>

<net id="1422"><net_src comp="261" pin="3"/><net_sink comp="1419" pin=0"/></net>

<net id="1423"><net_src comp="1419" pin="1"/><net_sink comp="247" pin=0"/></net>

<net id="1427"><net_src comp="269" pin="3"/><net_sink comp="1424" pin=0"/></net>

<net id="1428"><net_src comp="1424" pin="1"/><net_sink comp="276" pin=0"/></net>

<net id="1432"><net_src comp="1003" pin="2"/><net_sink comp="1429" pin=0"/></net>

<net id="1436"><net_src comp="1031" pin="2"/><net_sink comp="1433" pin=0"/></net>

<net id="1440"><net_src comp="1070" pin="2"/><net_sink comp="1437" pin=0"/></net>

<net id="1441"><net_src comp="1437" pin="1"/><net_sink comp="321" pin=0"/></net>

<net id="1454"><net_src comp="1123" pin="4"/><net_sink comp="1451" pin=0"/></net>

<net id="1455"><net_src comp="1451" pin="1"/><net_sink comp="1195" pin=0"/></net>

<net id="1459"><net_src comp="1132" pin="4"/><net_sink comp="1456" pin=0"/></net>

<net id="1460"><net_src comp="1456" pin="1"/><net_sink comp="1206" pin=0"/></net>

<net id="1464"><net_src comp="1151" pin="2"/><net_sink comp="1461" pin=0"/></net>

<net id="1465"><net_src comp="1461" pin="1"/><net_sink comp="1190" pin=0"/></net>

<net id="1466"><net_src comp="1461" pin="1"/><net_sink comp="1217" pin=1"/></net>

<net id="1470"><net_src comp="292" pin="3"/><net_sink comp="1467" pin=0"/></net>

<net id="1471"><net_src comp="1467" pin="1"/><net_sink comp="276" pin=0"/></net>

</net_list>

</model> 
---------------- Datapath Model END ------------------

* FSMD analyzer results:
  - Output states:
	Port: R_out | {15 }
	Port: G_out | {15 }
	Port: B_out | {15 }
	Port: st_direction | {1 7 }
	Port: st_frame_count | {15 }
	Port: st_food_col | {7 14 }
	Port: st_food_row | {7 14 }
	Port: grid | {1 2 3 4 9 10 }
	Port: st_length | {7 10 }
	Port: st_game_over | {7 8 9 }
	Port: vsync_prev | {1 7 }
	Port: st_body_col | {3 4 5 6 10 11 12 }
	Port: st_body_row | {3 4 5 6 10 11 12 }
	Port: lfsr | {7 14 }
 - Input state : 
	Port: snake_top : hand_x | {1 }
	Port: snake_top : hand_y | {1 }
	Port: snake_top : detected | {1 }
	Port: snake_top : vga_x | {1 }
	Port: snake_top : vga_y | {1 }
	Port: snake_top : vsync | {1 }
	Port: snake_top : rst_n | {1 }
	Port: snake_top : st_direction | {1 }
	Port: snake_top : st_frame_count | {1 }
	Port: snake_top : st_food_col | {1 }
	Port: snake_top : st_food_row | {1 }
	Port: snake_top : grid | {5 6 8 9 12 13 14 15 }
	Port: snake_top : st_length | {8 }
	Port: snake_top : st_game_over | {1 }
	Port: snake_top : vsync_prev | {1 }
	Port: snake_top : st_body_col | {1 8 9 10 11 }
	Port: snake_top : st_body_row | {1 8 9 10 11 }
	Port: snake_top : lfsr | {12 }
  - Chain level:
	State 1
		or_ln112 : 1
		xor_ln112 : 1
		and_ln112 : 1
		br_ln112 : 1
		dx : 1
		dy : 1
		tmp : 2
		abs_dx : 1
		abs_dx_1 : 3
		tmp_11 : 2
		abs_dy : 1
		abs_dy_1 : 3
		icmp_ln129 : 4
		icmp_ln130 : 2
		new_dir : 3
		new_dir_1 : 2
		zext_ln132 : 3
		new_dir_2 : 5
		icmp_ln136 : 6
		icmp_ln136_1 : 1
		and_ln136 : 7
		br_ln136 : 7
		icmp_ln137 : 6
		icmp_ln137_1 : 1
		and_ln137 : 7
		br_ln137 : 7
		icmp_ln138 : 6
		icmp_ln138_1 : 1
		and_ln138 : 7
		br_ln138 : 7
		icmp_ln139 : 6
		icmp_ln139_1 : 1
		reversal : 7
		br_ln141 : 7
		store_ln142 : 6
		st_direction_loc_1 : 8
		add_ln148 : 1
		icmp_ln150 : 2
		br_ln150 : 3
	State 2
	State 3
	State 4
	State 5
	State 6
	State 7
		store_ln28 : 1
		store_ln100 : 1
		store_ln100 : 1
	State 8
		new_head_row_1 : 1
		new_head_row_2 : 2
		new_head_row_3 : 1
		new_head_row_4 : 3
		new_head_col_1 : 1
		new_head_col_2 : 2
		new_head_col_3 : 1
		new_head_col_4 : 3
		icmp_ln171 : 4
		icmp_ln172 : 4
		wall_hit : 5
		br_ln174 : 5
		zext_ln188 : 1
		add_ln188 : 2
		sext_ln188 : 3
		st_body_col_addr : 4
		st_body_col_load : 5
		st_body_row_addr : 4
		st_body_row_load : 5
		zext_ln191 : 4
		p_shl1 : 4
		sub_ln191 : 5
		zext_ln191_1 : 4
		add_ln191 : 6
		zext_ln191_2 : 7
		grid_addr : 8
		grid_load : 9
	State 9
		will_eat : 1
		icmp_ln189 : 1
		not_icmp_ln188 : 1
		empty : 2
		or_ln192 : 2
		self_hit : 2
		br_ln194 : 2
		br_ln198 : 1
		zext_ln199 : 1
		p_shl2 : 1
		sub_ln199 : 2
		zext_ln199_1 : 1
		add_ln199 : 3
		zext_ln199_2 : 4
		grid_addr_1 : 5
		store_ln200 : 6
	State 10
		call_ln204 : 1
		trunc_ln213 : 1
		store_ln213 : 2
	State 11
	State 12
		call_ln28 : 1
	State 13
	State 14
		store_ln28 : 1
		store_ln220 : 1
		store_ln220 : 1
		in_grid : 1
		zext_ln238 : 1
		p_shl : 1
		sub_ln238 : 2
		zext_ln238_1 : 1
		add_ln238 : 3
		zext_ln238_2 : 4
		grid_addr_2 : 5
		grid_load_1 : 6
	State 15
		is_snake : 1
		icmp_ln240 : 1
		or_ln243 : 1
		icmp_ln241 : 1
		and_ln239 : 2
		and_ln239_1 : 2
		select_ln243 : 2
		xor_ln243 : 1
		or_ln243_1 : 2
		select_ln243_1 : 2
		st_frame_count_flag_1 : 1
		st_frame_count_new_1 : 1
		storemerge2 : 3
		storemerge : 1
		storemerge1 : 3
		storemerge1_cast : 4
		storemerge_cast : 2
		storemerge2_cast : 4
		write_ln243 : 5
		write_ln243 : 3
		write_ln243 : 5
		br_ln0 : 2
		store_ln81 : 2


============================================================
+ Verbose Summary: Datapath Resource usage 
============================================================

* Functional unit list:
|----------|---------------------------------------------------------------|---------|---------|---------|
| Operation|                        Functional Unit                        |  Delay  |    FF   |   LUT   |
|----------|---------------------------------------------------------------|---------|---------|---------|
|          | grp_snake_top_Pipeline_VITIS_LOOP_73_1_VITIS_LOOP_74_2_fu_488 |    0    |    18   |    94   |
|          |         grp_snake_top_Pipeline_VITIS_LOOP_85_3_fu_494         |    0    |    2    |    49   |
|   call   |         grp_snake_top_Pipeline_VITIS_LOOP_94_4_fu_504         |    0    |    9    |    28   |
|          |         grp_snake_top_Pipeline_VITIS_LOOP_27_1_fu_512         |  1.588  |    64   |   103   |
|          |         grp_snake_top_Pipeline_VITIS_LOOP_207_5_fu_521        |  3.176  |    37   |    60   |
|          |         grp_snake_top_Pipeline_VITIS_LOOP_27_11_fu_531        |  1.588  |    64   |   103   |
|----------|---------------------------------------------------------------|---------|---------|---------|
|          |                       icmp_ln129_fu_658                       |    0    |    0    |    12   |
|          |                       icmp_ln130_fu_664                       |    0    |    0    |    12   |
|          |                        new_dir_1_fu_678                       |    0    |    0    |    12   |
|          |                       icmp_ln136_fu_697                       |    0    |    0    |    10   |
|          |                      icmp_ln136_1_fu_703                      |    0    |    0    |    10   |
|          |                       icmp_ln137_fu_715                       |    0    |    0    |    10   |
|          |                      icmp_ln137_1_fu_721                      |    0    |    0    |    10   |
|          |                       icmp_ln138_fu_733                       |    0    |    0    |    10   |
|          |                      icmp_ln138_1_fu_739                      |    0    |    0    |    10   |
|          |                       icmp_ln139_fu_751                       |    0    |    0    |    10   |
|          |                      icmp_ln139_1_fu_757                      |    0    |    0    |    10   |
|          |                       icmp_ln150_fu_781                       |    0    |    0    |    13   |
|   icmp   |                       icmp_ln158_fu_838                       |    0    |    0    |    10   |
|          |                       icmp_ln160_fu_858                       |    0    |    0    |    10   |
|          |                       icmp_ln162_fu_878                       |    0    |    0    |    10   |
|          |                       icmp_ln164_fu_898                       |    0    |    0    |    10   |
|          |                       icmp_ln171_fu_918                       |    0    |    0    |    13   |
|          |                       icmp_ln172_fu_924                       |    0    |    0    |    13   |
|          |                       icmp_ln180_fu_995                       |    0    |    0    |    13   |
|          |                       icmp_ln181_fu_999                       |    0    |    0    |    13   |
|          |                       icmp_ln189_fu_1009                      |    0    |    0    |    13   |
|          |                     not_icmp_ln188_fu_1014                    |    0    |    0    |    13   |
|          |                       icmp_ln235_fu_1141                      |    0    |    0    |    13   |
|          |                       icmp_ln236_fu_1146                      |    0    |    0    |    13   |
|          |                       icmp_ln240_fu_1195                      |    0    |    0    |    13   |
|          |                       icmp_ln241_fu_1206                      |    0    |    0    |    13   |
|----------|---------------------------------------------------------------|---------|---------|---------|
|          |                           dx_fu_598                           |    0    |    0    |    13   |
|          |                           dy_fu_608                           |    0    |    0    |    13   |
|          |                        add_ln148_fu_775                       |    0    |    0    |    13   |
|          |                     new_head_row_1_fu_844                     |    0    |    0    |    13   |
|          |                     new_head_row_3_fu_864                     |    0    |    0    |    13   |
|    add   |                     new_head_col_1_fu_884                     |    0    |    0    |    13   |
|          |                     new_head_col_3_fu_904                     |    0    |    0    |    13   |
|          |                        add_ln188_fu_944                       |    0    |    0    |    15   |
|          |                        add_ln191_fu_978                       |    0    |    0    |    9    |
|          |                       add_ln199_fu_1059                       |    0    |    0    |    9    |
|          |                        new_len_fu_1070                        |    0    |    0    |    15   |
|          |                       add_ln238_fu_1179                       |    0    |    0    |    9    |
|----------|---------------------------------------------------------------|---------|---------|---------|
|          |                        abs_dx_1_fu_628                        |    0    |    0    |    11   |
|          |                        abs_dy_1_fu_650                        |    0    |    0    |    11   |
|          |                         new_dir_fu_670                        |    0    |    0    |    2    |
|          |                        new_dir_2_fu_688                       |    0    |    0    |    2    |
|          |                     new_head_row_2_fu_850                     |    0    |    0    |    4    |
|  select  |                     new_head_row_4_fu_870                     |    0    |    0    |    4    |
|          |                     new_head_col_2_fu_890                     |    0    |    0    |    5    |
|          |                     new_head_col_4_fu_910                     |    0    |    0    |    5    |
|          |                      select_ln243_fu_1222                     |    0    |    0    |    2    |
|          |                     select_ln243_1_fu_1244                    |    0    |    0    |    8    |
|          |                    storemerge_cast_fu_1258                    |    0    |    0    |    10   |
|          |                    storemerge2_cast_fu_1267                   |    0    |    0    |    10   |
|----------|---------------------------------------------------------------|---------|---------|---------|
|          |                         abs_dx_fu_622                         |    0    |    0    |    13   |
|          |                         abs_dy_fu_644                         |    0    |    0    |    13   |
|    sub   |                        sub_ln191_fu_968                       |    0    |    0    |    9    |
|          |                       sub_ln199_fu_1049                       |    0    |    0    |    9    |
|          |                       sub_ln238_fu_1169                       |    0    |    0    |    9    |
|----------|---------------------------------------------------------------|---------|---------|---------|
|          |                        and_ln112_fu_588                       |    0    |    0    |    2    |
|          |                        and_ln136_fu_709                       |    0    |    0    |    2    |
|          |                        and_ln137_fu_727                       |    0    |    0    |    2    |
|          |                        and_ln138_fu_745                       |    0    |    0    |    2    |
|          |                        reversal_fu_763                        |    0    |    0    |    2    |
|    and   |                        will_eat_fu_1003                       |    0    |    0    |    2    |
|          |                        self_hit_fu_1031                       |    0    |    0    |    2    |
|          |                        in_grid_fu_1151                        |    0    |    0    |    2    |
|          |                        is_snake_fu_1190                       |    0    |    0    |    2    |
|          |                       and_ln239_fu_1211                       |    0    |    0    |    2    |
|          |                      and_ln239_1_fu_1217                      |    0    |    0    |    2    |
|----------|---------------------------------------------------------------|---------|---------|---------|
|          |                        or_ln112_fu_576                        |    0    |    0    |    2    |
|          |                        wall_hit_fu_930                        |    0    |    0    |    2    |
|    or    |                         empty_fu_1019                         |    0    |    0    |    2    |
|          |                        or_ln192_fu_1025                       |    0    |    0    |    2    |
|          |                        or_ln243_fu_1200                       |    0    |    0    |    2    |
|          |                       or_ln243_1_fu_1238                      |    0    |    0    |    2    |
|----------|---------------------------------------------------------------|---------|---------|---------|
|    xor   |                        xor_ln112_fu_582                       |    0    |    0    |    2    |
|          |                       xor_ln243_fu_1231                       |    0    |    0    |    2    |
|----------|---------------------------------------------------------------|---------|---------|---------|
|          |                     rst_n_read_read_fu_178                    |    0    |    0    |    0    |
|          |                     vsync_read_read_fu_184                    |    0    |    0    |    0    |
|          |                     vga_y_read_read_fu_190                    |    0    |    0    |    0    |
|   read   |                     vga_x_read_read_fu_196                    |    0    |    0    |    0    |
|          |                   detected_read_read_fu_202                   |    0    |    0    |    0    |
|          |                    hand_y_read_read_fu_208                    |    0    |    0    |    0    |
|          |                    hand_x_read_read_fu_214                    |    0    |    0    |    0    |
|----------|---------------------------------------------------------------|---------|---------|---------|
|          |                    write_ln243_write_fu_220                   |    0    |    0    |    0    |
|   write  |                    write_ln243_write_fu_227                   |    0    |    0    |    0    |
|          |                    write_ln243_write_fu_234                   |    0    |    0    |    0    |
|----------|---------------------------------------------------------------|---------|---------|---------|
|          |                       zext_ln121_fu_594                       |    0    |    0    |    0    |
|          |                       zext_ln122_fu_604                       |    0    |    0    |    0    |
|          |                       zext_ln132_fu_684                       |    0    |    0    |    0    |
|          |                       zext_ln188_fu_940                       |    0    |    0    |    0    |
|          |                       zext_ln191_fu_956                       |    0    |    0    |    0    |
|          |                      zext_ln191_1_fu_974                      |    0    |    0    |    0    |
|   zext   |                      zext_ln191_2_fu_984                      |    0    |    0    |    0    |
|          |                       zext_ln199_fu_1037                      |    0    |    0    |    0    |
|          |                      zext_ln199_1_fu_1055                     |    0    |    0    |    0    |
|          |                      zext_ln199_2_fu_1065                     |    0    |    0    |    0    |
|          |                       zext_ln238_fu_1157                      |    0    |    0    |    0    |
|          |                      zext_ln238_1_fu_1175                     |    0    |    0    |    0    |
|          |                      zext_ln238_2_fu_1185                     |    0    |    0    |    0    |
|          |                    storemerge1_cast_fu_1253                   |    0    |    0    |    0    |
|----------|---------------------------------------------------------------|---------|---------|---------|
| bitselect|                           tmp_fu_614                          |    0    |    0    |    0    |
|          |                         tmp_11_fu_636                         |    0    |    0    |    0    |
|----------|---------------------------------------------------------------|---------|---------|---------|
|   sext   |                       sext_ln188_fu_950                       |    0    |    0    |    0    |
|----------|---------------------------------------------------------------|---------|---------|---------|
|          |                         p_shl1_fu_960                         |    0    |    0    |    0    |
|bitconcatenate|                         p_shl2_fu_1041                        |    0    |    0    |    0    |
|          |                         p_shl_fu_1161                         |    0    |    0    |    0    |
|----------|---------------------------------------------------------------|---------|---------|---------|
|   trunc  |                      trunc_ln213_fu_1081                      |    0    |    0    |    0    |
|----------|---------------------------------------------------------------|---------|---------|---------|
|partselect|                        cell_col_fu_1123                       |    0    |    0    |    0    |
|          |                        cell_row_fu_1132                       |    0    |    0    |    0    |
|----------|---------------------------------------------------------------|---------|---------|---------|
|   Total  |                                                               |  6.352  |   194   |   1049  |
|----------|---------------------------------------------------------------|---------|---------|---------|

Memories:
+-----------+--------+--------+--------+--------+
|           |  BRAM  |   FF   |   LUT  |  URAM  |
+-----------+--------+--------+--------+--------+
|    grid   |    0   |    1   |    5   |    0   |
|st_body_col|    1   |    0   |    0   |    0   |
|st_body_row|    1   |    0   |    0   |    0   |
+-----------+--------+--------+--------+--------+
|   Total   |    2   |    1   |    5   |    0   |
+-----------+--------+--------+--------+--------+

* Register list:
+-----------------------------+--------+
|                             |   FF   |
+-----------------------------+--------+
|      add_ln148_reg_1381     |    4   |
|      and_ln112_reg_1365     |    1   |
|       c_6_loc_reg_1319      |    5   |
|       c_7_loc_reg_1301      |    5   |
|      cell_col_reg_1451      |    5   |
|      cell_row_reg_1456      |    4   |
|       empty_13_reg_411      |    1   |
|     grid_addr_2_reg_1467    |    9   |
|      grid_addr_reg_1424     |    9   |
|     icmp_ln150_reg_1386     |    1   |
|       in_grid_reg_1461      |    1   |
|   new_head_col_4_reg_1397   |    5   |
|   new_head_row_4_reg_1390   |    4   |
|      new_len_2_reg_318      |    9   |
|       new_len_reg_1437      |    9   |
|    or_ln14_1_loc_reg_1313   |   16   |
|      or_ln_loc_reg_1331     |   16   |
|       r_5_loc_reg_1325      |    4   |
|       r_6_loc_reg_1307      |    4   |
|     rst_n_read_reg_1282     |    1   |
|      self_hit_reg_1433      |    1   |
|  st_body_col_addr_reg_1414  |    9   |
|  st_body_row_addr_reg_1419  |    9   |
|  st_direction_loc_1_reg_300 |    2   |
|  st_food_col_load_reg_1337  |    5   |
|  st_food_col_loc_1_reg_377  |    5   |
|  st_food_row_load_reg_1347  |    4   |
|  st_food_row_loc_1_reg_394  |    4   |
|st_frame_count_flag_0_reg_328|    1   |
|st_frame_count_flag_1_reg_431|    1   |
| st_frame_count_new_0_reg_353|    4   |
| st_frame_count_new_1_reg_443|    4   |
|  st_game_over_load_reg_1357 |    1   |
|     storemerge1_reg_477     |    8   |
|     storemerge2_reg_455     |    1   |
|      storemerge_reg_466     |    1   |
|     vga_x_read_reg_1292     |   10   |
|     vga_y_read_reg_1286     |   10   |
|      wall_hit_reg_1404      |    1   |
|      will_eat_reg_1429      |    1   |
|     zext_ln188_reg_1408     |    9   |
+-----------------------------+--------+
|            Total            |   204  |
+-----------------------------+--------+

* Multiplexer (MUX) list: 
|-------------------------------|------|------|------|--------||---------||---------||---------|
|              Comp             |  Pin | Size |  BW  | S x BW ||  Delay  ||    FF   ||   LUT   |
|-------------------------------|------|------|------|--------||---------||---------||---------|
|       grp_access_fu_241       |  p0  |   3  |   5  |   15   ||    0    ||    14   |
|       grp_access_fu_247       |  p0  |   3  |   4  |   12   ||    0    ||    14   |
|       grp_access_fu_276       |  p0  |   5  |   9  |   45   ||    0    ||    25   |
|       grp_access_fu_276       |  p1  |   2  |   1  |    2   |
| st_frame_count_flag_0_reg_328 |  p0  |   2  |   1  |    2   |
|  st_frame_count_new_0_reg_353 |  p0  |   2  |   4  |    8   |
|-------------------------------|------|------|------|--------||---------||---------||---------|
|             Total             |      |      |      |   84   || 10.1245 ||    0    ||    53   |
|-------------------------------|------|------|------|--------||---------||---------||---------|



* Summary:
+-----------+--------+--------+--------+--------+--------+
|           |  BRAM  |  Delay |   FF   |   LUT  |  URAM  |
+-----------+--------+--------+--------+--------+--------+
|  Function |    -   |    6   |   194  |  1049  |    -   |
|   Memory  |    2   |    -   |    1   |    5   |    0   |
|Multiplexer|    -   |   10   |    0   |   53   |    -   |
|  Register |    -   |    -   |   204  |    -   |    -   |
+-----------+--------+--------+--------+--------+--------+
|   Total   |    2   |   16   |   399  |  1107  |    0   |
+-----------+--------+--------+--------+--------+--------+
